customer_id,signup_date,region,acquisition_channel,age,newsletter_opt_in,loyalty_member,support_tickets_12m,avg_satisfaction_score
100000,2023-12-09,Wales,Referral,38.0,True,True,1,3.2
100001,2023-11-14,South West,Paid Search,37.0,True,False,0,4.4
100002,2023-12-03,East of England,Affiliate,39.0,True,False,5,3.5
100003,2025-01-24,West Midlands,Organic,,False,False,1,
100004,2023-02-09,West Midlands,Email,47.0,True,False,0,
100005,2023-08-01,North East,Email,36.0,True,True,2,1.8
100006,2025-01-24,North East,Email,23.0,True,False,1,3.0
100007,2024-09-16,North West,Email,38.0,True,False,3,2.8
100008,2023-07-10,West Midlands,Paid Search,47.0,False,False,0,3.2
100009,2024-01-02,,Paid Search,23.0,True,True,0,
100010,2024-01-18,South West,Paid Search,49.0,False,False,1,
100011,2023-11-08,North East,Email,56.0,False,False,1,3.1
100012,2023-12-15,Wales,Email,60.0,True,False,1,2.3
100013,2025-01-24,Wales,Organic,45.0,True,True,2,4.7
100014,2024-06-23,West Midlands,Email,18.0,True,False,1,4.2
100015,2024-03-13,West Midlands,Organic,49.0,True,False,1,3.6
100016,2023-09-16,Wales,Organic,54.0,True,False,0,3.5
100017,2023-07-12,West Midlands,Organic,32.0,True,True,0,3.5
100018,2024-03-30,North West,Email,40.0,True,True,1,3.7
100019,2023-05-21,Wales,Paid Search,47.0,True,False,0,
100020,2025-01-24,Scotland,Referral,64.0,False,False,2,
100021,2025-01-24,London,Email,38.0,False,False,0,4.2
100022,2023-01-14,Wales,Social,53.0,True,False,1,3.3
100023,2023-09-21,,Paid Search,45.0,True,True,2,2.6
100024,2025-01-24,West Midlands,Email,44.0,False,False,0,2.5
100025,2024-03-23,Yorkshire,Referral,58.0,True,True,0,5.0
100026,2024-06-20,North West,Social,30.0,True,False,0,4.5
100027,2022-10-01,Wales,Organic,44.0,True,True,1,5.0
100028,2023-11-10,East of England,Organic,41.0,True,False,1,3.5
100029,2024-04-15,Yorkshire,Organic,21.0,True,False,1,4.3
100030,2024-09-05,North West,Organic,57.0,False,False,2,3.4
100031,2023-09-15,Scotland,Email,52.0,False,True,0,3.8
100032,2024-02-17,North West,Organic,41.0,False,False,1,5.0
100033,2023-12-27,North East,Referral,,False,True,0,5.0
100034,2023-11-11,South West,Organic,41.0,True,False,1,4.0
100035,2023-06-12,South East,Social,,False,False,1,4.7
100036,2023-07-09,Yorkshire,Affiliate,42.0,False,True,1,
100037,2024-03-06,South West,Organic,32.0,False,False,1,4.1
100038,2023-08-25,Yorkshire,Paid Search,34.0,False,True,1,4.4
100039,2025-01-24,South East,Social,,False,False,1,3.3
100040,2024-10-28,,Organic,29.0,True,False,1,2.6
100041,2025-01-24,South West,Email,45.0,True,False,1,4.4
100042,2025-01-15,Yorkshire,Referral,31.0,False,False,2,
100043,2023-08-11,Yorkshire,Email,29.0,False,False,0,3.2
100044,2024-04-20,North West,Affiliate,83.0,True,True,2,3.6
100045,2025-01-24,North West,Paid Search,66.0,True,False,0,5.0
100046,2024-07-23,Scotland,Paid Search,43.0,True,False,1,3.9
100047,2024-02-11,Yorkshire,Organic,52.0,True,True,1,3.2
100048,2024-07-12,Scotland,Social,54.0,True,True,3,2.9
100049,2023-08-26,Wales,Paid Search,40.0,True,True,2,3.8
100050,2024-02-24,South East,Paid Search,45.0,True,False,0,3.8
100051,2024-02-01,Scotland,Affiliate,38.0,False,False,2,2.9
100052,2024-09-06,North West,Organic,57.0,True,False,0,4.1
100053,2025-01-01,London,Paid Search,58.0,False,False,1,2.5
100054,2025-01-24,Scotland,Organic,61.0,True,True,0,3.0
100055,2025-01-18,London,Paid Search,44.0,True,False,2,5.0
100056,2023-09-17,West Midlands,Paid Search,69.0,False,False,0,2.9
100057,2024-10-04,East of England,Organic,40.0,False,True,0,3.9
100058,2023-10-21,West Midlands,Organic,68.0,False,False,0,4.3
100059,2022-10-09,East of England,Email,35.0,False,False,2,5.0
100060,2024-11-19,North West,Organic,24.0,True,False,1,5.0
100061,2023-12-08,Scotland,Email,67.0,True,False,0,4.6
100062,2024-01-25,Wales,Email,50.0,False,False,1,3.0
100063,2024-12-09,North West,Email,48.0,True,False,0,3.1
100064,2024-06-08,Yorkshire,Referral,36.0,True,False,0,3.6
100065,2023-11-09,South West,Organic,30.0,True,True,1,5.0
100066,2023-09-10,West Midlands,Paid Search,31.0,False,True,0,4.4
100067,2023-05-27,West Midlands,Paid Search,43.0,True,False,1,3.9
100068,2023-12-22,East of England,Paid Search,39.0,True,False,0,4.2
100069,2023-08-16,London,Referral,18.0,True,False,1,5.0
100070,2024-02-11,North West,Social,63.0,True,False,0,3.4
100071,2024-08-20,Scotland,Paid Search,36.0,True,False,1,4.1
100072,2023-08-21,North West,Paid Search,57.0,True,True,1,3.0
100073,2023-07-12,Yorkshire,Referral,32.0,False,False,0,
100074,2023-02-14,East of England,Social,43.0,True,False,1,3.8
100075,2024-01-23,,Paid Search,54.0,False,False,0,4.3
100076,2023-07-11,East of England,Referral,52.0,True,False,2,4.3
100077,2024-11-07,Yorkshire,Email,38.0,True,False,0,5.0
100078,2024-07-19,South West,Organic,48.0,False,True,0,3.4
100079,2025-01-24,North West,Organic,50.0,True,True,1,4.2
100080,2024-09-20,Scotland,Social,39.0,True,False,2,2.9
100081,2024-04-21,WALES,Organic,27.0,True,False,1,3.9
100082,2025-01-24,South East,Affiliate,33.0,True,True,1,
100083,2023-07-09,North West,Email,36.0,True,False,1,4.4
100084,2023-08-17,North West,Social,41.0,False,True,0,5.0
100085,2022-08-09,North East,Email,62.0,True,True,1,
100086,2025-01-24,West Midlands,Affiliate,53.0,True,True,0,3.6
100087,2024-05-09,West Midlands,Paid Search,30.0,True,False,1,4.9
100088,2024-04-12,,Paid Search,65.0,True,True,1,2.7
100089,2024-09-29,North East,Email,40.0,True,True,1,4.4
100090,2024-03-05,London,Paid Search,50.0,True,True,2,
100091,2024-01-19,Wales,Email,29.0,True,False,0,4.4
100092,2024-03-12,South West,Social,35.0,True,True,0,
100093,2024-08-27,Wales,Organic,54.0,True,False,0,3.7
100094,2024-11-02,London,Paid Search,30.0,False,True,0,4.2
100095,2025-01-24,London,Email,42.0,False,False,1,
100096,2024-07-12,West Midlands,Paid Search,,False,True,0,3.6
100097,2023-09-14,Wales,Paid Search,28.0,True,False,1,3.9
100098,2023-07-02,SCOTLAND,Organic,18.0,True,True,1,2.5
100099,2024-09-02,South West,Paid Search,53.0,True,False,1,3.8
100100,2023-08-07,North West,Social,78.0,True,True,2,4.2
100101,2024-06-01,West Midlands,Affiliate,47.0,False,True,1,4.6
100102,2023-02-19,Wales,Email,49.0,False,False,1,3.7
100103,2024-06-27,Scotland,Social,30.0,True,False,0,3.5
100104,2025-01-24,South West,Organic,60.0,True,False,0,4.4
100105,2025-01-24,,Affiliate,36.0,False,False,0,3.7
100106,2024-03-11,South East,Referral,56.0,True,False,4,5.0
100107,2024-07-15,North East,Referral,,False,False,1,
100108,2022-07-24,North East,Paid Search,49.0,False,False,2,4.9
100109,2023-07-14,South West,Paid Search,49.0,False,True,2,
100110,2024-04-29,Scotland,Paid Search,48.0,True,True,5,2.6
100111,2023-02-25,Scotland,Paid Search,45.0,True,True,2,2.0
100112,2023-12-11,NORTH WEST,Paid Search,54.0,False,False,1,3.5
100113,2024-01-25,East of England,Referral,32.0,True,False,1,3.2
100114,2024-04-22,West Midlands,Paid Search,38.0,False,True,2,3.9
100115,2024-03-24,South East,Paid Search,60.0,True,False,5,2.1
100116,2025-01-24,LONDON,Referral,43.0,True,False,1,3.0
100117,2023-11-05,Scotland,Affiliate,37.0,True,False,1,2.1
100118,2023-12-15,Wales,Paid Search,54.0,False,True,1,2.7
100119,2024-02-17,South West,Organic,,True,False,2,3.6
100120,2024-09-29,Wales,Email,24.0,True,True,1,
100121,2023-10-25,East of England,Affiliate,50.0,True,True,1,
100122,2024-01-22,Wales,Social,43.0,False,False,0,3.7
100123,2025-01-14,South West,Organic,50.0,False,True,2,2.5
100124,2023-08-31,Wales,Social,41.0,True,False,0,3.7
100125,2023-04-21,Yorkshire,Email,47.0,True,True,2,
100126,2023-01-01,London,Paid Search,18.0,False,False,0,1.9
100127,2024-02-28,West Midlands,Organic,29.0,False,False,2,5.0
100128,2023-09-21,Wales,Referral,51.0,True,False,6,
100129,2025-01-24,South West,Email,75.0,True,True,0,5.0
100130,2023-11-24,London,Paid Search,46.0,False,True,1,4.4
100131,2023-06-22,London,Email,32.0,False,True,3,
100132,2023-11-16,East of England,Social,43.0,True,True,0,3.9
100133,2023-06-28,North East,Paid Search,29.0,True,True,2,3.5
100134,2024-05-12,South West,Organic,57.0,False,False,1,4.7
100135,2023-02-11,North East,Organic,,True,False,1,3.3
100136,2023-11-25,London,Affiliate,55.0,False,False,2,3.5
100137,2024-01-01,Wales,Paid Search,39.0,False,False,0,5.0
100138,2025-01-24,South East,Referral,56.0,True,True,0,4.2
100139,2023-03-01,Wales,Social,20.0,True,False,0,4.1
100140,2024-01-29,North East,Referral,41.0,True,False,2,4.4
100141,2024-03-25,Yorkshire,Affiliate,48.0,False,True,2,3.4
100142,2023-02-28,Yorkshire,Affiliate,38.0,False,True,4,
100143,2025-01-14,Scotland,Referral,46.0,False,True,0,3.1
100144,2024-10-15,Yorkshire,Organic,45.0,False,False,1,3.3
100145,2024-01-26,Wales,Paid Search,55.0,False,True,0,
100146,2024-08-24,NORTH WEST,Organic,49.0,False,True,1,3.2
100147,2024-06-19,North West,Social,46.0,True,True,0,3.3
100148,2024-06-13,North East,Organic,52.0,False,True,0,4.7
100149,2022-09-29,Wales,Organic,23.0,True,False,3,4.3
100150,2024-11-07,Yorkshire,Paid Search,31.0,False,True,1,5.0
100151,2023-01-17,North West,Email,23.0,True,True,0,3.1
100152,2023-10-15,North East,Paid Search,48.0,True,False,0,2.6
100153,2024-07-12,Wales,Organic,46.0,True,False,0,5.0
100154,2023-04-28,West Midlands,Social,59.0,True,False,0,4.5
100155,2024-07-24,Yorkshire,Social,46.0,False,True,0,3.5
100156,2023-05-08,Scotland,Referral,33.0,False,False,0,
100157,2024-04-30,Wales,Social,43.0,False,True,4,4.2
100158,2025-01-24,East of England,Email,18.0,True,False,2,5.0
100159,2025-01-24,Scotland,Organic,36.0,False,False,1,4.2
100160,2023-07-20,NORTH EAST,Paid Search,18.0,True,True,0,3.6
100161,2024-09-14,East of England,Email,45.0,True,False,3,3.4
100162,2023-01-19,Scotland,Paid Search,37.0,False,True,0,4.9
100163,2023-02-04,North East,Referral,39.0,True,True,1,3.3
100164,2024-07-30,Scotland,Affiliate,29.0,False,False,0,4.0
100165,2024-10-23,Scotland,Organic,32.0,True,True,1,2.9
100166,2024-05-31,West Midlands,Email,50.0,False,False,2,4.4
100167,2025-01-24,North West,Organic,22.0,False,False,0,4.0
100168,2024-06-09,North West,Organic,48.0,True,False,0,4.6
100169,2023-12-06,London,Organic,30.0,True,True,1,4.1
100170,2023-11-18,South West,Social,19.0,True,True,1,3.4
100171,2023-12-17,Yorkshire,Affiliate,57.0,True,False,1,4.2
100172,2023-05-08,North East,Organic,58.0,False,False,2,4.2
100173,2023-01-14,East of England,Email,34.0,False,False,1,2.6
100174,2023-12-08,,Organic,34.0,True,False,1,3.1
100175,2022-11-20,East of England,Paid Search,38.0,True,False,0,
100176,2024-08-05,South East,Social,30.0,True,False,0,3.6
100177,2024-06-13,London,Email,33.0,False,False,2,2.8
100178,2023-11-19,East of England,Email,47.0,True,False,3,3.0
100179,2025-01-24,London,Affiliate,68.0,False,False,1,4.5
100180,2023-11-12,Scotland,Paid Search,36.0,False,True,1,2.8
100181,2024-01-10,Wales,Social,54.0,True,False,1,2.5
100182,2024-06-28,North West,Organic,46.0,True,False,0,4.1
100183,2023-08-19,EAST OF ENGLAND,Email,19.0,True,False,1,4.6
100184,2024-01-29,West Midlands,Paid Search,41.0,False,True,1,4.4
100185,2025-01-24,South East,Paid Search,39.0,True,True,2,3.4
100186,2024-11-24,South East,Email,60.0,True,True,0,3.0
100187,2023-10-12,London,Organic,61.0,False,False,1,3.1
100188,2024-07-18,South East,Email,46.0,True,False,0,4.3
100189,2024-01-14,South East,Affiliate,57.0,True,False,0,4.5
100190,2023-11-29,Wales,Organic,39.0,True,True,3,
100191,2023-08-01,Wales,Social,56.0,True,True,1,3.5
100192,2022-12-01,West Midlands,Affiliate,42.0,False,False,0,2.9
100193,2024-12-06,South West,Email,55.0,False,False,2,3.9
100194,2024-05-03,North West,Paid Search,57.0,False,False,2,4.6
100195,2023-10-21,East of England,Email,50.0,True,True,3,3.4
100196,2024-05-18,North West,Social,31.0,True,True,1,4.9
100197,2023-09-03,East of England,Email,36.0,True,False,2,2.3
100198,2024-03-10,,Social,51.0,True,False,0,3.3
100199,2023-06-25,Wales,Paid Search,53.0,False,False,1,3.9
100200,2024-10-19,Wales,Email,43.0,True,False,1,4.1
100201,2023-01-16,West Midlands,Paid Search,37.0,True,False,1,3.0
100202,2023-08-10,London,Referral,43.0,True,True,1,4.2
100203,2023-09-17,WEST MIDLANDS,Email,37.0,True,True,0,4.2
100204,2023-08-22,North West,Affiliate,37.0,False,False,0,5.0
100205,2023-06-04,Scotland,Paid Search,66.0,False,False,1,4.1
100206,2023-02-28,Yorkshire,Organic,35.0,False,False,1,3.7
100207,2023-08-22,North East,Paid Search,48.0,True,False,1,4.4
100208,2023-03-28,London,Organic,43.0,True,True,0,2.4
100209,2023-12-03,Yorkshire,Organic,25.0,False,True,2,2.8
100210,2024-10-11,South East,Social,25.0,False,True,1,4.8
100211,2024-04-24,Yorkshire,Organic,40.0,False,True,1,
100212,2024-01-24,East of England,Affiliate,18.0,True,False,1,3.3
100213,2024-10-11,Wales,Paid Search,65.0,False,False,2,4.4
100214,2024-08-31,Yorkshire,Organic,36.0,True,False,2,3.9
100215,2024-05-09,South East,Email,35.0,True,True,1,4.9
100216,2023-03-28,North East,Paid Search,57.0,False,False,0,
100217,2023-08-14,Scotland,Email,39.0,False,False,0,5.0
100218,2023-09-18,Scotland,Email,49.0,True,True,2,2.9
100219,2024-12-01,East of England,Email,34.0,False,False,0,4.8
100220,2023-02-12,North West,Social,42.0,True,False,1,4.1
100221,2024-07-13,North East,Email,54.0,True,False,2,3.3
100222,2024-06-11,London,Affiliate,30.0,False,False,2,3.9
100223,2023-06-02,South East,Paid Search,48.0,False,False,1,3.3
100224,2023-10-15,North East,Organic,18.0,True,False,0,
100225,2023-08-12,Scotland,Email,57.0,False,False,0,2.5
100226,2023-10-11,Wales,Paid Search,34.0,True,False,0,5.0
100227,2024-09-28,North East,Social,40.0,True,True,1,4.2
100228,2023-05-31,North East,Social,40.0,False,True,0,2.0
100229,2023-05-02,SOUTH WEST,Paid Search,28.0,False,False,1,4.2
100230,2023-05-20,East of England,Organic,27.0,False,True,1,4.5
100231,2023-08-01,East of England,Email,48.0,True,False,1,2.2
100232,2023-10-03,East of England,Paid Search,48.0,False,True,3,2.6
100233,2024-01-21,North West,Paid Search,29.0,False,False,0,
100234,2023-07-13,Wales,Email,48.0,True,True,3,3.3
100235,2025-01-24,South East,Email,48.0,True,False,1,4.1
100236,2024-05-10,Scotland,Social,36.0,True,False,0,2.9
100237,2024-08-19,West Midlands,Organic,24.0,True,False,2,3.2
100238,2023-08-20,South West,Paid Search,41.0,True,True,0,2.8
100239,2023-07-20,North West,Email,46.0,False,False,2,2.3
100240,2025-01-03,North West,Paid Search,40.0,True,True,1,1.7
100241,2023-11-18,Wales,Referral,33.0,False,True,1,5.0
100242,2024-11-03,Scotland,Email,47.0,True,True,2,3.3
100243,2024-01-07,South West,Paid Search,57.0,False,False,0,4.3
100244,2024-05-22,Wales,Social,31.0,False,True,1,
100245,2023-11-14,Wales,Affiliate,37.0,True,True,1,3.3
100246,2024-05-27,West Midlands,Referral,77.0,True,True,2,3.9
100247,2023-12-08,South East,Social,45.0,False,False,2,4.3
100248,2023-11-28,North East,Paid Search,25.0,True,True,0,5.0
100249,2024-03-04,West Midlands,Email,35.0,True,True,0,4.0
100250,2023-09-23,SOUTH WEST,Social,31.0,True,True,0,2.7
100251,2022-12-05,South West,Social,,True,True,1,2.2
100252,2023-11-12,,Paid Search,45.0,False,False,0,3.1
100253,2024-03-16,South East,Referral,33.0,False,False,0,3.8
100254,2023-09-11,Scotland,Social,65.0,False,False,1,2.9
100255,2024-09-04,South East,Organic,42.0,False,False,3,3.5
100256,2025-01-24,WEST MIDLANDS,Paid Search,35.0,True,False,1,3.8
100257,2024-02-29,WEST MIDLANDS,Organic,25.0,False,True,2,4.9
100258,2024-05-21,Yorkshire,Organic,29.0,True,False,1,3.2
100259,2024-03-25,South East,Paid Search,25.0,True,False,0,
100260,2023-10-16,Wales,Social,39.0,True,False,1,4.2
100261,2025-01-24,London,Paid Search,29.0,True,False,1,4.6
100262,2023-06-03,North East,Paid Search,51.0,True,False,0,1.8
100263,2023-11-11,West Midlands,Paid Search,33.0,True,True,2,2.4
100264,2022-11-21,Scotland,Organic,52.0,True,False,4,1.8
100265,2023-10-03,Wales,Organic,47.0,False,True,1,5.0
100266,2024-06-17,East of England,Organic,49.0,True,True,0,3.3
100267,2023-09-17,London,Email,53.0,False,False,2,2.9
100268,2023-01-22,East of England,Organic,67.0,False,False,1,3.9
100269,2023-08-29,Yorkshire,Email,30.0,False,True,0,5.0
100270,2024-02-06,North East,Paid Search,52.0,True,False,0,3.4
100271,2023-11-20,Yorkshire,Organic,46.0,True,False,0,3.4
100272,2023-11-19,North East,Paid Search,55.0,True,True,1,4.9
100273,2023-09-18,Yorkshire,Organic,42.0,True,False,1,4.2
100274,2025-01-24,South East,Social,56.0,True,True,1,4.0
100275,2023-06-01,Yorkshire,Email,24.0,True,False,0,3.6
100276,2024-12-25,North East,Social,28.0,False,True,1,4.3
100277,2024-03-13,London,Organic,34.0,False,False,1,1.6
100278,2022-11-06,West Midlands,Paid Search,40.0,True,True,2,3.4
100279,2023-12-29,London,Affiliate,42.0,True,False,3,2.1
100280,2023-06-20,Wales,Paid Search,31.0,False,False,1,5.0
100281,2024-02-19,Yorkshire,Paid Search,28.0,False,True,1,
100282,2024-04-10,SOUTH WEST,Paid Search,32.0,False,False,1,4.7
100283,2023-10-25,North East,Affiliate,19.0,False,True,0,5.0
100284,2024-11-26,Wales,Referral,37.0,False,False,0,5.0
100285,2024-04-26,Scotland,Organic,40.0,True,False,1,
100286,2023-02-19,NORTH EAST,Paid Search,47.0,True,False,0,4.0
100287,2024-05-15,Scotland,Email,43.0,True,False,0,
100288,2024-10-04,North East,Organic,64.0,True,False,3,4.5
100289,2022-11-18,North East,Paid Search,52.0,False,True,0,
100290,2024-07-24,North West,Organic,51.0,False,False,2,3.7
100291,2023-11-26,South West,Organic,46.0,False,False,0,3.2
100292,2024-03-10,East of England,Organic,48.0,True,False,4,3.6
100293,2023-11-10,South West,Social,38.0,False,False,1,
100294,2024-08-26,South East,Email,42.0,True,True,1,4.0
100295,2023-06-02,Yorkshire,Social,66.0,True,False,2,2.5
100296,2023-03-01,South East,Paid Search,40.0,False,False,1,2.7
100297,2025-01-24,Wales,Paid Search,24.0,True,False,0,5.0
100298,2025-01-24,Wales,Referral,50.0,True,True,3,1.8
100299,2023-10-24,Yorkshire,Paid Search,52.0,True,True,0,5.0
100300,2025-01-24,South East,Organic,43.0,True,False,0,5.0
100301,2023-04-19,East of England,Paid Search,18.0,True,False,1,3.8
100302,2025-01-10,Scotland,Paid Search,58.0,False,False,0,4.6
100303,2024-07-18,South West,Organic,,True,False,1,3.9
100304,2023-01-21,,Paid Search,,True,False,3,3.0
100305,2024-08-13,Scotland,Social,56.0,True,True,3,3.6
100306,2023-11-12,West Midlands,Organic,18.0,True,False,0,3.4
100307,2025-01-24,North East,Email,42.0,False,False,2,4.6
100308,2024-03-18,North West,Social,34.0,False,True,1,3.2
100309,2023-06-22,North East,Paid Search,60.0,False,False,1,4.0
100310,2023-05-29,North East,Email,44.0,False,False,2,3.6
100311,2024-11-03,Yorkshire,Affiliate,,False,True,3,5.0
100312,2023-08-10,SOUTH EAST,Paid Search,56.0,True,True,2,
100313,2023-09-29,North West,Social,18.0,False,False,0,
100314,2024-08-14,London,Social,48.0,True,False,1,
100315,2024-02-14,South West,Social,25.0,True,False,2,
100316,2024-03-12,South West,Paid Search,35.0,False,False,0,5.0
100317,2025-01-24,West Midlands,Paid Search,38.0,False,False,2,
100318,2024-02-28,South West,Organic,,True,True,1,2.7
100319,2022-12-04,Yorkshire,Paid Search,70.0,False,False,0,3.7
100320,2023-04-18,Wales,Organic,18.0,True,True,2,3.1
100321,2024-05-05,London,Referral,47.0,True,False,0,5.0
100322,2023-11-18,South East,Organic,70.0,True,False,2,3.2
100323,2023-12-24,Wales,Organic,34.0,False,False,0,4.6
100324,2024-07-16,West Midlands,Paid Search,33.0,False,True,2,2.9
100325,2024-07-16,North East,Organic,44.0,False,False,2,5.0
100326,2024-03-01,Wales,Email,52.0,True,True,1,4.5
100327,2023-08-14,LONDON,Referral,50.0,True,False,0,3.5
100328,2023-12-07,Scotland,Organic,36.0,True,True,3,5.0
100329,2024-05-08,South West,Organic,31.0,False,False,1,5.0
100330,2025-01-24,South East,Paid Search,58.0,False,True,3,4.4
100331,2024-02-05,Wales,Affiliate,31.0,False,True,0,3.8
100332,2024-11-22,London,Organic,18.0,True,False,2,2.9
100333,2024-06-04,SOUTH EAST,Organic,22.0,True,False,2,2.3
100334,2023-02-22,Yorkshire,Organic,34.0,True,False,0,2.8
100335,2023-08-19,North West,Paid Search,60.0,True,False,0,5.0
100336,2023-02-08,East of England,Organic,26.0,False,False,0,5.0
100337,2025-01-24,West Midlands,Affiliate,61.0,True,False,2,
100338,2023-10-12,North West,Paid Search,58.0,False,True,0,5.0
100339,2023-05-29,Wales,Paid Search,44.0,True,False,1,2.9
100340,2023-06-19,South East,Paid Search,18.0,False,False,2,3.5
100341,2023-05-03,Scotland,Paid Search,26.0,False,False,2,3.6
100342,2024-08-16,South East,Affiliate,33.0,False,True,0,3.9
100343,2023-09-23,South East,Email,63.0,False,False,0,2.3
100344,2025-01-24,North West,Referral,34.0,True,False,1,3.7
100345,2024-10-24,North West,Referral,31.0,True,True,0,2.7
100346,2023-09-25,Scotland,Social,,True,False,3,1.6
100347,2023-12-26,Scotland,Social,23.0,True,False,1,3.4
100348,2023-11-03,South East,Social,41.0,False,True,1,3.9
100349,2022-11-28,London,Email,31.0,True,False,1,2.7
100350,2023-07-30,London,Email,76.0,True,False,2,
100351,2023-09-23,East of England,Social,29.0,False,False,0,4.1
100352,2024-04-26,North East,Organic,66.0,False,True,1,4.6
100353,2024-05-22,London,Social,26.0,False,True,1,3.8
100354,2025-01-24,London,Paid Search,44.0,True,True,1,4.6
100355,2023-08-09,South West,Social,48.0,True,True,3,4.7
100356,2025-01-24,South West,Social,43.0,True,True,1,2.6
100357,2024-09-02,SOUTH WEST,Social,42.0,False,False,1,5.0
100358,2023-12-06,South East,Social,52.0,False,False,1,5.0
100359,2024-11-17,Wales,Email,46.0,False,False,1,3.7
100360,2024-01-04,East of England,Email,39.0,False,False,5,2.3
100361,2022-08-17,South East,Organic,32.0,True,True,2,4.8
100362,2023-03-31,South East,Organic,39.0,True,False,1,3.4
100363,2023-09-04,East of England,Paid Search,39.0,True,False,1,3.0
100364,2024-04-29,South West,Paid Search,38.0,True,True,1,3.7
100365,2023-09-24,South West,Paid Search,42.0,False,True,0,5.0
100366,2024-06-17,Yorkshire,Email,23.0,True,False,1,5.0
100367,2025-01-24,Yorkshire,Email,28.0,False,False,1,5.0
100368,2023-02-17,East of England,Paid Search,52.0,True,False,1,3.8
100369,2023-01-29,South East,Referral,18.0,False,True,1,
100370,2024-12-30,West Midlands,Organic,57.0,True,False,1,3.9
100371,2024-07-10,London,Email,34.0,True,False,1,
100372,2023-09-30,Wales,Organic,63.0,False,False,0,3.4
100373,2023-09-14,East of England,Email,57.0,True,True,1,3.6
100374,2024-08-27,South West,Organic,37.0,False,False,1,5.0
100375,2024-01-19,Scotland,Paid Search,38.0,False,False,1,3.2
100376,2022-01-05,North East,Paid Search,62.0,True,True,2,3.4
100377,2024-04-04,North East,Email,58.0,True,False,1,4.5
100378,2024-08-18,East of England,Referral,54.0,True,True,1,5.0
100379,2025-01-24,Wales,Social,56.0,True,True,0,4.3
100380,2023-05-24,East of England,Email,27.0,True,True,1,3.7
100381,2023-02-19,South West,Paid Search,44.0,True,False,0,2.3
100382,2024-03-24,North West,Email,31.0,False,True,1,3.2
100383,2024-02-22,North East,Referral,27.0,False,False,2,4.0
100384,2023-08-25,South East,Organic,43.0,True,False,1,3.7
100385,2023-12-21,East of England,Organic,36.0,False,False,2,
100386,2024-11-03,East of England,Paid Search,39.0,True,True,1,4.5
100387,2023-05-31,London,Paid Search,34.0,True,False,2,2.6
100388,2022-09-16,South West,Paid Search,25.0,True,False,0,4.3
100389,2023-05-25,London,Email,63.0,True,False,0,4.1
100390,2024-07-28,Yorkshire,Email,43.0,True,False,0,2.4
100391,2023-05-11,Wales,Paid Search,22.0,False,False,1,4.2
100392,2025-01-24,South East,Affiliate,43.0,True,True,1,5.0
100393,2025-01-24,West Midlands,Referral,61.0,False,True,1,4.4
100394,2022-12-24,Yorkshire,Social,53.0,True,False,2,
100395,2024-06-13,North East,Affiliate,34.0,False,True,2,4.6
100396,2025-01-19,West Midlands,Referral,35.0,True,False,0,
100397,2023-07-12,South East,Paid Search,29.0,True,True,1,
100398,2023-07-30,South East,Affiliate,31.0,True,True,0,4.4
100399,2024-01-01,South East,Organic,32.0,True,True,0,5.0
100400,2022-12-26,Wales,Paid Search,22.0,False,False,0,3.9
100401,2023-04-22,South West,Paid Search,35.0,True,True,2,3.6
100402,2024-10-09,Scotland,Email,45.0,False,False,1,3.7
100403,2023-04-09,Wales,Affiliate,36.0,True,False,0,4.1
100404,2024-03-09,NORTH EAST,Organic,44.0,True,False,2,
100405,2023-01-30,Wales,Social,62.0,True,True,1,4.4
100406,2025-01-24,London,Organic,65.0,True,True,1,4.2
100407,2025-01-24,London,Referral,40.0,True,True,0,4.0
100408,2023-05-18,South West,Paid Search,52.0,True,True,1,4.8
100409,2023-12-11,West Midlands,Social,39.0,False,False,2,4.6
100410,2025-01-24,South East,Social,35.0,True,False,1,5.0
100411,2023-05-11,EAST OF ENGLAND,Paid Search,26.0,True,True,0,
100412,2022-11-05,West Midlands,Affiliate,42.0,True,False,0,4.6
100413,2023-11-22,North East,Affiliate,55.0,False,False,0,4.1
100414,2023-08-15,Yorkshire,Organic,24.0,True,False,1,3.9
100415,2024-07-25,North West,Email,37.0,True,False,1,3.4
100416,2023-08-04,North East,Referral,37.0,False,False,1,5.0
100417,2025-01-16,East of England,Paid Search,44.0,False,False,1,3.2
100418,2024-11-26,North West,Paid Search,44.0,True,True,5,4.4
100419,2023-07-03,South East,Email,48.0,True,False,0,2.6
100420,2024-01-18,Yorkshire,Social,66.0,True,False,1,
100421,2022-11-30,South West,Social,30.0,False,True,1,2.6
100422,2023-06-05,Wales,Social,29.0,False,False,0,
100423,2023-07-29,South East,Email,44.0,True,True,1,2.4
100424,2023-04-15,Scotland,Paid Search,,True,False,1,5.0
100425,2024-12-01,North East,Paid Search,22.0,True,False,2,
100426,2023-08-01,East of England,Paid Search,45.0,False,True,0,4.8
100427,2025-01-24,London,Organic,38.0,False,False,1,3.3
100428,2023-01-18,North East,Email,52.0,True,True,0,1.9
100429,2025-01-24,East of England,Referral,49.0,False,False,1,4.2
100430,2023-10-13,Scotland,Organic,42.0,False,False,0,
100431,2025-01-24,South West,Social,47.0,False,False,0,3.3
100432,2025-01-24,East of England,Organic,32.0,True,True,0,5.0
100433,2024-04-21,North West,Organic,51.0,False,False,1,5.0
100434,2023-09-10,South West,Affiliate,59.0,True,False,0,3.0
100435,2023-08-01,North West,Paid Search,42.0,False,False,2,2.4
100436,2022-08-22,North West,Email,36.0,True,False,1,3.3
100437,2024-04-11,Yorkshire,Paid Search,39.0,False,False,1,5.0
100438,2024-06-07,London,Organic,51.0,False,False,0,2.2
100439,2024-01-02,East of England,Social,,True,True,1,4.4
100440,2023-07-01,Yorkshire,Email,25.0,True,True,0,3.3
100441,2023-07-26,South West,Social,53.0,True,True,1,3.4
100442,2024-01-06,South East,Referral,28.0,True,True,1,3.6
100443,2024-04-01,Yorkshire,Referral,47.0,True,False,2,
100444,2024-05-29,Scotland,Social,18.0,True,True,1,4.1
100445,2025-01-24,South East,Organic,42.0,False,True,1,5.0
100446,2023-01-24,Scotland,Organic,40.0,True,True,1,2.8
100447,2023-09-16,North East,Social,18.0,True,True,0,
100448,2023-08-27,Wales,Social,45.0,True,True,0,4.6
100449,2025-01-24,South East,Organic,27.0,False,True,0,3.1
100450,2023-09-21,Wales,Organic,,False,False,0,5.0
100451,2023-04-14,Yorkshire,Paid Search,36.0,False,True,1,2.4
100452,2024-12-15,London,Paid Search,22.0,False,True,1,4.4
100453,2023-11-06,North East,Organic,27.0,True,False,3,3.8
100454,2023-08-25,Yorkshire,Referral,28.0,False,False,1,4.0
100455,2023-06-09,North East,Email,54.0,False,True,0,
100456,2023-05-21,London,Affiliate,52.0,False,False,0,3.4
100457,2023-12-23,South East,Social,70.0,False,True,0,3.4
100458,2024-11-04,North East,Paid Search,34.0,True,False,0,3.2
100459,2024-01-03,North West,Social,34.0,False,False,3,5.0
100460,2024-01-15,Yorkshire,Referral,43.0,False,False,0,4.4
100461,2024-05-24,East of England,Social,36.0,False,False,1,3.5
100462,2023-05-15,North East,Organic,33.0,False,False,3,4.2
100463,2023-07-19,,Social,42.0,True,True,3,3.3
100464,2023-09-12,South West,Paid Search,50.0,False,True,0,3.2
100465,2024-09-19,South West,Paid Search,18.0,True,False,0,3.9
100466,2024-09-27,South West,Paid Search,34.0,False,False,0,
100467,2023-12-15,Yorkshire,Organic,23.0,False,False,5,1.6
100468,2024-02-25,London,Referral,39.0,False,True,0,
100469,2024-03-03,North West,Paid Search,,False,True,1,4.5
100470,2024-04-29,Yorkshire,Paid Search,56.0,False,False,1,3.7
100471,2024-10-26,Scotland,Email,35.0,True,False,2,4.0
100472,2023-12-12,South East,Referral,42.0,False,True,0,
100473,2024-06-03,East of England,Social,19.0,True,True,1,4.3
100474,2025-01-24,Scotland,Organic,30.0,True,False,0,
100475,2024-01-01,South West,Organic,44.0,True,False,0,5.0
100476,2023-02-14,,Social,23.0,True,True,1,3.7
100477,2023-05-19,West Midlands,Referral,57.0,False,False,1,3.8
100478,2024-09-30,South East,Paid Search,48.0,False,True,2,4.6
100479,2024-03-11,South East,Referral,29.0,True,False,1,3.9
100480,2024-12-26,Yorkshire,Social,22.0,False,False,0,4.6
100481,2024-08-01,West Midlands,Email,32.0,True,False,0,4.7
100482,2024-11-08,South West,Paid Search,29.0,True,True,1,3.0
100483,2024-01-18,East of England,Referral,,True,False,1,3.0
100484,2023-06-24,North West,Social,23.0,True,False,0,3.5
100485,2024-02-21,South West,Organic,38.0,False,True,2,2.4
100486,2023-12-09,Yorkshire,Organic,51.0,False,False,0,5.0
100487,2024-02-07,Wales,Organic,,False,True,0,2.9
100488,2024-03-31,North East,Paid Search,47.0,False,False,0,5.0
100489,2024-10-20,North East,Paid Search,37.0,True,False,0,3.1
100490,2025-01-24,South East,Paid Search,49.0,False,False,0,5.0
100491,2025-01-01,Yorkshire,Organic,31.0,False,False,0,5.0
100492,2023-12-12,London,Social,45.0,True,True,1,2.4
100493,2024-02-07,Wales,Email,43.0,True,True,2,
100494,2025-01-24,South West,Social,59.0,True,False,0,5.0
100495,2024-04-18,NORTH WEST,Paid Search,48.0,True,False,0,4.1
100496,2024-11-17,East of England,Organic,44.0,True,False,0,4.8
100497,2023-06-13,Yorkshire,Social,22.0,False,False,0,4.2
100498,2024-07-20,Yorkshire,Email,34.0,True,True,1,4.8
100499,2023-12-06,Yorkshire,Organic,31.0,False,False,0,5.0
100500,2024-05-20,North East,Affiliate,,True,True,0,3.8
100501,2024-01-09,SOUTH WEST,Email,41.0,True,False,0,3.2
100502,2023-07-08,Scotland,Referral,44.0,False,False,2,
100503,2023-12-29,South West,Social,45.0,True,False,1,2.9
100504,2024-03-17,South East,Organic,57.0,False,False,2,4.6
100505,2024-09-29,North West,Affiliate,47.0,True,True,1,4.1
100506,2024-08-04,South East,Referral,25.0,False,False,0,5.0
100507,2024-08-25,Wales,Referral,44.0,True,True,0,5.0
100508,2024-07-03,London,Referral,49.0,True,False,0,3.5
100509,2023-03-21,Wales,Referral,57.0,True,True,0,3.6
100510,2022-12-08,Wales,Email,39.0,True,True,0,3.4
100511,2024-08-04,North East,Paid Search,39.0,True,False,1,5.0
100512,2023-03-21,South West,Social,55.0,True,True,1,2.8
100513,2023-08-15,Scotland,Social,43.0,False,False,0,4.3
100514,2023-08-07,Wales,Email,20.0,True,False,0,2.7
100515,2023-03-14,North East,Organic,18.0,True,False,1,5.0
100516,2023-12-15,Wales,Social,65.0,True,False,2,4.7
100517,2024-11-03,South West,Affiliate,19.0,False,False,0,3.4
100518,2022-12-06,South West,Organic,,True,False,1,5.0
100519,2025-01-24,East of England,Paid Search,52.0,False,True,2,3.3
100520,2024-03-18,Wales,Email,18.0,True,True,1,3.3
100521,2024-01-09,Scotland,Organic,27.0,True,False,2,2.0
100522,2024-01-15,Yorkshire,Paid Search,25.0,True,False,0,4.6
100523,2024-11-10,Wales,Social,64.0,False,True,2,3.7
100524,2023-02-21,North West,Affiliate,67.0,False,True,0,3.8
100525,2023-07-24,South West,Organic,31.0,True,False,1,3.1
100526,2024-05-10,South East,Organic,49.0,False,False,5,2.2
100527,2023-01-18,Yorkshire,Organic,45.0,True,True,1,2.7
100528,2025-01-24,London,Email,37.0,False,True,3,5.0
100529,2024-02-19,North East,Organic,20.0,True,True,3,
100530,2024-01-06,Wales,Organic,71.0,False,False,2,3.2
100531,2025-01-24,North West,Email,18.0,False,True,0,2.0
100532,2024-03-21,South East,Affiliate,44.0,True,True,0,5.0
100533,2023-11-21,East of England,Organic,,False,False,3,1.8
100534,2024-03-26,North East,Social,54.0,False,True,2,
100535,2023-11-26,West Midlands,Email,52.0,False,False,1,4.4
100536,2024-03-26,North East,Paid Search,28.0,True,True,0,3.8
100537,2023-01-07,Scotland,Email,31.0,False,False,0,3.5
100538,2024-07-18,Scotland,Organic,21.0,True,True,0,4.7
100539,2025-01-24,West Midlands,Paid Search,44.0,False,False,0,5.0
100540,2024-01-05,North West,Paid Search,50.0,True,True,1,4.2
100541,2024-10-10,West Midlands,Paid Search,35.0,False,True,2,5.0
100542,2024-05-14,South East,Email,38.0,False,False,3,2.6
100543,2023-07-17,West Midlands,Social,,False,False,0,2.6
100544,2024-03-18,North West,Email,53.0,False,True,2,3.4
100545,2024-07-09,London,Email,59.0,False,False,2,4.1
100546,2024-07-17,West Midlands,Organic,18.0,False,False,3,4.3
100547,2023-08-16,London,Affiliate,48.0,False,False,2,5.0
100548,2025-01-24,South East,Referral,44.0,True,False,2,4.0
100549,2024-05-23,South West,Organic,25.0,False,False,1,4.7
100550,2024-06-10,London,Email,27.0,True,False,3,3.7
100551,2024-04-23,West Midlands,Email,38.0,False,False,0,5.0
100552,2023-11-11,East of England,Organic,24.0,True,False,1,3.4
100553,2023-06-08,London,Paid Search,31.0,True,True,3,2.6
100554,2023-08-31,South West,Organic,35.0,True,False,1,4.2
100555,2024-01-03,London,Affiliate,48.0,False,False,2,5.0
100556,2022-11-15,London,Email,32.0,True,False,1,3.3
100557,2023-03-22,South East,Email,35.0,True,False,1,3.7
100558,2024-10-13,WALES,Referral,54.0,True,False,1,
100559,2024-09-18,London,Paid Search,18.0,True,False,1,3.1
100560,2023-11-29,London,Affiliate,44.0,True,False,0,3.5
100561,2023-06-01,North East,Social,46.0,True,True,2,3.4
100562,2025-01-24,East of England,Email,,False,False,2,5.0
100563,2024-02-23,Yorkshire,Organic,34.0,False,True,2,4.2
100564,2023-04-13,London,Organic,27.0,False,False,1,3.6
100565,2024-12-04,West Midlands,Organic,,False,False,0,5.0
100566,2024-07-28,Yorkshire,Organic,30.0,True,False,0,5.0
100567,2023-02-18,Yorkshire,Paid Search,26.0,False,True,0,
100568,2024-07-21,Yorkshire,Organic,41.0,False,True,2,3.6
100569,2023-09-29,South East,Social,31.0,False,False,2,4.9
100570,2024-05-09,North East,Referral,55.0,False,True,2,5.0
100571,2024-04-05,South West,Paid Search,38.0,False,False,1,3.7
100572,2024-07-21,North West,Paid Search,56.0,False,False,1,
100573,2025-01-24,North East,Social,47.0,False,False,0,3.6
100574,2024-02-02,West Midlands,Email,36.0,False,False,1,
100575,2024-09-20,South East,Social,55.0,True,False,0,5.0
100576,2023-10-06,Wales,Affiliate,33.0,False,True,1,3.3
100577,2025-01-24,South East,Paid Search,37.0,False,False,2,3.5
100578,2023-09-01,London,Organic,48.0,False,True,2,3.1
100579,2024-03-09,East of England,Referral,44.0,True,False,1,5.0
100580,2023-11-16,North West,Social,32.0,True,False,0,
100581,2024-01-21,South East,Social,21.0,False,True,1,4.3
100582,2023-09-27,South East,Affiliate,41.0,True,False,0,3.8
100583,2024-06-28,South East,Organic,32.0,True,False,1,3.4
100584,2023-09-02,North East,Paid Search,41.0,True,False,5,1.6
100585,2023-07-14,East of England,Paid Search,36.0,True,False,2,4.6
100586,2024-05-05,Wales,Referral,32.0,False,True,1,3.7
100587,2024-04-16,East of England,Referral,38.0,True,False,1,4.4
100588,2024-06-29,Yorkshire,Paid Search,40.0,True,False,0,
100589,2024-02-13,North West,Organic,50.0,False,True,0,2.3
100590,2023-05-27,North East,Social,47.0,False,False,1,2.1
100591,2024-03-01,WALES,Paid Search,68.0,False,False,0,3.8
100592,2023-04-22,Yorkshire,Referral,,True,False,2,2.4
100593,2023-10-02,South East,Organic,32.0,False,False,2,4.1
100594,2022-03-17,South West,Referral,39.0,True,False,1,5.0
100595,2023-12-22,West Midlands,Email,48.0,True,False,0,
100596,2025-01-18,North West,Organic,54.0,True,False,1,3.4
100597,2024-11-27,South West,Email,58.0,True,False,1,3.8
100598,2023-03-18,Wales,Email,28.0,False,False,3,3.0
100599,2024-03-16,East of England,Organic,58.0,True,True,1,5.0
100600,2023-12-11,London,Paid Search,40.0,False,True,1,3.6
100601,2025-01-24,East of England,Referral,29.0,True,False,1,
100602,2023-05-19,North East,Social,38.0,True,True,3,2.9
100603,2024-10-27,East of England,Email,57.0,False,False,1,
100604,2023-06-26,North West,Organic,47.0,False,True,0,4.7
100605,2025-01-24,East of England,Email,25.0,True,False,1,4.0
100606,2022-12-19,North West,Email,25.0,True,True,0,
100607,2022-05-18,Wales,Organic,25.0,True,False,0,4.1
100608,2025-01-24,Wales,Paid Search,31.0,False,True,0,2.9
100609,2023-11-29,Yorkshire,Organic,42.0,True,False,1,5.0
100610,2025-01-24,South East,Email,26.0,False,False,0,4.0
100611,2023-12-08,Scotland,Paid Search,35.0,False,False,1,5.0
100612,2024-06-22,South East,Referral,59.0,True,True,1,3.9
100613,2023-10-24,South West,Paid Search,62.0,True,False,1,4.0
100614,2024-08-01,East of England,Referral,61.0,False,False,2,3.3
100615,2025-01-10,North West,Paid Search,18.0,True,False,0,
100616,2024-07-05,Wales,Email,63.0,True,False,0,4.0
100617,2024-11-07,South West,Social,42.0,False,False,1,
100618,2023-07-26,North East,Social,42.0,True,False,0,3.0
100619,2023-08-23,North West,Affiliate,54.0,False,False,1,3.3
100620,2024-02-22,South East,Paid Search,50.0,False,False,0,2.9
100621,2024-01-20,Scotland,Paid Search,18.0,False,True,0,3.9
100622,2024-02-18,North West,Paid Search,33.0,True,True,2,3.2
100623,2024-06-30,South West,Social,36.0,True,False,1,3.5
100624,2022-10-14,Scotland,Email,24.0,False,False,3,2.1
100625,2023-11-30,East of England,Paid Search,54.0,False,False,0,3.3
100626,2025-01-24,South East,Email,60.0,False,False,1,4.2
100627,2023-07-10,London,Organic,41.0,True,False,0,3.8
100628,2024-05-19,North East,Affiliate,45.0,False,False,1,4.1
100629,2025-01-24,Scotland,Organic,41.0,True,False,3,3.2
100630,2024-05-24,South East,Affiliate,42.0,False,True,2,3.6
100631,2025-01-24,Wales,Social,56.0,True,True,1,4.7
100632,2022-09-14,South East,Affiliate,18.0,True,True,0,2.8
100633,2024-06-14,NORTH EAST,Social,47.0,True,True,1,3.6
100634,2023-06-10,West Midlands,Organic,41.0,True,False,1,2.5
100635,2023-04-27,Scotland,Email,32.0,False,False,1,4.7
100636,2023-10-30,North West,Organic,34.0,True,False,1,
100637,2024-12-01,London,Organic,65.0,False,True,1,4.8
100638,2024-05-20,Scotland,Organic,24.0,False,False,3,
100639,2023-11-06,West Midlands,Referral,39.0,True,False,0,3.3
100640,2025-01-18,Scotland,Email,62.0,False,True,2,4.5
100641,2024-11-30,Scotland,Paid Search,24.0,False,True,1,
100642,2023-10-09,East of England,Referral,35.0,False,False,1,
100643,2024-01-14,London,Organic,42.0,True,True,3,4.0
100644,2023-10-30,West Midlands,Paid Search,46.0,False,False,2,3.8
100645,2023-12-13,Wales,Paid Search,40.0,False,False,1,2.8
100646,2023-05-22,North East,Paid Search,29.0,False,True,0,4.1
100647,2023-12-01,Yorkshire,Social,47.0,False,True,1,3.1
100648,2025-01-24,West Midlands,Paid Search,40.0,True,False,2,
100649,2022-11-06,Scotland,Paid Search,49.0,True,True,1,4.2
100650,2024-03-24,South West,Organic,53.0,False,False,2,4.0
100651,2023-08-20,,Referral,22.0,False,True,0,3.2
100652,2025-01-24,North East,Social,54.0,True,True,1,4.9
100653,2024-02-14,London,Organic,38.0,True,False,0,3.9
100654,2023-05-16,East of England,Email,52.0,True,False,3,3.0
100655,2023-01-28,Yorkshire,Paid Search,47.0,True,True,1,4.6
100656,2023-04-10,Scotland,Referral,65.0,True,True,3,4.8
100657,2023-05-20,Scotland,Paid Search,41.0,True,True,2,3.6
100658,2024-11-10,South East,Paid Search,36.0,True,True,0,4.4
100659,2024-04-29,WEST MIDLANDS,Organic,34.0,True,True,0,3.8
100660,2023-05-03,West Midlands,Paid Search,28.0,False,False,3,3.1
100661,2023-12-28,East of England,Paid Search,52.0,True,False,1,3.2
100662,2023-06-18,Yorkshire,Email,27.0,False,False,2,4.5
100663,2023-01-11,Scotland,Organic,51.0,True,False,0,3.2
100664,2023-10-20,Yorkshire,Paid Search,38.0,False,False,1,5.0
100665,2025-01-24,YORKSHIRE,Social,18.0,False,False,1,3.6
100666,2025-01-24,London,Email,60.0,True,False,0,3.6
100667,2022-09-05,Wales,Referral,18.0,False,False,0,3.9
100668,2023-08-17,Wales,Paid Search,,True,False,1,4.2
100669,2024-02-05,West Midlands,Referral,44.0,True,True,0,
100670,2023-08-05,South West,Email,18.0,True,False,1,2.8
100671,2024-03-31,West Midlands,Social,47.0,True,False,1,
100672,2023-06-22,London,Paid Search,32.0,True,False,0,3.4
100673,2024-09-22,Wales,Organic,,False,True,0,5.0
100674,2023-11-26,North West,Paid Search,58.0,True,True,1,3.6
100675,2024-08-25,West Midlands,Email,43.0,False,False,1,4.3
100676,2024-04-10,Yorkshire,Email,,True,False,0,2.1
100677,2024-03-22,Scotland,Paid Search,39.0,True,False,0,3.1
100678,2024-04-01,,Paid Search,64.0,True,True,1,3.6
100679,2024-06-04,Wales,Referral,46.0,False,True,1,5.0
100680,2023-08-22,West Midlands,Organic,30.0,False,False,3,4.2
100681,2023-09-11,Yorkshire,Social,35.0,False,True,1,5.0
100682,2022-05-31,East of England,Affiliate,26.0,True,False,1,5.0
100683,2025-01-24,North East,Paid Search,35.0,False,True,1,4.9
100684,2023-02-22,Scotland,Social,62.0,True,True,0,4.8
100685,2024-01-19,SCOTLAND,Email,39.0,False,True,2,4.1
100686,2024-02-04,North East,Organic,24.0,True,True,0,5.0
100687,2024-04-01,Scotland,Organic,47.0,True,False,1,3.5
100688,2024-06-06,North West,Referral,36.0,True,True,0,
100689,2024-03-30,,Paid Search,48.0,False,False,1,3.7
100690,2023-12-20,West Midlands,Paid Search,38.0,True,False,1,4.6
100691,2024-07-04,South East,Organic,60.0,True,False,0,3.6
100692,2023-11-25,West Midlands,Email,29.0,True,False,1,3.7
100693,2023-07-09,Yorkshire,Organic,26.0,True,True,0,2.7
100694,2023-09-02,Yorkshire,Paid Search,53.0,False,False,1,
100695,2023-09-08,South East,Organic,18.0,False,False,2,4.4
100696,2024-05-13,Scotland,Organic,39.0,False,False,1,3.1
100697,2024-07-31,Scotland,Email,51.0,True,False,1,4.1
100698,2023-06-24,London,Referral,18.0,False,False,1,4.3
100699,2023-11-30,North West,Organic,42.0,False,False,1,
100700,2023-11-30,South West,Email,22.0,False,False,0,4.3
100701,2023-11-21,London,Email,18.0,False,False,1,4.6
100702,2023-11-26,West Midlands,Email,27.0,False,True,0,3.9
100703,2024-11-06,Scotland,Social,39.0,True,True,0,2.9
100704,2024-01-11,South East,Paid Search,32.0,False,True,0,3.9
100705,2024-12-08,East of England,Social,55.0,False,False,0,
100706,2024-02-14,South West,Social,42.0,True,False,0,3.8
100707,2024-02-21,West Midlands,Social,35.0,False,True,1,
100708,2023-11-05,North West,Organic,24.0,True,False,0,4.5
100709,2024-05-19,South West,Paid Search,44.0,True,True,2,4.4
100710,2024-01-19,North West,Paid Search,,False,False,1,3.5
100711,2025-01-24,South East,Paid Search,32.0,False,False,2,
100712,2023-12-19,London,Paid Search,33.0,False,False,2,5.0
100713,2023-11-23,London,Paid Search,,False,True,0,
100714,2025-01-24,Wales,Paid Search,56.0,True,False,3,5.0
100715,2023-06-06,North East,Paid Search,53.0,True,True,1,5.0
100716,2023-07-11,Yorkshire,Affiliate,35.0,True,True,2,4.1
100717,2022-07-28,North East,Social,33.0,False,False,1,3.5
100718,2023-10-03,South West,Organic,29.0,True,True,1,3.7
100719,2022-12-17,Scotland,Email,37.0,True,False,1,3.3
100720,2024-03-28,South West,Organic,54.0,False,False,2,3.7
100721,2025-01-24,Scotland,Paid Search,42.0,True,True,1,3.1
100722,2023-05-17,North East,Social,58.0,False,False,0,3.1
100723,2023-04-01,Wales,Organic,32.0,False,False,1,
100724,2023-06-16,Wales,Social,18.0,False,True,0,3.5
100725,2023-06-24,Yorkshire,Paid Search,75.0,True,True,0,2.3
100726,2024-05-30,Yorkshire,Organic,44.0,True,True,4,4.8
100727,2023-11-19,South East,Paid Search,51.0,True,False,0,4.9
100728,2023-05-12,East of England,Organic,31.0,True,True,1,4.5
100729,2023-05-05,South East,Email,23.0,True,True,2,2.1
100730,2023-12-09,Yorkshire,Paid Search,43.0,True,False,2,3.8
100731,2023-04-02,South East,Organic,18.0,False,True,0,4.4
100732,2023-11-15,Scotland,Paid Search,38.0,True,True,0,5.0
100733,2023-12-13,South West,Email,54.0,True,False,3,5.0
100734,2022-07-10,West Midlands,Social,47.0,True,False,2,4.0
100735,2025-01-24,East of England,Email,44.0,True,False,2,4.1
100736,2023-09-16,North West,Social,64.0,False,True,0,4.4
100737,2023-09-02,North West,Affiliate,46.0,True,False,3,3.5
100738,2024-01-03,SOUTH EAST,Paid Search,18.0,True,False,1,
100739,2023-06-16,South East,Email,39.0,False,True,1,4.8
100740,2022-05-21,West Midlands,Organic,66.0,False,True,1,4.6
100741,2023-07-04,South East,Organic,37.0,False,False,1,3.8
100742,2023-03-22,Wales,Email,65.0,False,False,1,1.8
100743,2023-05-07,South West,Affiliate,54.0,False,True,0,2.1
100744,2024-07-29,North West,Email,36.0,False,False,3,3.9
100745,2024-02-18,Wales,Organic,27.0,False,True,0,4.0
100746,2023-08-10,West Midlands,Social,45.0,False,False,1,3.8
100747,2024-02-27,YORKSHIRE,Paid Search,58.0,False,False,1,4.8
100748,2025-01-24,East of England,Social,20.0,False,True,4,4.2
100749,2025-01-24,South West,Organic,43.0,True,False,1,2.2
100750,2024-02-29,London,Paid Search,18.0,False,True,1,5.0
100751,2024-05-08,North West,Paid Search,37.0,True,False,0,1.7
100752,2023-10-13,,Affiliate,19.0,True,False,1,3.5
100753,2024-01-22,Yorkshire,Paid Search,48.0,True,True,0,3.1
100754,2024-06-09,Wales,Organic,32.0,False,False,1,4.4
100755,2024-05-11,Scotland,Paid Search,56.0,True,False,1,2.8
100756,2024-03-21,Scotland,Organic,34.0,False,False,1,4.6
100757,2022-10-15,London,Paid Search,33.0,True,False,2,2.9
100758,2023-06-21,Yorkshire,Email,20.0,True,False,0,4.6
100759,2024-04-01,Scotland,Paid Search,46.0,False,False,2,1.8
100760,2025-01-03,East of England,Paid Search,47.0,True,True,3,3.8
100761,2023-05-19,Wales,Paid Search,,False,False,0,4.6
100762,2022-10-24,Yorkshire,Organic,50.0,False,False,0,3.0
100763,2022-11-03,London,Social,46.0,True,False,1,4.3
100764,2023-07-17,Wales,Paid Search,49.0,True,True,1,3.4
100765,2023-10-27,Scotland,Email,50.0,True,False,1,4.2
100766,2022-12-27,Scotland,Organic,53.0,True,True,0,3.7
100767,2022-12-19,Wales,Paid Search,21.0,False,False,0,4.7
100768,2023-08-13,Yorkshire,Paid Search,35.0,True,False,0,4.3
100769,2023-07-25,South West,Social,20.0,True,False,1,4.3
100770,2024-03-14,Wales,Organic,45.0,False,False,1,3.5
100771,2023-07-28,Scotland,Social,62.0,False,True,0,3.1
100772,2023-07-15,North East,Email,53.0,True,False,1,4.4
100773,2025-01-24,South East,Paid Search,33.0,True,False,0,3.4
100774,2023-02-07,Wales,Organic,48.0,True,True,0,5.0
100775,2023-03-03,Wales,Organic,46.0,True,False,1,5.0
100776,2022-12-23,London,Paid Search,44.0,True,False,0,3.4
100777,2024-04-20,South East,Organic,24.0,False,False,1,3.3
100778,2024-03-20,London,Social,58.0,False,False,1,4.4
100779,2023-07-18,North West,Social,26.0,True,True,1,3.5
100780,2024-07-19,North East,Social,36.0,True,True,0,4.0
100781,2023-08-12,South East,Paid Search,53.0,True,True,3,3.7
100782,2024-04-06,London,Organic,36.0,False,True,0,4.6
100783,2024-10-14,Scotland,Email,42.0,False,False,1,3.3
100784,2023-05-26,WEST MIDLANDS,Organic,43.0,False,False,2,2.4
100785,2023-10-17,East of England,Social,42.0,True,True,2,
100786,2024-10-21,East of England,Social,42.0,True,False,0,
100787,2024-03-15,Wales,Organic,44.0,False,False,4,3.1
100788,2024-12-29,Scotland,Paid Search,42.0,True,True,1,
100789,2024-04-07,Scotland,Social,29.0,True,False,0,4.7
100790,2023-10-30,London,Social,21.0,False,False,0,4.6
100791,2023-09-20,North East,Paid Search,54.0,False,False,0,4.4
100792,2023-10-21,North West,Paid Search,55.0,True,True,0,3.8
100793,2024-01-30,Yorkshire,Paid Search,45.0,False,False,0,5.0
100794,2023-09-01,Wales,Social,45.0,True,False,0,2.9
100795,2023-11-09,East of England,Paid Search,,False,False,1,3.8
100796,2022-11-01,East of England,Referral,18.0,False,True,3,4.3
100797,2023-04-19,South East,Affiliate,38.0,False,False,0,
100798,2024-01-18,South West,Affiliate,18.0,True,True,2,
100799,2024-11-09,South East,Paid Search,43.0,True,False,3,2.7
100800,2024-07-18,East of England,Organic,58.0,False,False,1,3.7
100801,2024-08-26,YORKSHIRE,Referral,33.0,True,True,0,5.0
100802,2023-05-05,Scotland,Email,34.0,True,False,0,3.4
100803,2024-10-17,South West,Organic,28.0,False,False,0,5.0
100804,2023-06-03,South West,Referral,42.0,False,False,1,5.0
100805,2022-06-11,North West,Social,41.0,False,False,2,2.7
100806,2024-10-09,West Midlands,Email,28.0,True,False,2,3.0
100807,2024-05-12,SCOTLAND,Affiliate,53.0,True,False,2,5.0
100808,2024-01-24,South East,Affiliate,76.0,True,True,1,3.9
100809,2023-10-23,,Social,56.0,False,True,1,1.9
100810,2023-11-11,,Paid Search,40.0,False,True,1,4.9
100811,2022-05-09,Scotland,Social,39.0,True,False,0,5.0
100812,2023-01-10,North West,Social,34.0,True,False,2,4.5
100813,2024-02-04,NORTH WEST,Social,34.0,False,True,0,4.5
100814,2023-08-01,Wales,Organic,53.0,True,False,0,5.0
100815,2023-09-15,SOUTH EAST,Social,54.0,True,True,1,3.7
100816,2022-10-17,South East,Social,26.0,False,False,2,2.3
100817,2024-02-11,West Midlands,Affiliate,46.0,True,True,0,5.0
100818,2025-01-24,London,Referral,55.0,False,False,0,3.8
100819,2022-09-29,Wales,Organic,36.0,False,False,0,5.0
100820,2023-04-20,North East,Social,38.0,False,True,1,3.7
100821,2024-02-05,Wales,Social,50.0,True,False,0,
100822,2023-05-27,South West,Social,50.0,False,False,1,3.0
100823,2024-09-10,South East,Paid Search,47.0,False,False,1,4.7
100824,2024-07-21,Yorkshire,Email,44.0,False,True,1,5.0
100825,2023-08-07,London,Email,46.0,True,False,0,4.7
100826,2024-11-14,West Midlands,Organic,37.0,False,True,0,4.1
100827,2023-10-19,Scotland,Referral,26.0,False,False,0,
100828,2022-11-06,East of England,Affiliate,21.0,True,False,3,2.6
100829,2024-04-03,North West,Email,49.0,False,True,0,5.0
100830,2024-08-16,North West,Affiliate,42.0,True,False,2,3.4
100831,2023-08-31,Wales,Organic,47.0,True,True,2,2.1
100832,2024-06-28,North West,Referral,30.0,True,False,2,5.0
100833,2025-01-24,Scotland,Affiliate,42.0,True,False,1,4.3
100834,2025-01-24,North West,Social,42.0,True,False,0,
100835,2024-04-18,Wales,Paid Search,58.0,False,False,0,3.4
100836,2025-01-24,Yorkshire,Paid Search,52.0,True,True,1,
100837,2023-10-27,South East,Organic,31.0,True,False,5,2.2
100838,2024-02-25,South East,Email,48.0,True,False,1,3.4
100839,2024-02-26,NORTH EAST,Social,31.0,False,False,1,4.4
100840,2022-10-26,North East,Email,18.0,True,False,2,3.2
100841,2024-01-06,South West,Email,63.0,False,False,0,2.9
100842,2023-07-09,London,Paid Search,36.0,False,False,0,3.5
100843,2023-10-25,South West,Paid Search,55.0,False,False,1,3.7
100844,2023-06-18,East of England,Email,32.0,False,False,1,3.8
100845,2023-11-11,North East,Organic,31.0,False,False,1,3.0
100846,2024-04-03,Scotland,Affiliate,34.0,False,True,0,4.3
100847,2024-08-19,Scotland,Referral,44.0,True,False,4,3.4
100848,2023-07-14,East of England,Organic,43.0,True,False,0,4.3
100849,2023-03-31,South East,Social,47.0,False,False,2,2.7
100850,2023-12-30,South West,Referral,35.0,False,True,1,3.9
100851,2023-07-20,Scotland,Referral,42.0,False,True,0,3.4
100852,2022-12-07,South East,Social,30.0,False,False,2,1.6
100853,2023-02-13,Wales,Affiliate,60.0,False,False,2,3.5
100854,2023-12-14,North West,Social,24.0,True,False,1,5.0
100855,2024-09-04,Wales,Paid Search,30.0,True,True,0,4.2
100856,2025-01-24,North West,Social,35.0,True,True,0,2.9
100857,2023-11-21,SCOTLAND,Email,72.0,False,False,2,2.0
100858,2024-02-20,Scotland,Affiliate,51.0,False,False,1,4.8
100859,2024-01-04,South West,Paid Search,30.0,True,True,0,4.4
100860,2025-01-24,South East,Organic,52.0,True,True,0,4.1
100861,2025-01-24,North West,Social,48.0,False,False,0,
100862,2024-10-20,South East,Referral,45.0,False,True,0,4.6
100863,2024-09-15,North West,Email,50.0,False,False,2,4.1
100864,2023-03-05,Scotland,Paid Search,42.0,True,False,0,5.0
100865,2023-09-15,Yorkshire,Referral,43.0,True,False,1,4.7
100866,2023-11-29,Wales,Social,21.0,False,True,2,4.4
100867,2024-11-23,Scotland,Referral,60.0,True,False,2,4.7
100868,2023-03-13,,Referral,35.0,True,False,0,4.1
100869,2024-05-09,South East,Paid Search,25.0,True,False,1,4.0
100870,2025-01-15,,Affiliate,34.0,False,False,2,4.7
100871,2023-02-27,South West,Organic,35.0,True,False,1,3.5
100872,2023-12-06,East of England,Affiliate,31.0,True,False,2,3.1
100873,2025-01-24,Yorkshire,Paid Search,51.0,True,False,1,3.5
100874,2025-01-24,Scotland,Email,54.0,True,False,1,
100875,2023-10-05,Yorkshire,Organic,18.0,False,False,1,
100876,2024-11-30,Wales,Paid Search,34.0,False,False,0,3.8
100877,2024-02-09,South East,Affiliate,35.0,True,False,1,3.6
100878,2023-06-12,Scotland,Organic,39.0,False,True,1,5.0
100879,2024-12-11,North West,Paid Search,63.0,True,False,1,5.0
100880,2024-05-27,South East,Referral,30.0,False,False,1,4.5
100881,2023-03-20,East of England,Organic,61.0,False,False,1,2.7
100882,2023-05-09,South West,Social,39.0,True,False,2,3.7
100883,2024-06-12,Wales,Affiliate,,False,False,1,4.8
100884,2024-01-06,London,Organic,37.0,True,False,0,
100885,2024-01-20,South East,Paid Search,35.0,False,False,1,4.7
100886,2023-06-06,Yorkshire,Email,41.0,False,True,1,4.8
100887,2023-08-26,Wales,Email,58.0,True,False,2,2.5
100888,2024-04-23,North East,Paid Search,43.0,False,True,1,
100889,2025-01-24,South West,Social,44.0,True,False,2,3.8
100890,2023-11-20,North East,Organic,49.0,False,False,3,2.8
100891,2024-03-31,Wales,Paid Search,30.0,True,False,3,3.3
100892,2024-03-01,West Midlands,Organic,45.0,False,False,3,
100893,2023-11-02,Yorkshire,Referral,33.0,True,False,0,4.8
100894,2024-05-23,East of England,Organic,60.0,True,False,2,4.6
100895,2023-10-21,West Midlands,Paid Search,46.0,False,True,1,3.7
100896,2023-09-28,Wales,Affiliate,50.0,False,True,0,3.3
100897,2024-09-22,South West,Organic,18.0,True,False,0,3.6
100898,2023-11-15,Yorkshire,Affiliate,50.0,False,True,0,3.7
100899,2024-11-09,Scotland,Referral,39.0,False,True,0,4.6
100900,2024-06-22,South West,Organic,22.0,False,True,0,5.0
100901,2022-11-05,North West,Organic,42.0,True,True,1,4.5
100902,2022-12-06,North West,Paid Search,21.0,False,False,1,3.3
100903,2024-04-30,Scotland,Paid Search,49.0,True,False,0,3.6
100904,2021-12-23,South East,Paid Search,60.0,False,True,0,3.6
100905,2024-09-18,Scotland,Organic,18.0,False,False,1,5.0
100906,2023-09-10,Scotland,Organic,41.0,True,False,1,3.9
100907,2024-02-22,Yorkshire,Email,39.0,True,False,0,4.6
100908,2024-01-21,,Organic,18.0,False,False,0,
100909,2024-08-07,Wales,Organic,53.0,True,True,0,3.5
100910,2024-10-17,North West,Paid Search,49.0,True,False,0,4.7
100911,2023-07-11,Scotland,Paid Search,67.0,True,True,1,1.0
100912,2023-09-15,South West,Email,47.0,False,False,1,4.2
100913,2023-01-06,North West,Email,30.0,True,True,2,3.5
100914,2023-11-01,,Organic,48.0,True,False,0,3.3
100915,2023-05-24,North East,Social,58.0,False,True,3,1.4
100916,2022-12-26,West Midlands,Organic,35.0,False,False,1,4.9
100917,2024-02-13,North West,Referral,52.0,False,False,0,5.0
100918,2024-04-21,South East,Organic,18.0,True,False,1,3.8
100919,2024-03-28,London,Email,60.0,False,False,4,3.6
100920,2023-01-29,North West,Paid Search,51.0,True,True,0,3.7
100921,2024-03-22,Wales,Organic,18.0,False,True,1,4.7
100922,2024-05-15,North West,Social,46.0,True,False,1,4.9
100923,2024-06-02,North East,Paid Search,18.0,False,False,0,
100924,2024-05-14,North East,Social,33.0,False,False,2,3.8
100925,2023-10-10,East of England,Social,50.0,True,False,0,5.0
100926,2024-01-31,,Paid Search,39.0,True,False,2,3.0
100927,2023-09-09,Scotland,Affiliate,57.0,True,False,0,4.3
100928,2024-04-23,North East,Paid Search,42.0,True,False,2,5.0
100929,2024-08-25,Yorkshire,Referral,41.0,True,False,4,3.6
100930,2024-03-19,London,Organic,55.0,True,False,1,5.0
100931,2024-08-23,Wales,Paid Search,37.0,True,False,0,4.9
100932,2024-01-20,North East,Paid Search,41.0,True,True,3,4.0
100933,2025-01-24,Wales,Email,42.0,True,False,0,3.7
100934,2025-01-24,Scotland,Email,40.0,False,False,0,4.7
100935,2024-07-03,South East,Social,56.0,True,True,0,3.4
100936,2022-12-17,Yorkshire,Organic,32.0,True,False,1,4.5
100937,2023-08-10,Wales,Paid Search,,True,False,3,3.5
100938,2023-10-30,Wales,Email,27.0,True,False,0,5.0
100939,2023-05-31,East of England,Referral,18.0,True,False,1,4.3
100940,2024-03-25,South West,Organic,60.0,True,True,0,2.8
100941,2025-01-24,London,Referral,29.0,True,False,1,5.0
100942,2023-11-21,East of England,Social,38.0,True,True,1,3.7
100943,2024-06-21,South East,Social,61.0,True,False,0,
100944,2024-06-23,South West,Social,39.0,False,False,1,5.0
100945,2024-06-07,London,Paid Search,48.0,False,True,1,
100946,2025-01-24,Yorkshire,Paid Search,23.0,False,False,1,4.5
100947,2023-07-11,North East,Email,59.0,True,False,2,3.8
100948,2023-05-27,South East,Affiliate,39.0,True,False,0,3.6
100949,2024-08-22,Scotland,Social,28.0,False,False,1,
100950,2023-11-22,London,Paid Search,28.0,False,False,1,3.7
100951,2023-07-24,South West,Paid Search,63.0,True,True,0,4.0
100952,2023-06-16,North East,Organic,33.0,False,True,0,3.8
100953,2023-10-16,London,Social,28.0,True,True,1,4.0
100954,2023-03-29,Yorkshire,Paid Search,35.0,True,False,3,2.1
100955,2022-06-23,South West,Paid Search,42.0,False,True,0,4.1
100956,2025-01-24,London,Email,43.0,False,False,0,4.1
100957,2024-10-12,Scotland,Paid Search,47.0,False,False,0,4.6
100958,2025-01-08,South East,Organic,,False,False,1,4.5
100959,2023-05-26,North East,Email,49.0,True,True,2,2.0
100960,2023-05-24,Yorkshire,Paid Search,37.0,True,True,0,4.4
100961,2024-09-20,Yorkshire,Organic,68.0,True,False,1,4.7
100962,2023-09-30,North East,Paid Search,35.0,True,False,0,3.2
100963,2023-07-20,South West,Organic,59.0,False,False,0,4.0
100964,2022-12-13,West Midlands,Referral,33.0,True,True,1,2.9
100965,2024-11-24,East of England,Email,22.0,True,False,1,4.4
100966,2024-07-09,North West,Paid Search,19.0,False,False,3,3.1
100967,2022-11-13,Yorkshire,Paid Search,,True,False,2,2.4
100968,2024-02-10,Wales,Organic,56.0,True,False,0,3.1
100969,2023-09-18,North East,Referral,26.0,False,False,3,4.6
100970,2024-01-14,North East,Email,,True,True,4,4.4
100971,2023-02-28,Scotland,Social,46.0,False,False,0,5.0
100972,2024-02-19,Wales,Paid Search,41.0,True,False,0,4.0
100973,2023-12-20,Wales,Affiliate,33.0,True,True,0,1.7
100974,2023-11-20,Yorkshire,Email,24.0,True,False,0,
100975,2025-01-24,London,Paid Search,45.0,True,False,0,4.9
100976,2024-05-31,South East,Organic,49.0,True,True,0,3.3
100977,2024-06-11,East of England,Organic,47.0,False,False,0,4.8
100978,2024-05-31,Wales,Social,41.0,True,False,1,4.3
100979,2024-03-17,North East,Organic,27.0,True,True,2,
100980,2024-01-17,North West,Paid Search,45.0,True,False,1,3.5
100981,2025-01-24,Wales,Social,44.0,False,False,1,3.5
100982,2024-11-06,Wales,Social,24.0,True,False,2,2.7
100983,2024-05-31,Scotland,Organic,37.0,True,True,2,3.9
100984,2024-08-12,West Midlands,Organic,46.0,False,True,2,4.6
100985,2023-07-10,Scotland,Paid Search,40.0,False,False,1,3.2
100986,2024-01-31,,Organic,18.0,True,True,4,3.4
100987,2023-08-13,Wales,Email,33.0,True,False,1,4.5
100988,2024-12-31,South East,Social,32.0,False,True,0,3.8
100989,2024-08-02,West Midlands,Affiliate,48.0,True,False,0,3.2
100990,2024-11-14,South East,Email,75.0,False,True,3,4.2
100991,2024-11-21,North East,Email,43.0,True,False,1,
100992,2025-01-24,Scotland,Organic,25.0,True,True,0,5.0
100993,2024-02-16,North West,Paid Search,39.0,True,False,1,4.8
100994,2022-12-26,North West,Referral,41.0,True,True,0,
100995,2024-01-02,London,Social,51.0,True,True,2,2.4
100996,2023-09-16,Scotland,Referral,57.0,False,True,1,4.7
100997,2023-03-24,South West,Social,59.0,False,False,0,4.8
100998,2023-05-11,West Midlands,Organic,48.0,True,True,3,1.7
100999,2024-10-24,,Paid Search,41.0,False,False,3,3.3
101000,2023-07-19,East of England,Organic,60.0,True,True,0,3.3
101001,2024-05-17,West Midlands,Social,36.0,False,False,1,5.0
101002,2022-10-14,South West,Affiliate,42.0,True,True,2,5.0
101003,2024-03-09,WEST MIDLANDS,Referral,38.0,True,True,0,3.3
101004,2024-02-19,Scotland,Social,18.0,True,False,0,3.0
101005,2024-02-26,North East,Organic,58.0,False,True,0,2.1
101006,2022-12-25,Wales,Paid Search,50.0,True,False,3,1.7
101007,2024-01-02,Yorkshire,Organic,18.0,False,False,3,3.4
101008,2024-07-06,West Midlands,Affiliate,54.0,True,False,1,3.4
101009,2025-01-24,North East,Email,37.0,False,True,1,4.0
101010,2025-01-22,Scotland,Social,54.0,False,True,0,4.5
101011,2025-01-24,WEST MIDLANDS,Referral,42.0,True,True,1,4.2
101012,2023-11-17,Yorkshire,Paid Search,23.0,False,False,0,3.4
101013,2023-03-22,Scotland,Affiliate,41.0,True,False,0,
101014,2023-06-30,Wales,Email,29.0,True,False,1,3.3
101015,2024-04-08,North West,Paid Search,25.0,True,False,0,3.6
101016,2025-01-24,London,Email,52.0,True,False,1,
101017,2024-12-24,Scotland,Paid Search,46.0,False,False,2,4.7
101018,2022-09-05,North East,Social,60.0,True,False,1,4.8
101019,2023-06-07,London,Organic,36.0,True,False,1,3.3
101020,2023-03-01,Wales,Paid Search,28.0,True,True,3,3.2
101021,2024-10-04,London,Social,49.0,False,True,1,4.6
101022,2022-11-23,Yorkshire,Organic,30.0,False,True,2,3.1
101023,2024-05-23,Scotland,Paid Search,37.0,False,False,1,3.7
101024,2024-06-16,South East,Referral,48.0,False,False,0,4.9
101025,2024-01-01,SOUTH WEST,Paid Search,39.0,False,True,1,4.6
101026,2024-01-14,South East,Social,35.0,False,True,1,3.2
101027,2024-05-08,Scotland,Social,23.0,True,False,0,3.2
101028,2025-01-24,Yorkshire,Paid Search,53.0,True,False,2,2.6
101029,2023-10-05,Yorkshire,Affiliate,36.0,False,True,0,4.2
101030,2023-12-31,London,Organic,49.0,True,False,0,4.6
101031,2024-03-20,Scotland,Paid Search,47.0,True,False,4,3.1
101032,2025-01-24,East of England,Organic,55.0,False,True,1,4.9
101033,2022-08-13,Yorkshire,Social,38.0,True,False,0,2.9
101034,2025-01-15,SOUTH WEST,Paid Search,36.0,False,False,0,2.4
101035,2024-11-08,SOUTH WEST,Organic,27.0,False,False,0,
101036,2024-03-29,South East,Social,34.0,True,False,1,3.9
101037,2023-08-15,Wales,Email,45.0,False,True,0,3.9
101038,2024-02-26,Wales,Organic,30.0,True,False,0,4.8
101039,2023-07-05,Wales,Organic,,False,False,2,5.0
101040,2023-10-12,Wales,Paid Search,60.0,True,False,0,
101041,2025-01-24,NORTH WEST,Organic,35.0,True,False,2,3.6
101042,2023-09-16,East of England,Email,24.0,True,False,0,2.4
101043,2024-07-12,Scotland,Organic,36.0,False,False,2,4.6
101044,2022-09-21,North East,Paid Search,23.0,False,False,0,4.0
101045,2023-09-28,Wales,Organic,58.0,False,False,2,3.3
101046,2025-01-24,South East,Social,42.0,False,False,2,3.5
101047,2025-01-24,North East,Social,32.0,False,False,1,5.0
101048,2023-04-29,East of England,Organic,34.0,False,False,1,4.1
101049,2024-02-13,Yorkshire,Social,26.0,True,False,0,5.0
101050,2025-01-24,Scotland,Social,54.0,False,True,0,5.0
101051,2023-12-07,Scotland,Paid Search,65.0,False,True,2,4.2
101052,2023-06-21,South West,Organic,22.0,False,True,1,3.1
101053,2023-03-01,,Paid Search,55.0,True,True,0,4.1
101054,2023-09-09,Yorkshire,Referral,38.0,False,False,0,4.6
101055,2025-01-24,North East,Paid Search,57.0,True,False,2,3.9
101056,2023-06-20,North West,Organic,18.0,True,False,2,3.4
101057,2024-08-05,Scotland,Social,44.0,True,False,1,
101058,2024-04-30,Yorkshire,Social,36.0,False,True,2,4.9
101059,2025-01-24,South East,Email,50.0,False,True,1,4.9
101060,2024-04-29,Scotland,Organic,42.0,True,True,1,
101061,2024-06-04,Wales,Organic,41.0,False,False,0,2.8
101062,2022-10-07,East of England,Social,40.0,True,True,1,5.0
101063,2025-01-24,South West,Email,61.0,True,True,0,4.3
101064,2024-07-19,South East,Affiliate,39.0,False,True,1,3.7
101065,2023-06-12,South East,Social,52.0,True,False,2,1.5
101066,2023-05-24,Scotland,Organic,49.0,False,False,0,4.6
101067,2024-10-27,West Midlands,Paid Search,53.0,True,True,1,4.4
101068,2023-01-16,London,Affiliate,,True,True,1,3.8
101069,2024-06-06,Yorkshire,Email,50.0,False,True,1,4.3
101070,2023-10-21,South West,Paid Search,45.0,True,False,1,4.5
101071,2024-03-23,South West,Organic,26.0,False,True,0,2.9
101072,2024-08-03,South East,Social,38.0,False,True,1,5.0
101073,2023-03-13,South West,Paid Search,71.0,True,True,0,2.4
101074,2024-05-06,West Midlands,Email,36.0,False,False,2,2.1
101075,2023-07-01,SOUTH EAST,Social,36.0,True,True,2,3.8
101076,2024-03-30,Scotland,Paid Search,47.0,False,False,0,5.0
101077,2024-05-15,North West,Affiliate,34.0,True,False,1,3.3
101078,2025-01-24,East of England,Affiliate,,True,False,2,3.9
101079,2024-06-02,South West,Paid Search,35.0,True,True,1,2.7
101080,2023-05-07,South West,Organic,46.0,False,False,2,4.5
101081,2023-08-28,South East,Referral,40.0,True,False,3,2.4
101082,2023-06-01,West Midlands,Organic,,False,True,4,2.8
101083,2025-01-24,Scotland,Affiliate,42.0,False,True,1,
101084,2023-07-27,North East,Paid Search,,True,False,2,2.6
101085,2025-01-24,,Email,54.0,False,False,2,4.4
101086,2024-11-15,East of England,Social,23.0,False,False,0,4.3
101087,2024-09-27,West Midlands,Organic,63.0,True,False,2,4.2
101088,2024-02-09,North West,Email,28.0,True,False,1,3.1
101089,2024-09-16,South West,Paid Search,57.0,False,True,1,4.2
101090,2024-02-08,Wales,Paid Search,60.0,False,False,3,3.8
101091,2024-01-01,London,Paid Search,34.0,False,True,2,3.8
101092,2024-01-16,Yorkshire,Paid Search,35.0,False,False,2,4.6
101093,2024-01-29,South West,Paid Search,40.0,True,False,1,2.9
101094,2023-04-30,South East,Organic,49.0,True,True,4,3.4
101095,2024-09-25,East of England,Paid Search,28.0,False,True,0,4.0
101096,2023-05-28,Scotland,Paid Search,40.0,True,False,0,5.0
101097,2025-01-24,Yorkshire,Paid Search,37.0,False,True,0,2.4
101098,2023-03-26,Yorkshire,Referral,26.0,True,True,0,3.4
101099,2023-08-03,Wales,Paid Search,27.0,False,False,0,3.8
101100,2023-08-22,London,Email,43.0,True,False,0,4.7
101101,2024-07-15,North West,Paid Search,42.0,False,False,1,3.4
101102,2025-01-24,West Midlands,Paid Search,31.0,True,False,2,3.8
101103,2025-01-24,Wales,Organic,42.0,False,True,3,
101104,2023-02-17,Yorkshire,Organic,33.0,False,False,0,3.6
101105,2025-01-24,South East,Social,58.0,True,True,4,4.6
101106,2023-05-05,London,Email,40.0,True,True,3,4.4
101107,2024-12-28,North East,Organic,55.0,False,True,1,3.8
101108,2023-09-02,South East,Paid Search,19.0,True,True,2,4.0
101109,2024-07-02,,Referral,45.0,False,False,1,5.0
101110,2023-12-23,SCOTLAND,Paid Search,49.0,False,False,2,3.3
101111,2024-07-06,Yorkshire,Email,39.0,False,False,0,4.5
101112,2024-11-07,North West,Social,,True,False,0,4.0
101113,2023-11-17,South East,Organic,39.0,True,False,1,4.2
101114,2024-01-06,London,Organic,51.0,True,True,0,2.7
101115,2024-01-14,Scotland,Organic,25.0,True,True,0,4.9
101116,2022-11-09,North East,Social,50.0,False,False,0,3.9
101117,2025-01-24,South East,Affiliate,45.0,True,False,1,3.8
101118,2025-01-08,Yorkshire,Organic,38.0,True,False,1,
101119,2023-11-11,South East,Affiliate,38.0,True,False,1,3.3
101120,2024-06-21,East of England,Paid Search,42.0,True,True,0,3.2
101121,2023-10-07,London,Paid Search,,False,True,1,4.0
101122,2024-03-08,North West,Social,46.0,True,False,2,5.0
101123,2024-05-11,London,Affiliate,29.0,True,True,1,3.0
101124,2024-01-07,East of England,Organic,35.0,True,False,0,4.4
101125,2023-10-03,South West,Email,26.0,True,True,1,4.9
101126,2024-01-16,South East,Organic,18.0,False,True,2,
101127,2025-01-24,Scotland,Referral,26.0,False,False,0,3.8
101128,2024-09-23,North West,Email,43.0,False,True,2,4.0
101129,2022-12-23,,Email,58.0,False,False,0,2.4
101130,2023-12-13,London,Social,54.0,True,False,3,3.0
101131,2023-10-14,North East,Social,26.0,True,False,0,5.0
101132,2023-08-08,East of England,Affiliate,31.0,True,False,0,3.9
101133,2024-11-07,East of England,Social,29.0,False,True,1,4.0
101134,2024-03-27,North West,Organic,18.0,True,False,1,2.4
101135,2024-03-27,North West,Referral,39.0,True,True,0,4.4
101136,2024-09-11,South West,Social,51.0,True,False,0,
101137,2024-02-26,Scotland,Social,38.0,False,False,3,3.8
101138,2023-05-06,South East,Email,25.0,True,False,1,1.6
101139,2024-09-10,Scotland,Organic,30.0,True,False,0,4.0
101140,2024-03-06,Yorkshire,Organic,37.0,True,False,0,4.1
101141,2025-01-24,YORKSHIRE,Paid Search,51.0,True,True,1,
101142,2024-10-31,YORKSHIRE,Referral,39.0,False,False,0,3.5
101143,2025-01-24,Wales,Social,49.0,False,False,2,3.4
101144,2023-09-25,North West,Referral,40.0,False,True,1,4.6
101145,2023-12-29,Yorkshire,Organic,,False,True,0,3.5
101146,2025-01-24,Wales,Affiliate,29.0,True,False,0,5.0
101147,2024-09-10,North East,Organic,32.0,False,True,0,5.0
101148,2024-04-20,North East,Organic,25.0,False,True,2,4.0
101149,2024-05-15,South West,Affiliate,49.0,False,False,1,4.6
101150,2024-06-17,South East,Social,37.0,True,True,0,5.0
101151,2023-01-12,North East,Affiliate,18.0,True,True,3,
101152,2023-05-07,London,Social,47.0,False,True,1,3.2
101153,2024-10-06,Yorkshire,Paid Search,54.0,False,False,0,4.3
101154,2024-02-03,Scotland,Organic,30.0,False,False,2,4.2
101155,2023-08-31,East of England,Referral,47.0,True,False,1,3.5
101156,2023-10-27,South West,Organic,38.0,True,True,1,5.0
101157,2023-12-15,SOUTH WEST,Email,18.0,False,True,0,4.6
101158,2023-10-10,North West,Paid Search,66.0,True,False,1,2.9
101159,2025-01-24,South West,Organic,38.0,True,False,1,4.4
101160,2023-10-20,South West,Referral,,False,True,1,4.1
101161,2024-03-16,London,Affiliate,33.0,True,False,1,
101162,2024-02-22,EAST OF ENGLAND,Organic,37.0,True,False,0,3.9
101163,2023-08-31,South East,Paid Search,43.0,True,True,0,2.9
101164,2024-05-09,Yorkshire,Paid Search,27.0,True,False,1,5.0
101165,2022-10-19,North West,Paid Search,63.0,True,False,2,4.8
101166,2025-01-24,West Midlands,Referral,52.0,False,False,0,3.6
101167,2024-02-19,North West,Organic,48.0,False,False,1,3.9
101168,2024-09-06,Wales,Organic,39.0,True,False,1,5.0
101169,2023-10-28,North East,Email,31.0,False,False,1,
101170,2023-12-03,South West,Email,54.0,True,True,2,4.8
101171,2025-01-24,,Organic,49.0,True,False,0,3.9
101172,2023-08-05,West Midlands,Referral,36.0,True,False,0,3.3
101173,2025-01-24,South East,Organic,27.0,True,True,1,3.5
101174,2024-02-06,,Paid Search,21.0,True,False,0,4.0
101175,2025-01-24,Scotland,Referral,41.0,True,True,1,
101176,2023-09-13,North West,Paid Search,38.0,False,False,3,3.0
101177,2024-04-14,North West,Affiliate,56.0,False,False,0,
101178,2023-04-28,South East,Social,54.0,True,False,0,2.0
101179,2023-09-08,Wales,Referral,42.0,False,False,2,4.6
101180,2024-12-25,West Midlands,Paid Search,40.0,True,False,1,4.7
101181,2023-01-01,North East,Organic,26.0,True,True,2,3.3
101182,2022-12-31,East of England,Referral,55.0,True,True,0,4.1
101183,2023-09-15,South East,Referral,40.0,True,False,1,
101184,2025-01-24,London,Referral,49.0,True,False,2,3.6
101185,2025-01-24,Scotland,Organic,56.0,True,False,0,3.8
101186,2023-08-01,London,Social,34.0,True,True,1,3.9
101187,2024-03-04,North East,Organic,30.0,True,False,4,2.7
101188,2022-12-15,North East,Organic,73.0,True,False,1,4.2
101189,2023-12-01,East of England,Social,49.0,False,False,0,5.0
101190,2024-08-15,North West,Email,37.0,True,False,1,4.4
101191,2025-01-24,Wales,Social,57.0,False,True,2,3.8
101192,2023-11-01,East of England,Paid Search,37.0,True,False,3,4.3
101193,2022-07-12,West Midlands,Email,45.0,False,True,1,4.2
101194,2023-12-24,Wales,Affiliate,,False,True,2,4.0
101195,2024-04-29,North West,Organic,41.0,True,True,1,4.4
101196,2024-06-05,Yorkshire,Referral,37.0,False,False,0,4.4
101197,2023-09-01,East of England,Referral,31.0,False,False,0,4.6
101198,2024-01-21,North East,Paid Search,44.0,True,True,2,5.0
101199,2025-01-24,South East,Email,33.0,True,True,1,3.4
101200,2023-07-27,North West,Affiliate,48.0,True,True,2,3.9
101201,2023-12-24,Wales,Email,37.0,False,True,1,
101202,2025-01-24,Scotland,Paid Search,19.0,True,False,1,4.1
101203,2025-01-24,South West,Social,49.0,False,False,3,4.1
101204,2022-10-26,SOUTH WEST,Email,49.0,True,True,1,4.8
101205,2023-05-19,West Midlands,Social,70.0,True,False,0,
101206,2025-01-10,West Midlands,Paid Search,41.0,True,False,1,4.9
101207,2025-01-24,Scotland,Paid Search,43.0,True,True,1,3.2
101208,2024-06-26,London,Email,,False,False,2,3.7
101209,2024-11-16,South West,Organic,54.0,True,False,0,2.6
101210,2025-01-24,South East,Affiliate,53.0,False,False,1,3.6
101211,2025-01-24,North East,Organic,45.0,False,False,1,
101212,2024-09-19,South West,Referral,41.0,False,False,1,4.2
101213,2024-06-29,West Midlands,Paid Search,52.0,False,False,0,3.8
101214,2023-02-07,London,Referral,40.0,True,False,0,4.4
101215,2024-05-25,South West,Referral,24.0,False,False,2,4.4
101216,2024-01-08,Scotland,Organic,21.0,True,True,0,3.0
101217,2024-01-06,South East,Organic,37.0,True,True,0,5.0
101218,2025-01-14,Scotland,Referral,43.0,False,False,1,
101219,2023-03-11,North East,Email,73.0,True,False,2,2.7
101220,2023-04-02,East of England,Social,39.0,True,False,0,5.0
101221,2023-11-16,,Organic,42.0,True,True,1,3.8
101222,2022-03-11,Yorkshire,Referral,36.0,True,True,1,2.2
101223,2023-10-25,South East,Email,49.0,False,False,0,2.9
101224,2024-06-20,North East,Organic,45.0,False,False,0,2.6
101225,2023-05-16,South West,Organic,33.0,True,False,5,2.8
101226,2024-08-27,,Paid Search,28.0,True,True,1,3.3
101227,2024-01-17,South West,Email,36.0,True,True,1,3.0
101228,2024-03-25,West Midlands,Referral,30.0,True,False,3,2.9
101229,2023-12-08,South West,Organic,38.0,True,False,1,5.0
101230,2023-10-08,North East,Organic,43.0,True,False,0,
101231,2023-10-10,WEST MIDLANDS,Paid Search,34.0,False,False,0,3.7
101232,2023-09-09,London,Paid Search,60.0,False,True,0,4.5
101233,2024-07-02,South West,Affiliate,56.0,True,False,1,
101234,2023-10-02,Wales,Email,38.0,True,False,3,4.2
101235,2023-04-21,Wales,Organic,28.0,False,False,0,
101236,2024-03-08,North East,Paid Search,41.0,False,False,0,4.8
101237,2023-11-12,West Midlands,Paid Search,39.0,False,False,1,4.4
101238,2023-06-07,North East,Email,40.0,False,False,1,2.5
101239,2023-06-03,North West,Paid Search,36.0,True,False,1,
101240,2023-08-12,Yorkshire,Organic,27.0,True,False,5,3.8
101241,2023-02-25,Wales,Affiliate,41.0,True,False,0,3.5
101242,2024-04-10,North East,Social,36.0,False,False,2,
101243,2023-05-09,East of England,Email,38.0,False,False,2,3.8
101244,2023-09-12,Yorkshire,Paid Search,42.0,True,False,1,4.5
101245,2023-12-26,Scotland,Organic,40.0,False,False,1,4.5
101246,2024-09-01,Wales,Referral,42.0,False,False,2,4.0
101247,2023-10-01,Wales,Email,36.0,False,True,1,2.3
101248,2023-07-28,North West,Email,46.0,False,True,0,3.4
101249,2022-08-24,South East,Social,32.0,True,True,1,2.0
101250,2023-01-01,Wales,Paid Search,27.0,False,True,1,4.5
101251,2023-09-07,Wales,Social,29.0,False,False,3,4.3
101252,2023-01-11,London,Paid Search,32.0,False,True,0,3.5
101253,2024-02-11,Scotland,Paid Search,24.0,True,False,0,2.8
101254,2022-09-29,Yorkshire,Social,19.0,True,True,0,5.0
101255,2023-10-24,London,Paid Search,48.0,False,True,2,3.5
101256,2024-10-30,East of England,Paid Search,58.0,False,True,0,3.2
101257,2024-12-20,North East,Paid Search,48.0,True,False,0,5.0
101258,2024-03-27,North West,Organic,35.0,True,False,1,4.0
101259,2023-12-28,South West,Referral,19.0,True,True,3,2.6
101260,2023-02-08,London,Affiliate,43.0,False,True,0,5.0
101261,2024-01-22,North West,Paid Search,20.0,True,False,4,4.7
101262,2023-04-21,Yorkshire,Paid Search,40.0,True,False,3,
101263,2023-07-23,North East,Referral,31.0,False,True,0,3.4
101264,2024-06-20,Wales,Paid Search,18.0,True,False,0,3.0
101265,2024-07-13,North East,Email,60.0,False,False,1,3.0
101266,2024-04-29,North East,Paid Search,25.0,True,True,3,3.6
101267,2023-01-07,Wales,Social,36.0,False,False,2,1.4
101268,2023-09-25,West Midlands,Paid Search,39.0,True,False,2,4.3
101269,2023-08-24,South East,Email,35.0,True,True,0,
101270,2023-05-15,Wales,Social,47.0,False,False,1,3.2
101271,2024-07-03,South East,Paid Search,31.0,True,False,1,5.0
101272,2024-03-18,Yorkshire,Organic,46.0,True,True,2,3.0
101273,2024-01-29,South West,Social,45.0,True,True,2,4.1
101274,2023-08-31,London,Affiliate,23.0,False,False,1,
101275,2023-04-13,North East,Organic,44.0,False,False,4,5.0
101276,2023-08-26,West Midlands,Paid Search,27.0,False,False,0,3.1
101277,2023-10-30,North West,Social,,True,False,2,5.0
101278,2022-08-17,West Midlands,Paid Search,45.0,True,True,5,2.3
101279,2024-03-20,Scotland,Referral,36.0,False,True,0,4.3
101280,2024-06-22,Scotland,Referral,46.0,True,True,0,4.5
101281,2024-09-03,South East,Paid Search,46.0,False,False,1,4.8
101282,2023-07-14,South East,Social,22.0,True,True,1,3.0
101283,2023-05-14,Scotland,Email,51.0,True,False,1,2.9
101284,2023-01-21,North West,Paid Search,45.0,False,False,1,2.8
101285,2022-11-26,East of England,Social,,True,True,3,3.8
101286,2023-09-01,Wales,Organic,39.0,False,True,2,4.0
101287,2023-08-30,London,Organic,51.0,True,False,0,5.0
101288,2024-02-07,London,Social,37.0,True,True,0,3.2
101289,2023-12-31,East of England,Social,68.0,False,False,1,3.8
101290,2023-11-26,,Email,60.0,False,False,0,3.9
101291,2024-08-18,East of England,Organic,43.0,True,False,3,3.9
101292,2023-11-27,Scotland,Email,38.0,True,True,2,4.5
101293,2023-03-21,Scotland,Organic,39.0,False,False,2,
101294,2024-01-15,East of England,Social,33.0,True,False,0,3.5
101295,2024-06-02,Wales,Paid Search,43.0,True,True,3,3.6
101296,2023-02-26,South East,Social,50.0,True,True,0,4.3
101297,2024-04-03,South East,Organic,,False,False,0,4.3
101298,2025-01-24,East of England,Organic,49.0,True,False,3,5.0
101299,2023-09-13,London,Paid Search,53.0,True,False,1,4.1
101300,2024-02-28,Scotland,Social,48.0,True,True,3,3.8
101301,2024-04-03,Scotland,Paid Search,39.0,True,False,3,5.0
101302,2025-01-24,West Midlands,Organic,48.0,True,True,0,4.3
101303,2023-04-23,Yorkshire,Organic,58.0,True,True,0,4.6
101304,2024-07-02,South East,Social,40.0,True,False,3,2.6
101305,2023-09-03,North West,Affiliate,41.0,True,False,1,
101306,2024-11-05,London,Referral,69.0,True,True,1,5.0
101307,2025-01-24,North East,Affiliate,45.0,True,False,1,
101308,2023-02-09,Wales,Affiliate,28.0,True,True,2,
101309,2023-06-18,North West,Paid Search,52.0,False,True,3,
101310,2024-03-18,London,Organic,46.0,False,True,1,
101311,2023-06-13,North West,Organic,32.0,True,False,1,4.3
101312,2023-11-22,North East,Paid Search,27.0,True,False,0,4.0
101313,2023-05-30,Wales,Referral,44.0,True,False,0,4.4
101314,2023-03-02,East of England,Referral,40.0,False,True,0,3.7
101315,2025-01-24,North East,Social,25.0,False,False,1,3.7
101316,2023-01-03,South East,Referral,40.0,True,False,1,4.1
101317,2023-07-13,Yorkshire,Email,39.0,False,False,5,4.5
101318,2024-10-27,South West,Organic,40.0,True,False,2,4.7
101319,2023-04-11,London,Paid Search,47.0,False,False,0,3.8
101320,2024-06-19,Scotland,Affiliate,18.0,False,False,2,3.7
101321,2024-04-05,West Midlands,Email,27.0,True,True,1,4.2
101322,2023-05-23,South East,Organic,35.0,False,False,0,
101323,2025-01-24,North West,Paid Search,58.0,True,False,0,4.2
101324,2023-09-21,North East,Email,72.0,False,True,1,
101325,2024-05-13,Yorkshire,Email,41.0,True,True,0,1.8
101326,2023-05-27,London,Social,42.0,True,False,2,4.2
101327,2023-11-16,East of England,Affiliate,18.0,True,False,0,4.5
101328,2023-08-15,Yorkshire,Organic,53.0,True,True,0,2.9
101329,2024-10-16,West Midlands,Affiliate,47.0,True,True,1,4.5
101330,2025-01-24,West Midlands,Social,,True,True,0,3.9
101331,2023-07-31,Yorkshire,Email,25.0,True,False,1,5.0
101332,2022-03-21,North East,Referral,67.0,False,True,2,5.0
101333,2022-12-18,South West,Referral,61.0,False,False,1,1.2
101334,2023-01-16,Scotland,Organic,45.0,True,False,2,4.9
101335,2023-04-18,North West,Referral,54.0,True,True,3,4.0
101336,2024-05-09,South East,Social,42.0,True,False,2,4.5
101337,2023-10-10,South East,Paid Search,52.0,True,True,1,
101338,2024-02-05,South East,Social,24.0,True,False,0,3.7
101339,2024-11-10,Wales,Organic,18.0,True,False,1,4.3
101340,2024-01-07,Yorkshire,Social,24.0,True,False,1,
101341,2024-06-10,London,Organic,31.0,True,True,1,4.3
101342,2024-04-17,North East,Paid Search,33.0,False,False,0,4.5
101343,2024-03-19,South East,Paid Search,47.0,False,False,0,4.7
101344,2023-07-24,East of England,Email,38.0,False,True,3,1.5
101345,2024-10-26,London,Paid Search,41.0,False,False,0,3.8
101346,2024-08-05,Yorkshire,Social,26.0,True,True,0,4.0
101347,2024-07-27,Yorkshire,Social,24.0,False,False,0,3.7
101348,2024-12-15,North East,Paid Search,42.0,False,False,1,5.0
101349,2023-08-21,East of England,Organic,34.0,False,False,0,5.0
101350,2025-01-24,Scotland,Organic,41.0,False,True,0,
101351,2024-08-21,Yorkshire,Referral,48.0,True,True,0,4.1
101352,2023-08-12,EAST OF ENGLAND,Affiliate,62.0,False,False,3,4.1
101353,2024-07-28,Scotland,Organic,41.0,True,False,3,2.6
101354,2023-09-13,South West,Paid Search,65.0,True,False,2,
101355,2022-06-22,Yorkshire,Social,46.0,True,True,1,3.2
101356,2024-09-30,North East,Organic,50.0,True,False,1,
101357,2024-01-21,South East,Organic,55.0,True,True,1,3.7
101358,2024-11-14,South West,Organic,50.0,False,False,2,3.9
101359,2023-05-26,Wales,Social,31.0,False,True,1,3.9
101360,2024-10-10,South West,Organic,55.0,False,False,1,3.8
101361,2024-06-23,North East,Referral,36.0,False,False,3,
101362,2024-03-25,Scotland,Organic,45.0,True,True,1,4.1
101363,2023-05-08,Yorkshire,Organic,43.0,False,False,0,5.0
101364,2024-04-23,South East,Affiliate,56.0,False,False,1,3.4
101365,2024-11-30,West Midlands,Organic,46.0,True,True,0,3.0
101366,2023-04-29,,Paid Search,23.0,True,True,0,
101367,2022-11-12,South West,Paid Search,68.0,False,True,1,4.1
101368,2024-06-13,South West,Email,52.0,False,True,3,
101369,2024-02-01,South East,Social,34.0,True,False,1,5.0
101370,2023-07-02,Wales,Social,26.0,False,True,1,4.2
101371,2024-02-15,,Paid Search,53.0,False,False,3,
101372,2025-01-24,South West,Paid Search,28.0,False,True,1,3.7
101373,2025-01-24,North East,Organic,,False,False,2,4.1
101374,2023-09-24,Wales,Organic,55.0,True,True,1,3.4
101375,2024-02-06,South East,Organic,33.0,False,False,1,4.4
101376,2024-03-06,South East,Social,31.0,False,False,1,
101377,2022-12-24,South East,Email,35.0,True,True,3,
101378,2023-11-07,Wales,Social,28.0,False,False,3,
101379,2024-04-29,Yorkshire,Social,44.0,True,True,0,4.1
101380,2025-01-24,South East,Social,46.0,True,False,2,5.0
101381,2023-01-14,Yorkshire,Paid Search,50.0,False,True,2,3.3
101382,2024-03-11,Yorkshire,Social,30.0,True,True,0,3.6
101383,2023-05-06,Yorkshire,Paid Search,52.0,True,False,1,
101384,2022-08-07,East of England,Email,28.0,False,True,4,2.8
101385,2023-10-18,South East,Organic,52.0,True,True,1,4.3
101386,2025-01-24,West Midlands,Social,22.0,False,True,2,5.0
101387,2024-06-15,South West,Referral,61.0,True,False,0,
101388,2023-04-25,North East,Organic,34.0,False,False,3,2.8
101389,2023-05-18,North West,Paid Search,49.0,True,True,1,3.5
101390,2024-02-25,Yorkshire,Referral,50.0,False,False,1,3.9
101391,2025-01-24,North East,Organic,24.0,False,False,1,3.1
101392,2023-07-25,East of England,Organic,52.0,False,False,0,4.6
101393,2024-01-02,North West,Organic,,False,False,1,3.8
101394,2024-08-31,Yorkshire,Organic,37.0,True,True,1,3.6
101395,2024-02-21,London,Social,32.0,False,True,0,1.5
101396,2024-07-28,Scotland,Referral,62.0,True,False,1,4.2
101397,2023-12-05,Yorkshire,Email,26.0,True,False,2,4.3
101398,2024-02-19,London,Social,47.0,True,False,1,2.9
101399,2024-03-30,North West,Email,33.0,False,False,1,4.3
101400,2024-03-01,North East,Referral,55.0,False,False,4,
101401,2023-04-20,East of England,Paid Search,71.0,False,False,0,
101402,2023-08-03,Scotland,Social,33.0,False,False,0,3.6
101403,2024-06-11,North West,Paid Search,43.0,False,True,0,4.8
101404,2024-04-18,South East,Organic,36.0,False,False,2,4.2
101405,2024-02-18,Scotland,Email,54.0,False,True,0,4.5
101406,2022-07-15,Yorkshire,Email,38.0,True,False,0,3.0
101407,2024-01-20,South East,Referral,53.0,False,False,1,4.7
101408,2023-10-05,Wales,Organic,36.0,False,False,4,1.7
101409,2024-11-15,SCOTLAND,Paid Search,70.0,False,False,0,4.7
101410,2025-01-24,London,Paid Search,18.0,False,True,2,5.0
101411,2023-01-09,South East,Paid Search,46.0,False,True,1,
101412,2025-01-24,Wales,Organic,41.0,False,False,2,3.3
101413,2023-09-02,West Midlands,Social,,True,True,0,4.7
101414,2022-12-27,West Midlands,Social,45.0,False,True,0,4.3
101415,2024-01-12,South East,Paid Search,42.0,False,True,3,
101416,2023-07-28,Wales,Paid Search,44.0,False,False,0,3.8
101417,2024-05-01,Wales,Paid Search,46.0,True,True,0,
101418,2023-07-30,North West,Email,64.0,True,True,3,3.0
101419,2023-07-13,South West,Organic,18.0,True,False,0,3.2
101420,2024-11-06,Scotland,Paid Search,65.0,True,False,0,4.6
101421,2024-09-06,South East,Organic,74.0,True,False,0,4.0
101422,2023-10-21,South West,Paid Search,18.0,False,True,0,
101423,2024-02-29,London,Organic,42.0,True,True,2,4.1
101424,2024-04-15,Wales,Referral,59.0,True,True,0,
101425,2024-11-21,London,Organic,53.0,True,False,0,4.6
101426,2023-05-11,West Midlands,Paid Search,63.0,False,True,1,4.1
101427,2024-04-27,North West,Paid Search,46.0,False,True,0,3.8
101428,2025-01-24,North West,Paid Search,18.0,True,True,0,4.9
101429,2024-07-17,Scotland,Referral,58.0,True,False,0,4.7
101430,2023-05-31,South West,Email,49.0,True,True,1,
101431,2023-05-04,West Midlands,Organic,60.0,False,False,1,
101432,2023-02-09,Yorkshire,Social,21.0,False,False,0,5.0
101433,2023-03-23,North East,Paid Search,25.0,False,False,3,4.1
101434,2023-08-14,Scotland,Organic,41.0,False,False,0,2.8
101435,2022-12-31,South West,Organic,58.0,False,True,1,3.6
101436,2023-01-08,West Midlands,Referral,62.0,True,False,0,3.7
101437,2024-08-16,London,Email,32.0,True,True,0,4.0
101438,2023-12-12,North West,Organic,36.0,True,False,2,2.3
101439,2023-03-23,South East,Email,78.0,True,False,2,3.5
101440,2023-12-09,North East,Paid Search,34.0,True,False,2,3.5
101441,2023-04-13,London,Paid Search,50.0,True,False,1,4.7
101442,2024-01-22,Wales,Paid Search,35.0,True,False,1,5.0
101443,2023-09-07,South East,Paid Search,47.0,True,True,1,4.2
101444,2023-02-20,South East,Paid Search,30.0,False,False,0,3.1
101445,2024-10-21,Yorkshire,Referral,30.0,True,False,1,3.3
101446,2023-03-20,London,Organic,36.0,True,False,0,3.4
101447,2024-01-03,London,Organic,34.0,True,False,1,4.3
101448,2025-01-16,South West,Paid Search,37.0,False,False,0,3.5
101449,2024-05-06,London,Paid Search,48.0,False,True,2,3.8
101450,2025-01-24,Yorkshire,Paid Search,66.0,True,False,0,4.5
101451,2023-12-27,South East,Paid Search,33.0,False,False,0,5.0
101452,2023-09-26,London,Organic,28.0,False,True,0,3.2
101453,2023-08-06,East of England,Paid Search,,False,False,2,3.8
101454,2024-08-27,West Midlands,Paid Search,30.0,False,True,2,4.0
101455,2022-03-30,London,Social,20.0,True,False,1,4.3
101456,2023-11-26,East of England,Affiliate,55.0,True,False,1,3.4
101457,2024-01-08,North East,Paid Search,42.0,False,True,1,4.4
101458,2023-10-27,Yorkshire,Email,43.0,False,True,1,4.4
101459,2024-08-02,West Midlands,Social,18.0,False,False,0,
101460,2023-12-24,Wales,Social,33.0,True,True,0,4.4
101461,2025-01-24,West Midlands,Email,23.0,True,True,0,3.2
101462,2023-10-19,EAST OF ENGLAND,Social,41.0,True,False,2,4.3
101463,2024-07-14,Scotland,Affiliate,43.0,False,False,2,2.2
101464,2024-06-18,South West,Paid Search,43.0,True,True,2,4.6
101465,2025-01-24,Yorkshire,Organic,32.0,True,False,0,5.0
101466,2024-10-01,Scotland,Social,30.0,False,False,2,3.5
101467,2023-12-02,Scotland,Referral,38.0,True,False,1,3.8
101468,2025-01-24,North West,Organic,46.0,True,True,2,4.9
101469,2024-02-03,SCOTLAND,Affiliate,33.0,True,False,1,3.3
101470,2023-08-07,London,Social,29.0,True,False,2,3.6
101471,2024-08-09,West Midlands,Email,29.0,True,True,0,3.3
101472,2022-08-23,London,Email,,True,True,1,4.5
101473,2024-07-23,West Midlands,Email,35.0,True,False,1,3.8
101474,2024-05-19,West Midlands,Social,27.0,False,True,0,1.5
101475,2024-07-22,London,Email,35.0,False,False,1,3.1
101476,2024-04-21,North West,Paid Search,57.0,False,False,1,3.9
101477,2022-11-28,East of England,Affiliate,37.0,False,True,2,4.9
101478,2023-01-17,North East,Referral,25.0,False,False,0,3.8
101479,2023-11-24,East of England,Social,,True,False,1,3.4
101480,2023-09-24,South West,Paid Search,65.0,True,False,1,4.3
101481,2022-07-18,East of England,Organic,56.0,False,False,1,1.2
101482,2024-02-22,North East,Paid Search,45.0,True,False,1,5.0
101483,2023-03-01,North East,Paid Search,56.0,True,True,0,4.6
101484,2023-11-16,South East,Social,48.0,True,False,4,
101485,2023-04-27,Scotland,Referral,40.0,False,True,0,4.7
101486,2023-05-19,North East,Email,25.0,False,False,1,3.5
101487,2025-01-24,Wales,Organic,66.0,True,False,1,3.9
101488,2023-05-30,Yorkshire,Affiliate,35.0,True,False,1,3.7
101489,2025-01-09,Scotland,Referral,36.0,True,True,1,3.9
101490,2024-03-10,London,Email,41.0,True,False,1,4.2
101491,2024-10-29,Scotland,Organic,42.0,True,True,0,4.5
101492,2024-10-24,Yorkshire,Email,48.0,True,False,1,
101493,2024-12-04,East of England,Organic,47.0,False,False,0,3.9
101494,2024-03-13,Yorkshire,Paid Search,34.0,False,False,1,2.9
101495,2024-03-05,North West,Social,41.0,True,False,0,2.8
101496,2023-12-31,North East,Email,48.0,True,True,2,1.7
101497,2023-10-28,North West,Organic,32.0,False,False,0,4.3
101498,2023-12-25,West Midlands,Affiliate,,True,True,1,3.7
101499,2024-09-14,Yorkshire,Referral,41.0,True,False,1,2.9
101500,2025-01-24,North West,Social,62.0,True,False,2,3.7
101501,2023-08-23,London,Paid Search,23.0,False,False,0,2.2
101502,2023-09-22,East of England,Paid Search,50.0,True,False,0,4.2
101503,2023-10-15,North West,Social,29.0,True,True,3,
101504,2025-01-24,Wales,Email,33.0,False,False,2,5.0
101505,2024-07-14,South West,Social,53.0,True,False,0,3.9
101506,2025-01-24,Scotland,Paid Search,38.0,False,False,0,3.8
101507,2024-08-03,Scotland,Paid Search,75.0,True,False,1,2.4
101508,2024-08-16,North East,Paid Search,48.0,True,False,2,
101509,2024-12-27,London,Social,32.0,True,False,2,5.0
101510,2023-01-29,West Midlands,Organic,48.0,False,False,1,4.2
101511,2024-04-28,London,Paid Search,38.0,True,False,2,5.0
101512,2024-04-23,South East,Social,52.0,True,False,1,2.3
101513,2025-01-11,North East,Referral,37.0,True,True,1,3.9
101514,2023-01-13,South East,Organic,46.0,False,True,0,1.6
101515,2024-03-28,North East,Paid Search,44.0,False,False,0,
101516,2023-09-03,South West,Social,42.0,False,False,0,3.2
101517,2023-12-21,East of England,Affiliate,55.0,True,False,0,4.8
101518,2024-06-30,SOUTH WEST,Paid Search,18.0,True,False,1,3.3
101519,2023-09-04,South East,Paid Search,42.0,True,True,0,5.0
101520,2024-01-02,South East,Social,32.0,True,True,2,3.8
101521,2024-03-28,West Midlands,Organic,23.0,False,True,0,5.0
101522,2022-12-04,South West,Referral,30.0,False,False,2,3.8
101523,2024-04-07,West Midlands,Email,,True,True,0,5.0
101524,2025-01-24,South East,Paid Search,38.0,False,False,2,3.6
101525,2023-08-14,South West,Referral,45.0,True,False,1,
101526,2023-10-29,East of England,Social,48.0,True,False,2,4.1
101527,2024-06-29,Yorkshire,Organic,36.0,True,False,2,5.0
101528,2023-10-11,Scotland,Paid Search,62.0,True,True,1,4.8
101529,2024-10-14,South West,Social,36.0,True,True,0,3.9
101530,2023-03-20,South West,Referral,18.0,True,False,1,
101531,2023-02-19,West Midlands,Paid Search,37.0,False,False,1,5.0
101532,2024-09-09,SOUTH EAST,Organic,42.0,False,False,2,3.4
101533,2025-01-24,Wales,Affiliate,18.0,True,False,0,4.3
101534,2024-03-24,South East,Organic,57.0,False,False,0,3.7
101535,2024-06-02,Scotland,Paid Search,40.0,True,False,1,
101536,2025-01-24,Wales,Paid Search,26.0,True,True,1,
101537,2025-01-24,Scotland,Email,29.0,True,True,1,1.3
101538,2024-07-16,Wales,Email,51.0,True,True,2,4.1
101539,2023-08-21,Scotland,Paid Search,52.0,True,False,0,4.0
101540,2024-12-07,South West,Paid Search,33.0,False,False,0,3.9
101541,2024-02-02,Yorkshire,Social,23.0,False,False,0,
101542,2024-01-19,North West,Email,43.0,True,False,0,
101543,2023-12-12,Wales,Paid Search,45.0,True,False,1,2.5
101544,2024-10-18,Scotland,Organic,48.0,False,True,2,
101545,2024-08-02,Scotland,Social,34.0,False,True,1,3.9
101546,2024-01-31,East of England,Paid Search,39.0,True,True,0,4.0
101547,2024-10-19,NORTH EAST,Paid Search,41.0,True,False,0,4.8
101548,2023-12-07,Wales,Referral,54.0,False,False,1,3.6
101549,2023-11-01,WEST MIDLANDS,Referral,58.0,True,True,0,3.0
101550,2024-02-21,North West,Organic,62.0,False,True,0,
101551,2023-12-09,West Midlands,Referral,58.0,True,True,2,2.0
101552,2023-12-08,North West,Social,65.0,False,False,2,4.2
101553,2023-01-03,North West,Affiliate,54.0,False,True,2,4.5
101554,2024-02-16,Scotland,Affiliate,33.0,True,False,0,
101555,2024-10-05,London,Social,61.0,True,True,1,4.2
101556,2022-02-27,Yorkshire,Organic,23.0,False,True,2,
101557,2024-03-03,Wales,Paid Search,72.0,True,False,3,3.4
101558,2024-04-19,Scotland,Social,28.0,True,False,0,3.8
101559,2024-01-15,,Organic,53.0,True,True,2,2.6
101560,2022-10-19,,Social,60.0,True,False,2,2.1
101561,2024-11-01,West Midlands,Paid Search,47.0,False,False,1,
101562,2023-05-06,Yorkshire,Referral,18.0,True,False,1,4.1
101563,2023-10-15,North West,Affiliate,29.0,True,False,1,3.5
101564,2025-01-06,West Midlands,Paid Search,46.0,False,True,0,4.8
101565,2024-12-19,South West,Social,49.0,False,True,3,3.3
101566,2022-09-23,South East,Email,39.0,True,False,1,
101567,2023-07-12,North East,Social,42.0,True,False,0,4.3
101568,2024-11-11,North West,Affiliate,22.0,True,True,1,4.4
101569,2023-08-25,WALES,Social,64.0,False,False,2,3.9
101570,2024-07-06,LONDON,Paid Search,36.0,True,True,0,1.8
101571,2024-02-06,West Midlands,Organic,51.0,True,False,1,5.0
101572,2023-11-07,WEST MIDLANDS,Organic,59.0,False,False,1,4.3
101573,2024-09-08,Scotland,Paid Search,26.0,True,False,2,3.1
101574,2024-06-21,London,Email,43.0,False,True,1,5.0
101575,2023-08-05,North West,Social,45.0,False,False,2,4.0
101576,2024-12-21,Wales,Organic,38.0,True,False,0,3.7
101577,2025-01-24,North East,Organic,53.0,False,False,2,3.1
101578,2023-08-10,Scotland,Organic,,True,False,2,2.6
101579,2024-05-06,South East,Organic,42.0,False,False,0,1.8
101580,2023-06-17,North West,Social,36.0,True,True,1,
101581,2024-08-10,North East,Organic,71.0,True,False,0,3.9
101582,2024-05-28,North East,Email,32.0,True,False,0,4.5
101583,2023-11-10,Wales,Affiliate,51.0,True,False,0,2.4
101584,2023-09-26,Wales,Social,64.0,True,True,2,3.3
101585,2023-12-16,South West,Email,29.0,True,False,2,2.1
101586,2023-03-22,East of England,Affiliate,42.0,True,False,1,4.8
101587,2023-10-19,South West,Paid Search,28.0,True,False,1,4.6
101588,2024-02-24,East of England,Paid Search,18.0,True,True,1,2.3
101589,2024-06-25,West Midlands,Paid Search,31.0,False,True,0,
101590,2024-08-24,East of England,Organic,34.0,False,False,1,5.0
101591,2023-04-04,North West,Organic,34.0,False,False,0,4.7
101592,2023-12-01,East of England,Social,37.0,False,False,2,
101593,2023-09-04,West Midlands,Organic,41.0,True,False,1,4.4
101594,2025-01-24,Scotland,Paid Search,25.0,True,False,0,4.7
101595,2025-01-24,South East,Organic,46.0,False,False,1,5.0
101596,2023-10-27,North East,Paid Search,57.0,True,True,0,3.6
101597,2024-04-10,South West,Social,58.0,False,True,1,5.0
101598,2024-12-01,South East,Paid Search,38.0,True,True,1,3.5
101599,2023-06-14,Scotland,Paid Search,53.0,True,False,2,3.5
101600,2023-06-30,Scotland,Paid Search,32.0,True,False,1,3.0
101601,2023-11-17,Wales,Email,37.0,False,True,0,4.1
101602,2024-10-27,South West,Paid Search,46.0,False,False,1,4.7
101603,2025-01-24,Wales,Social,37.0,False,False,0,3.9
101604,2023-09-29,Scotland,Email,25.0,False,True,1,3.5
101605,2023-11-10,South East,Organic,52.0,False,False,0,3.2
101606,2023-02-11,South West,Paid Search,30.0,False,False,1,3.7
101607,2023-08-21,North West,Social,34.0,False,True,1,4.0
101608,2024-05-13,East of England,Paid Search,55.0,True,False,0,4.3
101609,2023-10-04,Scotland,Email,48.0,True,False,1,4.4
101610,2024-01-30,West Midlands,Email,43.0,False,True,0,5.0
101611,2024-10-19,South East,Organic,22.0,False,False,1,5.0
101612,2025-01-24,Wales,Paid Search,26.0,True,False,1,4.7
101613,2024-01-14,East of England,Email,46.0,False,False,1,3.9
101614,2025-01-24,West Midlands,Social,49.0,True,True,0,
101615,2023-02-15,South West,Paid Search,44.0,False,False,1,
101616,2022-05-24,North East,Email,35.0,True,True,0,3.9
101617,2023-11-01,South West,Organic,34.0,False,True,0,3.4
101618,2022-10-17,North East,Referral,44.0,False,True,1,3.7
101619,2024-02-24,Scotland,Referral,25.0,True,False,1,4.1
101620,2024-08-20,West Midlands,Paid Search,42.0,False,False,2,3.2
101621,2024-06-03,Wales,Paid Search,23.0,True,True,0,5.0
101622,2024-11-25,East of England,Organic,27.0,False,True,1,4.4
101623,2023-06-27,East of England,Email,43.0,True,False,0,4.1
101624,2025-01-24,East of England,Paid Search,49.0,True,False,0,5.0
101625,2024-05-09,North East,Organic,45.0,False,True,0,3.3
101626,2023-03-16,EAST OF ENGLAND,Social,27.0,False,False,1,3.4
101627,2023-04-22,Wales,Paid Search,18.0,False,True,2,3.7
101628,2023-05-27,London,Paid Search,41.0,False,True,1,4.5
101629,2024-02-26,South West,Email,18.0,True,False,1,4.3
101630,2024-09-05,West Midlands,Social,53.0,False,False,0,5.0
101631,2023-07-08,South East,Social,27.0,False,True,0,2.3
101632,2023-03-24,NORTH WEST,Paid Search,70.0,False,False,0,4.1
101633,2025-01-24,Wales,Social,28.0,False,False,1,3.8
101634,2023-10-11,Wales,Social,47.0,False,False,2,
101635,2023-09-20,West Midlands,Organic,31.0,False,True,0,4.8
101636,2023-09-08,South East,Affiliate,39.0,False,False,0,4.2
101637,2023-12-21,Scotland,Paid Search,43.0,True,False,3,3.5
101638,2024-01-25,West Midlands,Organic,52.0,False,False,0,3.7
101639,2025-01-24,Scotland,Referral,54.0,True,False,1,5.0
101640,2024-11-20,South West,Paid Search,50.0,True,False,1,3.6
101641,2022-11-05,West Midlands,Affiliate,54.0,True,False,0,1.2
101642,2024-08-29,South East,Organic,33.0,True,True,0,3.5
101643,2023-05-26,South East,Paid Search,49.0,False,False,0,5.0
101644,2023-11-20,EAST OF ENGLAND,Paid Search,37.0,True,True,0,2.9
101645,2023-02-13,South East,Organic,54.0,True,True,1,4.4
101646,2023-10-12,North West,Referral,43.0,True,True,1,3.3
101647,2024-12-20,Wales,Affiliate,49.0,False,True,1,4.4
101648,2023-04-09,London,Social,45.0,True,True,2,4.2
101649,2025-01-24,East of England,Paid Search,51.0,True,True,2,3.6
101650,2024-10-27,London,Organic,,True,False,1,5.0
101651,2024-01-21,North East,Organic,21.0,False,False,0,5.0
101652,2024-01-24,South West,Paid Search,54.0,True,False,0,4.3
101653,2024-03-04,Wales,Paid Search,58.0,False,False,1,3.9
101654,2023-08-04,East of England,Organic,39.0,True,False,3,3.0
101655,2025-01-24,Scotland,Organic,52.0,True,True,1,3.3
101656,2024-02-09,North East,Email,20.0,False,True,0,3.0
101657,2024-10-20,South West,Organic,33.0,False,True,0,4.5
101658,2024-03-20,London,Paid Search,42.0,True,False,0,4.3
101659,2023-08-04,Yorkshire,Paid Search,18.0,False,False,2,4.4
101660,2023-12-24,Yorkshire,Email,21.0,True,True,1,4.9
101661,2024-08-26,North West,Social,43.0,True,False,1,
101662,2024-12-01,Scotland,Paid Search,33.0,True,False,0,5.0
101663,2023-11-28,North East,Referral,36.0,True,True,1,2.5
101664,2023-12-31,London,Social,36.0,True,False,1,4.8
101665,2023-06-03,North East,Paid Search,24.0,True,True,1,3.2
101666,2024-10-16,South West,Organic,38.0,False,True,0,3.4
101667,2024-01-07,South East,Affiliate,41.0,True,False,0,3.9
101668,2022-03-13,West Midlands,Organic,33.0,True,True,0,5.0
101669,2023-08-16,Wales,Paid Search,,True,False,1,2.6
101670,2024-01-28,South West,Social,38.0,False,False,1,4.1
101671,2024-06-22,London,Paid Search,52.0,True,True,0,3.1
101672,2025-01-24,SOUTH EAST,Email,40.0,True,False,1,4.4
101673,2023-01-19,North East,Email,18.0,False,False,1,
101674,2025-01-24,South East,Email,25.0,True,False,1,4.3
101675,2023-11-01,East of England,Social,53.0,True,False,0,2.9
101676,2025-01-24,North East,Email,32.0,False,True,5,3.6
101677,2024-10-01,South East,Organic,40.0,True,False,2,4.1
101678,2024-06-01,London,Referral,66.0,True,True,2,3.7
101679,2024-06-29,Wales,Paid Search,49.0,False,False,1,4.8
101680,2024-06-28,North East,Paid Search,18.0,False,True,5,3.1
101681,2024-10-28,Yorkshire,Affiliate,60.0,False,False,0,3.6
101682,2024-02-26,NORTH WEST,Affiliate,43.0,False,True,2,5.0
101683,2023-07-26,London,Social,,True,True,4,4.4
101684,2023-02-17,North East,Organic,,False,True,3,4.1
101685,2023-01-04,South West,Paid Search,53.0,False,False,3,4.7
101686,2024-04-24,Wales,Social,40.0,False,True,0,1.9
101687,2024-03-26,South West,Paid Search,22.0,True,True,1,4.6
101688,2024-04-09,SCOTLAND,Organic,,False,False,0,5.0
101689,2023-07-04,Scotland,Organic,23.0,False,True,0,4.1
101690,2024-12-02,West Midlands,Referral,65.0,True,False,2,
101691,2023-11-15,South West,Affiliate,36.0,False,True,0,
101692,2023-08-25,South East,Affiliate,40.0,False,False,0,3.1
101693,2025-01-24,LONDON,Email,32.0,True,True,1,3.6
101694,2024-08-28,North East,Organic,45.0,False,False,0,4.8
101695,2024-01-23,West Midlands,Paid Search,47.0,True,False,1,4.5
101696,2024-01-12,London,Organic,32.0,True,True,2,3.2
101697,2024-08-23,East of England,Organic,47.0,False,False,1,
101698,2024-04-14,West Midlands,Social,42.0,False,False,4,2.6
101699,2024-11-03,North West,Organic,40.0,True,False,1,4.1
101700,2023-10-13,Scotland,Referral,31.0,False,True,0,3.0
101701,2022-02-21,Scotland,Organic,71.0,False,True,2,
101702,2023-11-10,East of England,Organic,56.0,False,False,1,3.0
101703,2024-07-23,North East,Email,50.0,True,True,0,5.0
101704,2024-12-11,Wales,Social,56.0,False,True,2,4.3
101705,2022-11-29,Wales,Paid Search,45.0,False,True,2,2.7
101706,2023-07-25,Scotland,Social,36.0,False,True,0,3.3
101707,2024-08-27,Yorkshire,Social,18.0,True,True,3,3.7
101708,2023-05-22,South East,Paid Search,25.0,True,True,2,4.3
101709,2023-08-14,YORKSHIRE,Organic,69.0,True,True,2,
101710,2024-08-10,East of England,Referral,56.0,True,False,2,3.4
101711,2024-04-03,Wales,Paid Search,44.0,False,False,0,3.6
101712,2023-06-23,London,Organic,20.0,False,False,2,1.7
101713,2023-06-10,Wales,Paid Search,49.0,False,False,1,1.8
101714,2023-10-09,Yorkshire,Social,37.0,True,False,1,
101715,2024-09-17,London,Affiliate,50.0,False,True,1,3.7
101716,2023-05-25,North East,Organic,27.0,True,False,2,
101717,2024-03-27,Scotland,Referral,35.0,False,False,2,3.6
101718,2024-09-01,Scotland,Referral,,True,False,0,4.3
101719,2024-12-28,South East,Paid Search,66.0,True,True,0,4.1
101720,2023-01-07,London,Email,32.0,True,False,1,
101721,2024-10-25,London,Affiliate,28.0,True,False,1,5.0
101722,2025-01-24,North West,Affiliate,54.0,False,True,0,
101723,2023-10-24,North West,Social,25.0,False,False,2,2.9
101724,2023-07-08,Scotland,Paid Search,26.0,True,True,2,5.0
101725,2024-01-05,East of England,Paid Search,44.0,False,True,2,3.9
101726,2023-11-20,North East,Paid Search,68.0,False,True,1,4.7
101727,2023-10-01,South West,Social,30.0,False,True,4,2.2
101728,2023-07-08,Scotland,Organic,36.0,False,True,1,3.0
101729,2024-02-12,North East,Email,42.0,True,False,1,4.8
101730,2024-03-10,Yorkshire,Email,,False,False,1,2.1
101731,2023-12-08,Scotland,Paid Search,18.0,True,False,3,5.0
101732,2025-01-24,North West,Referral,51.0,True,False,1,4.8
101733,2024-01-04,SCOTLAND,Paid Search,43.0,True,False,0,3.4
101734,2024-02-09,London,Paid Search,46.0,True,False,1,4.6
101735,2024-07-13,South East,Email,39.0,True,False,0,4.5
101736,2023-10-05,North East,Paid Search,61.0,True,False,4,
101737,2024-02-22,South East,Paid Search,34.0,False,False,1,4.1
101738,2024-02-16,Yorkshire,Affiliate,27.0,True,False,0,
101739,2024-12-26,South East,Referral,63.0,True,True,3,2.8
101740,2023-07-11,East of England,Email,18.0,True,False,0,4.7
101741,2024-05-25,NORTH EAST,Paid Search,39.0,True,False,1,4.2
101742,2024-01-29,Scotland,Paid Search,40.0,True,True,2,5.0
101743,2023-09-15,South East,Paid Search,40.0,False,False,1,3.6
101744,2024-11-22,London,Paid Search,21.0,True,True,0,2.9
101745,2024-11-16,South West,Affiliate,26.0,True,False,0,3.1
101746,2025-01-24,South East,Paid Search,53.0,False,False,0,3.3
101747,2024-03-05,West Midlands,Email,,True,False,1,3.5
101748,2024-08-21,Wales,Paid Search,36.0,False,False,1,4.1
101749,2024-12-24,Yorkshire,Social,29.0,True,False,0,
101750,2023-10-16,Wales,Paid Search,18.0,True,False,0,4.6
101751,2024-03-31,Wales,Paid Search,53.0,True,False,1,5.0
101752,2022-12-27,East of England,Paid Search,54.0,False,True,2,3.6
101753,2024-11-27,North East,Affiliate,18.0,True,False,0,3.6
101754,2023-10-16,London,Social,18.0,True,True,4,2.8
101755,2024-05-15,North West,Social,43.0,True,False,2,4.6
101756,2025-01-24,North West,Organic,44.0,False,True,2,
101757,2024-02-11,NORTH EAST,Email,35.0,False,False,0,
101758,2023-08-13,East of England,Email,41.0,True,True,0,2.7
101759,2023-05-17,North West,Organic,38.0,False,False,2,4.7
101760,2024-10-26,North West,Email,41.0,False,False,1,5.0
101761,2023-12-18,,Referral,29.0,True,True,1,
101762,2024-06-28,WALES,Affiliate,41.0,True,False,0,4.3
101763,2023-04-10,LONDON,Affiliate,32.0,True,True,1,
101764,2023-05-26,West Midlands,Organic,31.0,True,True,1,3.3
101765,2023-01-09,Yorkshire,Paid Search,18.0,False,False,0,3.2
101766,2023-01-10,North West,Paid Search,39.0,False,True,1,2.7
101767,2023-03-01,SOUTH WEST,Paid Search,51.0,False,False,1,3.8
101768,2022-12-19,SOUTH WEST,Organic,,True,True,0,3.3
101769,2025-01-24,Wales,Organic,36.0,True,False,1,4.1
101770,2022-11-15,South West,Social,57.0,True,False,2,2.6
101771,2025-01-24,WALES,Social,54.0,False,False,0,4.9
101772,2024-07-10,West Midlands,Social,64.0,False,True,1,3.0
101773,2023-02-09,North West,Affiliate,70.0,False,True,1,3.1
101774,2023-11-23,West Midlands,Paid Search,42.0,False,False,3,3.6
101775,2024-01-10,Wales,Paid Search,26.0,True,True,0,
101776,2024-08-03,East of England,Social,34.0,False,False,0,3.7
101777,2025-01-24,West Midlands,Social,48.0,False,False,0,
101778,2023-02-25,South West,Organic,60.0,True,False,1,4.3
101779,2024-05-13,NORTH WEST,Referral,27.0,False,True,0,
101780,2023-04-28,North West,Paid Search,44.0,True,False,3,3.8
101781,2025-01-24,London,Social,31.0,True,False,0,4.0
101782,2023-10-23,North East,Affiliate,39.0,True,False,5,4.7
101783,2024-03-19,North West,Organic,39.0,True,False,1,4.2
101784,2023-08-28,South West,Social,46.0,False,True,1,3.8
101785,2024-10-06,South East,Paid Search,,True,False,1,
101786,2023-10-04,London,Organic,47.0,True,True,1,4.4
101787,2025-01-24,East of England,Paid Search,35.0,False,True,1,3.7
101788,2023-08-01,London,Social,33.0,True,False,1,2.6
101789,2023-06-24,South East,Social,39.0,True,False,1,3.1
101790,2024-09-04,West Midlands,Affiliate,30.0,False,True,0,4.9
101791,2023-06-13,Yorkshire,Social,43.0,False,True,0,2.7
101792,2023-11-11,London,Paid Search,18.0,True,False,1,4.4
101793,2025-01-24,South East,Referral,38.0,False,False,2,4.0
101794,2023-07-02,West Midlands,Organic,39.0,False,False,4,2.7
101795,2022-08-26,South West,Email,,True,False,2,3.4
101796,2023-06-15,London,Paid Search,36.0,False,False,0,4.0
101797,2025-01-24,North West,Email,56.0,False,True,1,3.5
101798,2024-03-26,South East,Affiliate,56.0,False,True,1,3.5
101799,2023-10-22,,Paid Search,34.0,True,False,0,4.9
101800,2024-05-09,North West,Social,48.0,False,False,0,3.9
101801,2024-06-28,East of England,Social,22.0,True,True,1,4.0
101802,2023-07-10,London,Organic,37.0,False,True,1,
101803,2024-08-25,North East,Organic,44.0,True,False,0,4.9
101804,2025-01-24,North West,Social,61.0,False,False,1,5.0
101805,2024-05-03,North East,Organic,57.0,False,False,1,4.2
101806,2023-06-02,South West,Paid Search,44.0,True,False,0,5.0
101807,2024-09-22,West Midlands,Email,,True,False,1,3.5
101808,2023-09-17,West Midlands,Social,59.0,True,False,1,4.8
101809,2024-02-25,North East,Paid Search,37.0,True,True,0,3.7
101810,2024-03-17,North East,Affiliate,47.0,False,False,1,
101811,2024-07-18,East of England,Referral,39.0,False,False,1,5.0
101812,2023-11-13,,Affiliate,67.0,False,False,0,3.7
101813,2024-04-10,North East,Social,33.0,False,False,0,3.1
101814,2025-01-24,Scotland,Paid Search,53.0,False,True,1,2.4
101815,2024-07-20,London,Paid Search,40.0,True,False,0,4.0
101816,2024-09-12,Wales,Affiliate,48.0,True,False,1,3.1
101817,2023-11-17,London,Referral,62.0,True,False,1,5.0
101818,2023-02-22,West Midlands,Email,18.0,False,False,3,5.0
101819,2023-07-28,London,Social,40.0,False,False,1,
101820,2023-06-18,Scotland,Organic,29.0,True,True,2,4.7
101821,2024-09-14,Wales,Email,47.0,True,True,0,3.3
101822,2023-06-19,South East,Paid Search,50.0,False,False,2,5.0
101823,2024-06-12,South East,Social,35.0,False,False,4,
101824,2025-01-24,North East,Social,34.0,False,False,0,5.0
101825,2023-08-06,South East,Email,44.0,True,False,0,5.0
101826,2024-11-18,South East,Organic,24.0,False,True,2,3.0
101827,2024-06-29,Yorkshire,Email,45.0,False,False,1,3.1
101828,2023-09-01,North West,Paid Search,30.0,True,False,2,3.9
101829,2023-11-27,NORTH EAST,Paid Search,51.0,False,False,1,4.1
101830,2024-06-15,South East,Paid Search,24.0,True,False,0,4.6
101831,2024-03-06,Yorkshire,Organic,34.0,False,True,1,2.9
101832,2025-01-20,North East,Organic,31.0,False,True,2,4.8
101833,2023-11-01,South West,Organic,37.0,False,True,0,2.8
101834,2023-11-25,London,Organic,59.0,True,True,2,5.0
101835,2023-08-30,South East,Organic,52.0,False,False,1,
101836,2023-08-15,South East,Organic,35.0,True,False,1,2.4
101837,2024-01-28,North East,Email,35.0,True,True,1,5.0
101838,2024-03-27,NORTH WEST,Paid Search,53.0,True,False,2,2.4
101839,2025-01-24,London,Organic,26.0,True,True,1,4.5
101840,2023-05-06,West Midlands,Paid Search,41.0,False,False,1,3.1
101841,2023-10-17,North West,Paid Search,33.0,True,False,0,4.4
101842,2024-04-26,South East,Social,39.0,False,True,0,2.9
101843,2023-07-24,Scotland,Referral,52.0,False,True,0,3.6
101844,2023-12-15,,Organic,32.0,False,True,1,3.8
101845,2024-11-29,North West,Organic,54.0,True,True,0,3.8
101846,2023-11-08,North East,Paid Search,70.0,True,False,0,4.3
101847,2024-04-01,East of England,Paid Search,49.0,False,True,3,2.5
101848,2023-12-29,West Midlands,Referral,40.0,True,True,1,
101849,2025-01-24,East of England,Social,56.0,True,False,0,3.7
101850,2023-12-07,West Midlands,Email,27.0,False,True,1,2.6
101851,2022-11-15,North West,Referral,,False,True,2,
101852,2023-03-30,North West,Social,31.0,False,True,1,3.4
101853,2024-04-16,London,Paid Search,69.0,True,False,1,4.0
101854,2025-01-24,East of England,Email,32.0,True,False,1,4.3
101855,2023-05-01,London,Email,50.0,True,False,3,3.1
101856,2024-03-04,South East,Organic,21.0,False,True,2,4.0
101857,2023-10-18,London,Social,38.0,False,True,3,4.5
101858,2024-04-25,London,Organic,27.0,False,False,2,3.8
101859,2024-10-12,North East,Organic,22.0,False,False,1,
101860,2024-06-08,London,Social,57.0,False,True,0,5.0
101861,2023-03-13,East of England,Paid Search,25.0,False,False,2,2.7
101862,2023-05-31,West Midlands,Organic,31.0,True,False,0,2.7
101863,2024-01-25,South East,Organic,30.0,False,True,0,
101864,2024-02-28,North West,Social,56.0,False,False,2,5.0
101865,2023-05-10,London,Referral,54.0,True,False,2,4.2
101866,2023-04-17,West Midlands,Social,58.0,False,False,1,2.4
101867,2024-01-27,Wales,Email,31.0,True,True,0,3.7
101868,2024-03-23,East of England,Organic,59.0,True,True,0,3.3
101869,2024-01-24,Wales,Social,31.0,False,True,0,5.0
101870,2023-11-13,East of England,Paid Search,,False,True,2,
101871,2024-03-30,NORTH EAST,Organic,32.0,True,True,0,
101872,2023-07-03,,Email,32.0,False,True,0,2.8
101873,2023-08-30,South East,Paid Search,40.0,True,False,1,2.4
101874,2023-10-08,Scotland,Referral,30.0,False,False,1,2.8
101875,2024-10-26,Yorkshire,Organic,44.0,True,False,2,4.5
101876,2024-03-09,South West,Social,18.0,False,False,0,3.4
101877,2024-01-04,South East,Organic,44.0,False,False,0,4.1
101878,2024-08-27,South East,Email,27.0,True,False,0,4.3
101879,2024-03-18,SOUTH WEST,Social,32.0,False,False,0,2.3
101880,2023-12-23,Yorkshire,Paid Search,,False,True,0,2.5
101881,2024-05-15,Scotland,Affiliate,53.0,False,True,3,3.6
101882,2025-01-24,North West,Social,48.0,False,False,1,3.2
101883,2024-08-18,East of England,Organic,39.0,True,False,0,4.4
101884,2023-11-17,WALES,Social,32.0,True,True,3,3.7
101885,2024-06-04,London,Paid Search,51.0,False,False,2,4.6
101886,2023-01-03,London,Email,64.0,True,False,0,4.5
101887,2024-08-16,South West,Organic,41.0,False,True,1,4.8
101888,2023-01-14,Wales,Email,20.0,False,True,3,
101889,2024-04-17,NORTH WEST,Paid Search,32.0,False,False,0,3.8
101890,2025-01-20,South West,Email,48.0,True,True,1,5.0
101891,2024-10-31,Wales,Referral,,True,True,1,3.1
101892,2024-06-19,South East,Affiliate,30.0,False,False,0,4.6
101893,2023-08-31,South East,Email,29.0,True,False,0,4.9
101894,2024-04-19,South East,Email,42.0,False,True,2,4.4
101895,2023-12-31,South West,Social,21.0,False,True,1,4.8
101896,2024-07-03,South West,Paid Search,41.0,True,False,1,4.0
101897,2024-11-07,South East,Social,42.0,False,False,0,4.4
101898,2022-10-06,South East,Social,35.0,True,False,0,
101899,2023-07-05,East of England,Paid Search,27.0,False,False,0,2.7
101900,2024-08-16,Wales,Email,54.0,False,False,1,
101901,2023-12-12,South West,Paid Search,24.0,True,True,1,
101902,2024-07-17,South East,Social,43.0,False,False,0,4.6
101903,2024-07-29,West Midlands,Organic,50.0,False,False,1,4.2
101904,2024-03-13,London,Referral,43.0,True,False,0,4.9
101905,2024-07-21,North West,Paid Search,57.0,True,False,0,
101906,2024-07-10,Yorkshire,Paid Search,26.0,True,False,0,4.1
101907,2023-12-07,West Midlands,Social,31.0,False,False,0,4.1
101908,2025-01-24,East of England,Organic,35.0,True,False,1,5.0
101909,2023-07-20,NORTH WEST,Paid Search,84.0,False,True,1,
101910,2023-04-10,Yorkshire,Social,48.0,True,False,1,3.5
101911,2024-04-28,East of England,Referral,50.0,False,True,0,
101912,2023-08-07,South East,Email,49.0,False,True,1,4.7
101913,2023-10-30,London,Paid Search,42.0,True,False,1,4.8
101914,2024-10-03,West Midlands,Paid Search,55.0,False,False,0,4.6
101915,2023-12-10,LONDON,Social,18.0,True,True,1,3.8
101916,2024-09-25,South East,Social,45.0,True,False,1,
101917,2025-01-24,,Affiliate,47.0,True,True,1,5.0
101918,2024-02-20,,Paid Search,54.0,False,True,1,3.6
101919,2023-10-28,North West,Social,26.0,False,False,3,2.8
101920,2024-11-12,London,Affiliate,27.0,True,True,1,
101921,2023-04-14,SOUTH EAST,Paid Search,28.0,True,False,0,2.6
101922,2023-10-24,Wales,Affiliate,48.0,False,False,4,5.0
101923,2024-11-20,South West,Organic,48.0,False,False,2,2.2
101924,2024-08-30,Scotland,Email,29.0,False,False,0,5.0
101925,2023-02-05,London,Organic,66.0,True,False,1,3.8
101926,2024-01-29,West Midlands,Referral,45.0,False,False,0,
101927,2024-03-07,North East,Referral,43.0,True,True,0,5.0
101928,2023-02-01,Wales,Paid Search,38.0,True,False,1,
101929,2024-02-13,South West,Email,53.0,True,False,2,4.5
101930,2024-10-07,North West,Paid Search,46.0,True,False,1,3.1
101931,2024-01-09,Scotland,Paid Search,66.0,False,True,0,3.4
101932,2025-01-24,London,Social,25.0,False,False,1,4.4
101933,2024-04-12,Wales,Social,21.0,False,False,1,4.4
101934,2024-09-18,,Organic,31.0,False,True,3,4.3
101935,2023-10-18,East of England,Paid Search,48.0,True,False,3,5.0
101936,2023-11-14,North West,Paid Search,35.0,False,False,0,3.9
101937,2023-02-28,Yorkshire,Paid Search,58.0,False,False,0,5.0
101938,2024-01-17,Wales,Paid Search,36.0,True,False,1,4.1
101939,2023-02-12,West Midlands,Paid Search,55.0,True,False,1,4.5
101940,2024-02-24,London,Referral,30.0,False,False,1,4.7
101941,2024-03-22,East of England,Organic,56.0,True,False,1,3.5
101942,2025-01-03,Yorkshire,Referral,59.0,False,True,2,4.2
101943,2023-12-09,South East,Paid Search,34.0,False,True,0,2.7
101944,2024-11-25,London,Organic,47.0,True,False,1,4.1
101945,2022-09-01,Yorkshire,Paid Search,44.0,True,False,1,3.3
101946,2024-10-27,East of England,Paid Search,48.0,False,True,0,4.5
101947,2023-09-10,South East,Social,58.0,True,False,3,3.1
101948,2022-10-03,Yorkshire,Organic,54.0,False,True,0,5.0
101949,2023-09-03,Scotland,Organic,48.0,True,False,1,1.7
101950,2023-08-21,South East,Organic,50.0,False,False,0,2.1
101951,2023-10-19,East of England,Email,24.0,True,True,0,
101952,2025-01-24,East of England,Organic,40.0,False,False,1,4.0
101953,2024-06-14,SOUTH EAST,Paid Search,27.0,False,False,2,2.5
101954,2023-11-12,East of England,Paid Search,41.0,False,True,1,2.1
101955,2024-01-16,North West,Social,56.0,False,True,2,2.7
101956,2024-03-16,Yorkshire,Affiliate,41.0,False,False,1,2.7
101957,2023-10-11,Wales,Paid Search,,False,False,0,4.3
101958,2025-01-24,North East,Organic,27.0,False,False,1,4.3
101959,2024-06-27,North West,Organic,49.0,False,True,3,2.9
101960,2024-04-15,West Midlands,Affiliate,34.0,True,True,2,4.8
101961,2024-07-11,London,Paid Search,51.0,False,True,2,2.8
101962,2024-10-15,North East,Email,25.0,False,False,0,3.5
101963,2023-11-23,West Midlands,Email,46.0,False,False,0,
101964,2024-05-24,Wales,Organic,47.0,False,False,0,4.1
101965,2023-04-29,North East,Email,,False,False,0,2.6
101966,2025-01-24,Scotland,Social,32.0,True,True,1,4.4
101967,2024-12-25,East of England,Paid Search,51.0,True,False,2,4.0
101968,2025-01-24,Scotland,Organic,61.0,False,True,0,5.0
101969,2024-05-02,Yorkshire,Organic,18.0,True,False,1,4.5
101970,2024-02-19,North West,Organic,42.0,True,False,0,5.0
101971,2024-01-06,Wales,Email,18.0,False,False,4,2.4
101972,2025-01-24,South East,Social,30.0,True,True,1,2.6
101973,2024-06-19,East of England,Email,31.0,False,False,0,5.0
101974,2023-06-13,North East,Social,40.0,False,False,0,4.3
101975,2023-05-26,Wales,Organic,46.0,False,True,1,5.0
101976,2024-09-21,South West,Paid Search,53.0,True,False,0,5.0
101977,2023-10-23,EAST OF ENGLAND,Email,44.0,True,True,1,4.2
101978,2025-01-24,North East,Paid Search,50.0,False,False,2,4.4
101979,2023-07-16,Wales,Organic,27.0,True,False,2,3.2
101980,2023-06-25,North West,Social,55.0,False,False,1,2.3
101981,2024-03-21,East of England,Email,18.0,False,False,0,2.2
101982,2023-04-16,Scotland,Paid Search,61.0,True,False,1,2.7
101983,2024-03-25,North West,Social,59.0,False,False,0,4.0
101984,2023-08-05,Wales,Paid Search,51.0,True,True,1,3.9
101985,2023-07-22,London,Email,70.0,True,False,1,3.2
101986,2024-05-11,South East,Email,18.0,False,True,1,2.1
101987,2025-01-13,South East,Email,51.0,True,False,1,4.2
101988,2022-12-12,North West,Paid Search,43.0,False,False,3,4.6
101989,2024-02-23,Yorkshire,Social,44.0,False,True,1,3.3
101990,2022-12-03,North East,Paid Search,26.0,True,True,0,2.7
101991,2025-01-24,North East,Organic,46.0,True,False,0,2.6
101992,2024-04-24,North East,Affiliate,46.0,True,True,1,3.4
101993,2023-01-24,South West,Paid Search,32.0,True,False,1,3.7
101994,2024-09-11,Scotland,Social,40.0,True,True,1,4.2
101995,2024-07-07,South West,Paid Search,24.0,True,True,1,4.7
101996,2023-10-06,North West,Social,36.0,False,False,3,3.1
101997,2024-05-14,East of England,Social,53.0,False,False,1,3.5
101998,2024-12-15,London,Organic,54.0,True,False,2,
101999,2024-07-14,North East,Social,51.0,False,True,1,4.5
102000,2024-10-01,North East,Affiliate,53.0,True,True,1,
102001,2023-05-03,South West,Email,54.0,True,False,2,3.8
102002,2023-09-26,South East,Affiliate,33.0,True,False,1,4.4
102003,2024-01-01,North West,Paid Search,45.0,False,False,0,4.1
102004,2023-05-18,South West,Affiliate,55.0,True,True,0,5.0
102005,2023-07-17,Scotland,Organic,23.0,False,True,2,
102006,2024-05-06,Yorkshire,Paid Search,23.0,False,False,1,3.6
102007,2024-05-11,Scotland,Organic,22.0,False,False,2,3.0
102008,2023-10-09,Wales,Paid Search,18.0,False,False,1,3.8
102009,2025-01-23,South East,Email,27.0,True,False,2,4.9
102010,2023-11-01,Scotland,Paid Search,34.0,False,False,3,
102011,2023-06-09,NORTH WEST,Social,61.0,True,True,1,3.4
102012,2023-05-05,East of England,Organic,,True,False,0,3.2
102013,2024-05-18,North West,Paid Search,21.0,True,True,1,3.6
102014,2023-08-09,North West,Referral,43.0,True,True,2,4.3
102015,2025-01-24,South East,Social,39.0,False,True,4,4.2
102016,2023-04-23,Wales,Organic,31.0,True,False,0,
102017,2023-10-28,North West,Email,33.0,True,False,1,2.7
102018,2024-02-28,Wales,Referral,55.0,False,True,0,4.6
102019,2024-07-21,North East,Organic,23.0,True,False,2,4.9
102020,2024-09-20,North East,Paid Search,19.0,True,False,1,3.8
102021,2022-09-28,West Midlands,Affiliate,47.0,True,False,0,3.2
102022,2022-06-22,East of England,Organic,33.0,True,False,2,4.7
102023,2024-01-17,Wales,Paid Search,61.0,False,False,1,5.0
102024,2024-02-06,London,Paid Search,39.0,False,True,1,4.3
102025,2024-03-27,,Paid Search,40.0,False,False,1,3.3
102026,2024-01-26,North West,Affiliate,51.0,True,False,1,3.0
102027,2025-01-24,North East,Affiliate,19.0,False,False,0,4.5
102028,2024-01-30,London,Social,45.0,False,True,4,
102029,2024-08-15,South West,Email,36.0,False,True,1,2.7
102030,2024-07-20,Wales,Referral,54.0,True,True,0,4.2
102031,2024-06-10,North East,Social,33.0,False,True,1,5.0
102032,2023-01-10,Yorkshire,Social,43.0,True,False,1,5.0
102033,2024-08-03,Yorkshire,Affiliate,36.0,True,True,0,4.3
102034,2022-12-31,South West,Paid Search,46.0,False,True,1,2.1
102035,2024-05-01,East of England,Paid Search,38.0,False,False,0,1.8
102036,2023-07-24,South West,Email,44.0,False,True,0,3.0
102037,2023-05-01,West Midlands,Email,64.0,True,False,1,5.0
102038,2025-01-24,North East,Paid Search,37.0,True,True,0,3.2
102039,2025-01-24,Scotland,Organic,46.0,False,False,3,4.8
102040,2023-06-28,North West,Email,71.0,True,False,2,4.3
102041,2024-11-22,South West,Organic,46.0,True,True,2,3.5
102042,2024-01-31,East of England,Referral,18.0,True,True,2,3.6
102043,2023-06-28,London,Referral,32.0,False,False,2,1.7
102044,2022-06-22,South East,Organic,25.0,True,False,1,3.6
102045,2023-08-08,London,Social,53.0,True,True,0,3.4
102046,2023-06-23,Yorkshire,Social,40.0,False,False,0,
102047,2024-03-13,Wales,Paid Search,55.0,False,True,0,
102048,2023-02-07,West Midlands,Organic,49.0,False,True,1,3.7
102049,2024-07-16,South East,Organic,49.0,True,False,0,2.1
102050,2023-06-18,Wales,Referral,25.0,True,False,0,3.5
102051,2023-08-01,South West,Referral,48.0,True,False,1,4.5
102052,2024-03-12,Yorkshire,Paid Search,59.0,True,False,1,5.0
102053,2024-04-26,SOUTH EAST,Referral,22.0,True,True,4,3.2
102054,2023-10-01,East of England,Social,37.0,False,True,1,4.2
102055,2023-08-31,West Midlands,Paid Search,46.0,False,True,2,4.4
102056,2023-11-19,North West,Organic,42.0,True,False,4,2.1
102057,2024-09-02,North West,Referral,60.0,False,True,1,
102058,2023-05-20,London,Organic,50.0,True,False,1,2.9
102059,2023-05-29,Scotland,Social,46.0,True,False,0,3.0
102060,2023-08-24,South West,Social,52.0,False,False,3,2.8
102061,2024-05-29,Wales,Social,51.0,True,False,1,3.4
102062,2023-09-04,South West,Organic,42.0,True,True,0,4.0
102063,2023-07-27,Wales,Organic,36.0,True,False,0,4.6
102064,2023-07-25,North East,Referral,54.0,False,False,1,4.5
102065,2023-07-19,North West,Organic,31.0,False,True,1,3.9
102066,2023-12-12,Scotland,Paid Search,40.0,True,True,2,3.8
102067,2023-04-12,West Midlands,Organic,,True,True,1,
102068,2024-05-05,East of England,Email,51.0,True,False,2,2.9
102069,2024-01-31,Wales,Organic,57.0,True,False,0,4.6
102070,2022-08-08,Wales,Email,29.0,True,True,4,4.1
102071,2024-02-21,London,Paid Search,39.0,False,False,2,5.0
102072,2023-06-29,Yorkshire,Social,35.0,False,False,0,4.3
102073,2023-03-19,South East,Referral,55.0,False,False,3,2.8
102074,2024-02-11,West Midlands,Social,59.0,True,False,2,3.0
102075,2024-03-04,,Social,35.0,False,True,2,2.8
102076,2023-04-14,East of England,Social,18.0,False,False,1,1.4
102077,2023-07-24,South West,Email,56.0,True,False,1,4.9
102078,2024-08-08,NORTH EAST,Organic,42.0,True,False,3,4.3
102079,2023-04-08,West Midlands,Social,42.0,False,False,1,5.0
102080,2024-05-10,Yorkshire,Organic,54.0,False,True,1,3.9
102081,2024-02-17,London,Organic,36.0,True,False,2,4.1
102082,2024-04-13,South East,Organic,33.0,False,True,2,4.3
102083,2024-04-18,North East,Organic,36.0,True,False,4,4.5
102084,2025-01-24,North East,Paid Search,47.0,True,False,0,3.4
102085,2023-07-18,North East,Email,52.0,False,True,0,4.0
102086,2024-08-20,North West,Social,62.0,False,True,0,4.7
102087,2024-11-20,East of England,Paid Search,46.0,True,False,2,5.0
102088,2024-06-22,North West,Paid Search,39.0,True,False,1,3.2
102089,2024-03-09,East of England,Social,53.0,False,False,0,4.2
102090,2024-01-12,Scotland,Social,28.0,False,False,0,4.1
102091,2023-10-09,North East,Email,59.0,True,False,2,3.0
102092,2024-12-12,West Midlands,Organic,44.0,True,False,2,4.9
102093,2024-07-09,East of England,Referral,38.0,False,True,1,5.0
102094,2023-09-08,East of England,Paid Search,28.0,True,True,2,3.5
102095,2024-07-25,South West,Social,49.0,True,False,1,3.3
102096,2023-03-28,London,Organic,37.0,False,True,0,2.7
102097,2024-06-29,Scotland,Organic,40.0,False,False,4,3.9
102098,2023-04-19,Scotland,Affiliate,19.0,False,True,0,4.8
102099,2023-11-11,North West,Referral,35.0,True,False,1,3.8
102100,2024-09-24,Wales,Paid Search,34.0,True,False,0,4.2
102101,2023-02-22,Wales,Paid Search,46.0,False,False,1,5.0
102102,2025-01-24,London,Referral,38.0,False,False,1,
102103,2023-06-18,EAST OF ENGLAND,Paid Search,18.0,False,True,1,3.3
102104,2024-02-24,Wales,Affiliate,36.0,True,True,0,2.8
102105,2025-01-24,North West,Paid Search,22.0,False,False,2,
102106,2024-08-08,East of England,Organic,27.0,True,True,0,4.5
102107,2023-06-25,East of England,Paid Search,54.0,False,False,1,3.9
102108,2023-08-29,London,Social,,False,False,0,2.9
102109,2024-07-27,Wales,Paid Search,,True,False,1,4.0
102110,2024-06-02,South West,Organic,34.0,True,False,2,4.5
102111,2024-10-20,North West,Referral,32.0,True,True,0,2.7
102112,2023-07-27,West Midlands,Paid Search,28.0,False,False,0,4.1
102113,2024-12-15,South West,Social,45.0,True,False,1,5.0
102114,2023-11-06,Wales,Paid Search,47.0,True,False,1,
102115,2023-04-16,London,Social,19.0,True,False,1,4.2
102116,2024-03-31,WEST MIDLANDS,Organic,56.0,True,True,1,4.0
102117,2023-11-06,East of England,Email,26.0,False,False,1,4.1
102118,2022-12-10,South East,Email,46.0,True,False,1,4.9
102119,2023-06-21,North East,Referral,26.0,True,False,1,3.4
102120,2023-08-01,North West,Referral,35.0,True,False,0,2.8
102121,2022-12-21,Wales,Paid Search,24.0,False,True,2,3.8
102122,2024-01-19,London,Paid Search,34.0,True,False,2,4.3
102123,2024-01-14,Wales,Paid Search,38.0,True,False,0,4.3
102124,2024-08-01,London,Email,26.0,True,True,2,4.3
102125,2024-03-07,East of England,Paid Search,45.0,True,False,0,3.3
102126,2024-03-13,West Midlands,Email,47.0,False,True,2,4.4
102127,2024-02-24,Scotland,Affiliate,,True,False,0,3.9
102128,2023-02-04,South East,Paid Search,53.0,False,True,0,
102129,2022-10-21,East of England,Organic,56.0,False,True,0,4.8
102130,2023-09-28,East of England,Social,18.0,False,False,0,4.5
102131,2024-01-15,West Midlands,Organic,18.0,True,True,0,3.8
102132,2023-11-25,Scotland,Organic,37.0,True,False,0,2.9
102133,2024-06-16,Yorkshire,Paid Search,64.0,True,False,1,3.0
102134,2023-11-30,East of England,Referral,73.0,False,True,2,
102135,2024-08-23,Yorkshire,Email,32.0,False,False,1,4.9
102136,2024-01-27,London,Paid Search,33.0,True,False,1,2.7
102137,2025-01-24,Yorkshire,Paid Search,48.0,False,False,1,3.5
102138,2025-01-24,West Midlands,Email,38.0,False,False,0,5.0
102139,2025-01-24,Scotland,Paid Search,39.0,False,False,2,3.5
102140,2023-10-08,West Midlands,Referral,49.0,False,True,2,
102141,2024-06-17,West Midlands,Social,76.0,False,False,0,
102142,2024-11-16,North West,Affiliate,58.0,False,True,2,
102143,2024-04-23,West Midlands,Email,65.0,True,False,0,4.2
102144,2023-08-09,South West,Referral,18.0,False,True,0,4.5
102145,2024-05-08,North West,Email,55.0,True,False,3,2.9
102146,2023-02-02,South West,Social,29.0,True,False,0,
102147,2023-07-01,Scotland,Paid Search,63.0,False,False,4,3.3
102148,2024-12-20,East of England,Email,59.0,True,True,1,
102149,2023-05-27,South East,Social,49.0,True,False,1,3.7
102150,2024-03-01,North West,Organic,31.0,True,True,0,
102151,2023-09-24,North East,Social,35.0,False,False,1,
102152,2025-01-04,Wales,Paid Search,36.0,True,False,2,3.6
102153,2024-05-03,London,Organic,51.0,False,True,3,2.3
102154,2024-08-11,North East,Paid Search,46.0,False,False,1,4.5
102155,2024-01-23,Wales,Organic,59.0,True,False,2,3.4
102156,2023-06-03,South East,Organic,62.0,True,False,0,5.0
102157,2024-06-29,North West,Referral,30.0,True,True,2,2.8
102158,2025-01-24,South East,Social,47.0,True,False,1,3.1
102159,2023-07-24,,Referral,47.0,True,False,2,4.8
102160,2023-07-21,Wales,Affiliate,40.0,True,True,0,2.9
102161,2023-12-15,South West,Paid Search,53.0,True,False,2,4.0
102162,2024-03-05,North West,Social,47.0,True,False,3,3.8
102163,2025-01-24,North East,Organic,34.0,True,True,2,5.0
102164,2023-05-04,Wales,Referral,39.0,False,False,2,3.2
102165,2023-11-22,Wales,Organic,36.0,False,False,1,3.9
102166,2023-11-18,West Midlands,Paid Search,32.0,True,False,2,3.4
102167,2024-03-05,South West,Paid Search,,False,False,1,3.2
102168,2023-11-08,East of England,Social,24.0,True,True,2,3.5
102169,2024-10-14,South East,Paid Search,47.0,False,True,4,3.0
102170,2024-02-07,Yorkshire,Organic,59.0,False,False,0,
102171,2023-05-07,Yorkshire,Referral,42.0,False,False,1,4.6
102172,2024-05-18,Yorkshire,Paid Search,53.0,False,True,0,
102173,2024-05-13,West Midlands,Email,43.0,False,False,1,
102174,2024-01-09,East of England,Social,28.0,True,False,3,4.1
102175,2023-11-05,Wales,Organic,67.0,False,True,1,2.8
102176,2024-11-13,East of England,Paid Search,18.0,True,True,0,4.5
102177,2024-08-20,WALES,Paid Search,41.0,True,False,1,3.0
102178,2024-04-09,South West,Affiliate,31.0,False,False,2,2.5
102179,2023-06-08,West Midlands,Social,62.0,True,False,3,
102180,2025-01-24,South West,Organic,44.0,True,False,1,4.5
102181,2023-11-01,East of England,Referral,74.0,True,False,2,4.0
102182,2024-03-03,North East,Paid Search,41.0,False,False,2,4.4
102183,2024-08-18,West Midlands,Paid Search,,True,False,1,3.4
102184,2024-01-10,South East,Paid Search,19.0,True,True,2,5.0
102185,2023-01-31,,Email,55.0,True,True,2,4.1
102186,2024-08-01,East of England,Organic,30.0,False,False,2,3.2
102187,2024-12-02,East of England,Social,36.0,True,True,2,4.9
102188,2024-07-26,South West,Paid Search,57.0,True,False,0,
102189,2023-12-04,Yorkshire,Email,,True,False,2,5.0
102190,2023-04-24,London,Email,33.0,False,False,1,
102191,2024-02-26,Wales,Organic,35.0,False,True,2,
102192,2025-01-24,North West,Paid Search,18.0,True,True,3,2.9
102193,2023-10-27,North West,Social,18.0,True,True,1,3.6
102194,2024-08-31,Wales,Paid Search,51.0,True,False,1,1.9
102195,2025-01-04,South West,Paid Search,52.0,True,False,1,4.0
102196,2022-05-30,Yorkshire,Social,46.0,False,False,0,4.9
102197,2024-09-21,East of England,Social,43.0,True,True,0,4.0
102198,2024-06-01,London,Email,32.0,False,True,1,4.4
102199,2025-01-24,North West,Organic,60.0,True,False,0,4.7
102200,2023-01-28,North West,Paid Search,18.0,True,True,0,
102201,2023-07-29,Scotland,Social,35.0,False,False,2,3.3
102202,2023-12-30,West Midlands,Email,43.0,False,True,0,3.0
102203,2024-02-12,London,Organic,41.0,True,False,1,3.5
102204,2024-04-29,East of England,Organic,41.0,False,False,2,5.0
102205,2024-02-13,YORKSHIRE,Paid Search,34.0,True,False,2,3.5
102206,2023-08-07,West Midlands,Organic,48.0,False,False,4,5.0
102207,2023-12-29,Wales,Affiliate,25.0,True,False,1,3.7
102208,2023-12-25,WEST MIDLANDS,Paid Search,39.0,True,True,0,3.2
102209,2023-09-19,South East,Social,47.0,False,True,2,4.4
102210,2024-03-19,Wales,Paid Search,37.0,True,False,1,3.4
102211,2023-11-26,South East,Organic,41.0,True,False,1,2.5
102212,2023-03-21,London,Email,44.0,False,False,2,3.8
102213,2024-06-29,SCOTLAND,Social,18.0,True,True,0,2.3
102214,2022-12-15,Yorkshire,Paid Search,19.0,False,False,2,
102215,2023-05-19,North West,Organic,43.0,True,False,0,2.7
102216,2023-01-03,Wales,Paid Search,33.0,True,True,0,4.3
102217,2023-05-29,North West,Organic,34.0,True,True,1,3.7
102218,2023-08-22,North East,Email,48.0,True,True,1,4.1
102219,2024-05-28,East of England,Paid Search,28.0,True,False,2,
102220,2024-01-04,South East,Organic,18.0,True,True,3,4.5
102221,2023-11-07,Scotland,Social,63.0,False,True,0,3.0
102222,2024-07-07,London,Referral,57.0,True,False,1,
102223,2023-09-20,Wales,Paid Search,57.0,True,True,0,2.3
102224,2024-02-01,EAST OF ENGLAND,Social,26.0,False,False,2,3.7
102225,2023-07-21,Scotland,Paid Search,40.0,True,True,3,5.0
102226,2024-10-07,East of England,Paid Search,25.0,False,False,1,
102227,2023-12-25,East of England,Paid Search,40.0,False,True,1,4.1
102228,2023-07-02,Yorkshire,Email,36.0,False,True,1,4.6
102229,2023-10-22,West Midlands,Paid Search,27.0,False,False,0,4.3
102230,2024-07-22,West Midlands,Affiliate,48.0,True,True,0,2.6
102231,2024-10-16,North West,Organic,38.0,False,True,1,2.9
102232,2023-06-04,South West,Referral,,True,False,0,3.6
102233,2022-07-03,Scotland,Paid Search,42.0,True,False,1,3.3
102234,2025-01-24,Scotland,Organic,18.0,True,False,0,
102235,2023-04-23,South West,Email,18.0,True,True,2,3.3
102236,2023-04-06,YORKSHIRE,Organic,68.0,True,False,0,4.9
102237,2024-03-24,North East,Social,36.0,False,True,1,3.7
102238,2024-03-08,North West,Email,44.0,True,False,2,3.0
102239,2024-06-26,London,Social,41.0,False,False,0,4.4
102240,2024-02-11,Scotland,Referral,59.0,False,True,0,5.0
102241,2024-03-17,Yorkshire,Paid Search,18.0,True,False,0,4.3
102242,2024-04-11,Wales,Social,58.0,True,False,0,
102243,2023-06-30,East of England,Social,57.0,False,False,3,
102244,2024-03-27,North East,Social,41.0,False,False,0,3.6
102245,2023-05-26,London,Social,46.0,False,False,2,4.3
102246,2023-08-26,Yorkshire,Email,36.0,True,False,1,2.1
102247,2024-04-17,Wales,Referral,19.0,False,True,0,4.1
102248,2024-07-29,Yorkshire,Paid Search,49.0,True,False,1,3.8
102249,2024-03-05,North West,Paid Search,44.0,True,False,0,
102250,2024-12-27,South West,Paid Search,44.0,True,False,0,
102251,2025-01-20,Wales,Paid Search,47.0,False,False,3,3.0
102252,2024-03-11,North West,Social,33.0,True,True,2,4.3
102253,2023-06-03,Yorkshire,Organic,60.0,False,False,0,5.0
102254,2023-04-17,WALES,Organic,41.0,True,False,1,3.1
102255,2024-09-09,South East,Referral,48.0,True,False,1,3.8
102256,2024-04-06,London,Referral,37.0,False,True,2,2.5
102257,2025-01-09,South West,Social,55.0,False,False,0,4.0
102258,2022-12-27,SOUTH WEST,Organic,42.0,True,True,1,3.1
102259,2024-05-16,South East,Paid Search,40.0,False,False,0,2.8
102260,2024-08-27,Yorkshire,Organic,57.0,True,False,3,4.5
102261,2023-08-23,South West,Organic,19.0,True,True,2,2.4
102262,2023-11-29,North East,Paid Search,37.0,True,False,0,
102263,2024-03-05,Wales,Email,33.0,False,False,0,3.9
102264,2023-06-23,NORTH WEST,Organic,46.0,True,True,1,4.9
102265,2023-12-09,Yorkshire,Paid Search,45.0,True,False,1,3.0
102266,2024-07-13,South West,Social,41.0,False,True,2,
102267,2024-05-25,North West,Organic,32.0,True,True,2,4.0
102268,2024-12-23,South East,Organic,41.0,True,False,3,2.7
102269,2023-09-03,Scotland,Paid Search,45.0,True,True,2,2.6
102270,2024-02-20,South West,Paid Search,39.0,False,True,0,3.4
102271,2024-01-15,Yorkshire,Social,55.0,True,True,1,4.4
102272,2024-05-26,East of England,Organic,49.0,True,False,0,3.1
102273,2024-03-24,East of England,Paid Search,41.0,True,False,0,2.9
102274,2023-05-23,North East,Email,18.0,True,False,0,2.8
102275,2022-07-18,East of England,Email,38.0,True,False,0,4.8
102276,2024-03-21,South East,Organic,49.0,False,True,2,4.1
102277,2023-05-29,Scotland,Referral,37.0,False,False,2,3.7
102278,2023-05-05,South East,Organic,45.0,False,False,0,3.7
102279,2024-07-14,South West,Paid Search,38.0,True,False,0,3.1
102280,2024-03-05,North East,Social,44.0,True,False,0,5.0
102281,2023-09-09,South West,Organic,59.0,True,True,0,5.0
102282,2023-12-14,North West,Organic,51.0,False,False,1,3.6
102283,2024-09-19,East of England,Affiliate,24.0,False,False,2,4.1
102284,2023-07-06,LONDON,Organic,19.0,True,True,1,3.9
102285,2023-05-27,North West,Paid Search,47.0,False,True,0,3.5
102286,2025-01-01,West Midlands,Paid Search,56.0,True,False,4,4.0
102287,2024-02-04,Scotland,Referral,19.0,False,False,1,2.7
102288,2024-01-31,West Midlands,Paid Search,38.0,False,False,2,3.7
102289,2024-05-05,Scotland,Referral,72.0,True,False,1,4.4
102290,2024-02-09,London,Paid Search,38.0,True,False,2,
102291,2025-01-24,Wales,Email,74.0,True,False,0,5.0
102292,2024-07-17,West Midlands,Organic,30.0,True,False,1,3.4
102293,2024-04-19,Wales,Paid Search,33.0,True,True,1,3.3
102294,2024-04-09,London,Paid Search,32.0,True,True,2,3.6
102295,2023-02-16,Wales,Paid Search,24.0,False,False,0,5.0
102296,2023-12-03,EAST OF ENGLAND,Paid Search,19.0,True,False,0,4.3
102297,2022-12-26,North West,Paid Search,38.0,True,True,1,5.0
102298,2022-11-01,South West,Social,43.0,True,False,2,4.5
102299,2025-01-24,South West,Social,32.0,True,True,0,5.0
102300,2023-07-03,,Organic,35.0,True,False,4,3.1
102301,2024-09-17,Wales,Social,60.0,False,True,2,3.2
102302,2024-08-03,,Email,54.0,True,False,3,5.0
102303,2024-06-22,South East,Affiliate,38.0,True,False,0,2.8
102304,2023-11-05,North West,Organic,47.0,False,False,0,
102305,2023-05-26,London,Organic,20.0,True,False,4,
102306,2024-03-25,London,Affiliate,45.0,True,True,1,3.4
102307,2024-11-08,South East,Affiliate,40.0,True,True,0,4.3
102308,2024-05-30,EAST OF ENGLAND,Affiliate,36.0,True,False,3,3.8
102309,2024-04-06,East of England,Social,41.0,False,False,2,2.4
102310,2023-07-08,London,Social,39.0,False,False,2,2.0
102311,2023-04-07,Scotland,Affiliate,24.0,True,False,0,4.4
102312,2024-05-25,South East,Organic,63.0,True,True,0,
102313,2023-10-26,South East,Paid Search,53.0,True,False,1,3.5
102314,2023-09-24,London,Affiliate,36.0,True,True,1,3.2
102315,2023-10-23,Yorkshire,Referral,18.0,False,False,1,
102316,2024-07-12,London,Paid Search,18.0,True,False,1,3.8
102317,2025-01-17,South West,Paid Search,67.0,False,False,1,2.9
102318,2024-01-24,North East,Referral,39.0,True,True,0,3.7
102319,2022-10-10,Wales,Organic,51.0,False,False,2,3.7
102320,2023-07-10,Wales,Email,29.0,True,False,2,4.5
102321,2023-02-12,South West,Paid Search,37.0,False,False,2,3.5
102322,2023-10-31,North East,Paid Search,38.0,False,False,2,3.3
102323,2023-06-27,Wales,Email,44.0,False,True,0,5.0
102324,2023-05-16,North West,Affiliate,42.0,True,False,0,4.3
102325,2022-12-17,East of England,Social,29.0,True,False,1,3.6
102326,2023-04-04,West Midlands,Paid Search,29.0,False,True,1,
102327,2023-09-17,Wales,Paid Search,40.0,True,False,0,4.9
102328,2023-02-07,London,Paid Search,18.0,False,True,1,4.8
102329,2024-07-26,SCOTLAND,Affiliate,30.0,True,False,2,2.4
102330,2023-03-21,West Midlands,Organic,39.0,False,False,1,3.5
102331,2023-11-20,Wales,Affiliate,46.0,True,True,0,
102332,2024-04-05,North West,Referral,61.0,False,True,1,5.0
102333,2023-07-19,Wales,Organic,35.0,True,True,0,3.7
102334,2023-11-06,SCOTLAND,Paid Search,41.0,True,True,2,3.3
102335,2024-03-21,East of England,Affiliate,,False,False,0,
102336,2024-02-02,Yorkshire,Paid Search,45.0,True,False,1,3.7
102337,2024-05-06,Scotland,Referral,29.0,False,False,1,4.4
102338,2025-01-24,West Midlands,Organic,37.0,False,False,4,4.0
102339,2023-06-24,NORTH WEST,Organic,47.0,True,False,0,5.0
102340,2024-05-03,East of England,Organic,48.0,True,False,1,3.7
102341,2023-07-01,West Midlands,Organic,22.0,False,True,0,2.6
102342,2023-06-25,Wales,Email,51.0,False,False,1,3.6
102343,2023-02-02,,Social,40.0,True,False,0,3.6
102344,2025-01-24,North West,Paid Search,57.0,False,False,0,4.6
102345,2023-02-11,London,Social,60.0,True,False,0,4.8
102346,2023-02-28,Wales,Organic,62.0,True,True,2,2.5
102347,2025-01-24,Scotland,Affiliate,22.0,False,True,0,
102348,2023-04-20,London,Referral,,True,False,1,5.0
102349,2023-04-03,London,Social,20.0,False,True,0,4.2
102350,2024-01-20,North East,Affiliate,58.0,True,False,0,2.1
102351,2024-01-23,Wales,Organic,60.0,True,False,3,
102352,2023-11-07,North West,Paid Search,54.0,False,False,0,4.2
102353,2024-03-20,East of England,Paid Search,35.0,True,False,0,3.5
102354,2024-08-12,North West,Referral,48.0,False,False,0,5.0
102355,2025-01-24,Wales,Organic,34.0,False,True,2,3.5
102356,2024-04-23,South West,Referral,41.0,False,False,0,3.9
102357,2023-10-30,Scotland,Organic,40.0,False,False,1,3.5
102358,2023-08-04,North East,Paid Search,18.0,False,False,0,3.1
102359,2023-02-19,North West,Social,30.0,True,False,0,4.0
102360,2025-01-24,North East,Social,71.0,False,True,1,
102361,2023-04-18,North West,Organic,40.0,True,False,1,4.3
102362,2024-06-09,Wales,Referral,43.0,False,False,0,4.1
102363,2023-04-07,Wales,Social,41.0,False,False,2,3.9
102364,2025-01-24,YORKSHIRE,Organic,36.0,True,False,1,5.0
102365,2023-12-22,South East,Email,41.0,False,False,1,2.8
102366,2024-10-08,South West,Organic,36.0,True,False,0,3.4
102367,2023-06-03,East of England,Referral,18.0,False,False,0,4.2
102368,2024-03-21,Wales,Organic,51.0,True,True,1,4.0
102369,2023-12-29,North West,Social,62.0,True,False,2,3.4
102370,2023-08-10,North West,Organic,26.0,False,False,0,2.2
102371,2023-07-07,West Midlands,Paid Search,36.0,True,False,2,3.7
102372,2024-04-18,West Midlands,Social,60.0,False,True,3,4.3
102373,2023-08-22,London,Organic,31.0,False,False,2,5.0
102374,2023-05-06,South East,Social,46.0,False,False,2,4.0
102375,2024-05-16,Scotland,Social,,False,False,1,4.0
102376,2022-07-05,North East,Paid Search,49.0,False,True,1,2.5
102377,2024-01-28,,Paid Search,42.0,True,False,1,
102378,2023-08-08,North West,Email,52.0,False,False,2,3.6
102379,2025-01-24,Wales,Organic,51.0,True,True,1,4.5
102380,2025-01-12,London,Organic,32.0,True,False,2,4.4
102381,2024-11-24,London,Paid Search,18.0,False,False,2,5.0
102382,2024-02-21,Wales,Organic,49.0,False,False,0,4.3
102383,2023-07-09,North West,Social,51.0,False,False,0,
102384,2023-12-02,West Midlands,Referral,37.0,False,True,1,2.8
102385,2024-07-21,London,Social,62.0,True,True,0,4.3
102386,2023-08-30,Scotland,Social,60.0,False,False,3,3.9
102387,2023-09-14,North East,Organic,51.0,True,True,0,4.1
102388,2025-01-24,North East,Social,,True,False,2,4.0
102389,2023-03-20,East of England,Email,18.0,True,False,0,3.8
102390,2024-03-24,East of England,Paid Search,39.0,False,True,0,5.0
102391,2025-01-24,EAST OF ENGLAND,Email,18.0,True,True,1,2.5
102392,2023-11-16,East of England,Paid Search,,True,True,0,5.0
102393,2023-06-01,Yorkshire,Paid Search,49.0,True,False,1,4.4
102394,2024-10-29,North West,Paid Search,56.0,True,True,1,3.6
102395,2023-09-11,Wales,Paid Search,18.0,True,False,1,3.7
102396,2023-08-26,WALES,Organic,38.0,True,False,0,4.4
102397,2023-08-28,South East,Paid Search,41.0,True,False,1,3.1
102398,2023-07-03,London,Paid Search,37.0,True,False,0,5.0
102399,2023-12-07,South West,Paid Search,23.0,True,False,0,4.2
102400,2024-09-30,London,Paid Search,58.0,True,True,2,3.3
102401,2025-01-24,Wales,Organic,23.0,True,True,1,5.0
102402,2025-01-17,North East,Referral,18.0,False,True,1,4.5
102403,2022-10-25,London,Social,23.0,True,False,1,3.6
102404,2024-11-03,SOUTH WEST,Paid Search,47.0,True,False,0,4.9
102405,2024-01-27,South East,Organic,38.0,True,True,2,4.0
102406,2023-07-04,North West,Organic,31.0,False,False,0,4.8
102407,2024-01-29,Yorkshire,Paid Search,48.0,False,True,0,4.7
102408,2022-11-01,East of England,Organic,45.0,True,False,1,3.5
102409,2023-10-22,London,Organic,18.0,True,True,1,3.1
102410,2025-01-24,South East,Organic,48.0,True,False,1,
102411,2023-08-20,North West,Email,56.0,True,False,2,
102412,2024-05-21,East of England,Organic,39.0,True,False,1,2.7
102413,2024-08-30,Scotland,Paid Search,38.0,True,True,1,4.3
102414,2022-12-25,North West,Paid Search,66.0,True,False,0,5.0
102415,2023-03-26,South East,Referral,32.0,True,False,0,2.9
102416,2023-09-16,North East,Email,39.0,True,True,2,4.1
102417,2024-06-29,South West,Social,45.0,True,True,0,5.0
102418,2023-09-03,North East,Referral,42.0,True,False,0,3.7
102419,2023-01-18,Scotland,Social,37.0,False,False,2,3.3
102420,2024-03-19,Wales,Paid Search,42.0,True,False,1,
102421,2024-07-01,East of England,Email,61.0,True,False,3,3.1
102422,2025-01-16,Yorkshire,Paid Search,51.0,False,False,1,
102423,2022-09-21,Scotland,Social,40.0,True,False,0,3.4
102424,2023-09-27,Yorkshire,Organic,30.0,True,True,4,1.8
102425,2024-09-19,Scotland,Paid Search,31.0,False,True,0,5.0
102426,2023-05-18,East of England,Paid Search,53.0,True,False,1,4.4
102427,2024-04-13,Scotland,Organic,20.0,True,False,0,3.7
102428,2025-01-17,North East,Social,72.0,False,False,0,3.6
102429,2024-07-23,Wales,Paid Search,41.0,False,False,2,3.6
102430,2025-01-07,Scotland,Paid Search,23.0,False,False,1,3.3
102431,2024-06-19,West Midlands,Organic,43.0,True,True,0,3.7
102432,2024-09-01,SOUTH WEST,Email,31.0,True,False,0,3.2
102433,2023-12-04,East of England,Email,36.0,True,True,1,
102434,2024-12-21,North West,Email,21.0,True,True,1,2.3
102435,2024-01-18,Wales,Organic,38.0,False,False,3,3.4
102436,2024-11-23,EAST OF ENGLAND,Organic,18.0,False,True,2,3.2
102437,2025-01-24,East of England,Paid Search,33.0,True,False,2,4.8
102438,2024-03-14,South West,Paid Search,30.0,False,False,1,
102439,2025-01-24,North West,Paid Search,34.0,True,False,1,4.3
102440,2023-09-19,South West,Referral,31.0,False,False,0,2.6
102441,2024-11-12,South East,Organic,41.0,True,False,3,5.0
102442,2024-02-13,South West,Paid Search,53.0,False,False,2,2.9
102443,2023-10-05,Yorkshire,Social,46.0,False,False,1,3.4
102444,2023-12-02,Yorkshire,Paid Search,58.0,False,True,0,
102445,2024-04-22,South West,Organic,35.0,False,False,0,3.9
102446,2023-04-09,West Midlands,Social,45.0,False,False,1,4.1
102447,2024-09-03,South West,Email,46.0,False,False,1,2.9
102448,2023-06-19,,Email,56.0,False,True,2,3.1
102449,2023-03-31,East of England,Referral,32.0,True,True,2,
102450,2024-03-08,SOUTH WEST,Paid Search,51.0,True,True,0,2.7
102451,2023-08-24,,Social,30.0,False,False,1,
102452,2024-08-07,East of England,Referral,34.0,True,False,1,5.0
102453,2025-01-24,South West,Organic,36.0,True,True,1,4.1
102454,2024-08-12,Yorkshire,Email,47.0,True,False,0,3.4
102455,2024-05-16,East of England,Affiliate,27.0,True,False,2,
102456,2023-02-15,London,Social,29.0,False,False,1,2.6
102457,2023-07-12,North East,Paid Search,,False,True,1,2.7
102458,2024-05-11,North East,Paid Search,,True,False,0,3.2
102459,2024-09-15,South West,Social,29.0,True,True,1,2.9
102460,2022-12-28,London,Referral,44.0,True,False,0,
102461,2024-06-06,Scotland,Paid Search,36.0,False,True,1,5.0
102462,2023-08-18,Wales,Organic,50.0,False,True,0,4.8
102463,2025-01-24,East of England,Paid Search,42.0,True,True,0,
102464,2024-06-29,North East,Organic,64.0,True,True,0,
102465,2024-01-28,East of England,Email,43.0,False,True,1,4.5
102466,2024-08-01,South West,Social,25.0,False,False,0,4.4
102467,2024-03-26,West Midlands,Social,38.0,True,False,3,
102468,2023-05-06,Wales,Social,41.0,False,False,1,
102469,2022-12-21,Yorkshire,Social,29.0,True,True,1,4.1
102470,2024-04-13,Wales,Email,,False,True,0,4.0
102471,2023-07-25,North West,Paid Search,37.0,False,False,2,2.9
102472,2025-01-24,North West,Paid Search,33.0,True,True,1,2.6
102473,2024-05-28,London,Referral,43.0,False,False,1,2.7
102474,2024-12-30,EAST OF ENGLAND,Organic,29.0,False,False,0,5.0
102475,2024-02-15,South West,Organic,54.0,True,True,2,
102476,2024-10-14,North West,Organic,51.0,False,True,1,3.0
102477,2023-05-27,West Midlands,Social,43.0,True,False,2,2.4
102478,2025-01-13,Yorkshire,Paid Search,49.0,True,False,1,4.0
102479,2022-08-05,South West,Social,35.0,False,False,2,3.1
102480,2024-08-16,West Midlands,Paid Search,21.0,False,True,1,2.5
102481,2023-01-30,Scotland,Referral,37.0,True,False,0,5.0
102482,2023-07-27,South East,Social,34.0,True,False,1,5.0
102483,2024-09-15,Wales,Email,18.0,False,False,3,
102484,2024-04-15,Wales,Email,,False,False,1,5.0
102485,2023-07-29,South West,Email,25.0,True,False,2,4.2
102486,2025-01-24,Wales,Organic,27.0,False,True,0,4.7
102487,2025-01-24,South West,Paid Search,58.0,False,True,1,3.2
102488,2023-11-02,Wales,Referral,48.0,False,False,0,4.6
102489,2024-04-28,Scotland,Referral,54.0,True,False,0,5.0
102490,2023-07-02,North West,Referral,48.0,False,False,2,4.3
102491,2024-06-09,North East,Affiliate,55.0,True,False,1,4.7
102492,2024-04-14,London,Social,41.0,False,False,1,2.3
102493,2023-11-03,Scotland,Social,61.0,True,True,5,4.0
102494,2023-03-17,South West,Email,25.0,False,False,3,
102495,2024-05-14,SOUTH WEST,Paid Search,40.0,False,False,0,3.3
102496,2024-06-04,East of England,Email,28.0,False,False,1,3.7
102497,2024-05-24,Scotland,Email,57.0,True,False,0,3.9
102498,2025-01-24,North East,Social,46.0,False,False,0,4.5
102499,2023-07-28,North West,Organic,56.0,True,False,2,2.7
102500,2023-12-14,South East,Social,23.0,True,True,1,4.0
102501,2024-07-26,East of England,Referral,33.0,False,False,2,5.0
102502,2023-07-13,West Midlands,Paid Search,18.0,False,True,1,3.7
102503,2024-10-19,Scotland,Organic,46.0,False,True,0,3.0
102504,2024-04-18,Scotland,Social,35.0,True,True,1,4.2
102505,2023-07-25,North West,Referral,51.0,True,True,1,4.4
102506,2023-07-23,North East,Social,41.0,True,False,1,1.3
102507,2023-10-23,West Midlands,Social,18.0,True,False,2,3.5
102508,2024-02-07,East of England,Paid Search,19.0,False,False,0,4.0
102509,2024-01-15,South East,Organic,42.0,False,True,2,2.6
102510,2023-03-12,North East,Referral,47.0,True,False,1,5.0
102511,2024-02-16,North East,Organic,18.0,True,False,0,4.3
102512,2024-05-01,London,Organic,40.0,True,True,3,3.8
102513,2022-10-25,East of England,Organic,28.0,True,True,0,3.2
102514,2024-01-14,Yorkshire,Organic,27.0,False,True,0,
102515,2023-12-06,South East,Organic,,True,True,1,4.4
102516,2023-03-19,SOUTH WEST,Email,43.0,True,False,1,5.0
102517,2024-03-08,SOUTH WEST,Organic,32.0,True,True,1,3.9
102518,2023-11-29,,Social,18.0,False,False,0,2.8
102519,2024-03-24,East of England,Organic,43.0,True,False,1,3.9
102520,2023-12-08,South West,Referral,36.0,True,False,1,
102521,2023-12-07,South West,Paid Search,29.0,False,False,1,5.0
102522,2023-09-19,South West,Paid Search,37.0,False,False,3,4.3
102523,2023-10-28,Yorkshire,Organic,36.0,True,False,1,4.3
102524,2023-07-08,South West,Affiliate,42.0,False,True,2,2.7
102525,2022-09-17,London,Email,38.0,True,False,1,4.3
102526,2023-09-25,East of England,Social,43.0,False,False,2,2.4
102527,2024-05-06,North West,Organic,40.0,True,False,2,3.3
102528,2025-01-24,Scotland,Organic,52.0,True,False,0,4.7
102529,2023-07-16,South West,Affiliate,62.0,True,True,0,4.0
102530,2024-04-20,South East,Organic,41.0,True,False,1,5.0
102531,2024-03-09,South West,Email,33.0,True,True,0,5.0
102532,2025-01-24,North West,Email,22.0,True,False,0,5.0
102533,2023-08-12,South West,Social,49.0,True,False,2,4.1
102534,2023-12-10,South West,Paid Search,29.0,True,True,0,
102535,2024-01-13,London,Organic,72.0,True,False,1,3.1
102536,2024-12-20,North West,Paid Search,77.0,True,False,2,4.5
102537,2024-01-19,Wales,Affiliate,38.0,False,True,0,4.2
102538,2023-03-22,West Midlands,Referral,19.0,False,False,1,3.9
102539,2024-06-22,Scotland,Organic,49.0,False,True,1,3.5
102540,2024-12-25,London,Referral,68.0,True,True,2,4.0
102541,2025-01-10,East of England,Paid Search,24.0,True,True,1,2.8
102542,2022-06-12,London,Paid Search,66.0,True,False,0,3.4
102543,2023-03-17,North West,Paid Search,18.0,False,True,1,
102544,2023-08-09,Scotland,Referral,22.0,True,False,0,4.6
102545,2024-08-06,South West,Paid Search,45.0,False,False,1,4.9
102546,2023-07-20,Scotland,Paid Search,54.0,False,False,2,1.5
102547,2024-05-03,North East,Paid Search,40.0,True,False,0,2.6
102548,2024-08-01,Yorkshire,Organic,47.0,True,True,2,4.6
102549,2024-03-23,North West,Organic,55.0,True,True,2,4.1
102550,2023-08-12,South East,Paid Search,57.0,False,False,2,4.6
102551,2023-11-07,South West,Email,33.0,False,False,1,3.4
102552,2024-09-28,Scotland,Affiliate,30.0,True,True,1,3.5
102553,2023-09-16,East of England,Organic,55.0,True,True,2,2.5
102554,2023-07-27,West Midlands,Affiliate,47.0,False,True,0,1.6
102555,2025-01-24,North West,Email,49.0,True,True,1,3.0
102556,2023-05-08,Yorkshire,Referral,32.0,False,False,2,3.0
102557,2023-09-27,North West,Paid Search,49.0,True,False,2,3.2
102558,2024-01-27,North East,Referral,27.0,True,False,1,3.1
102559,2023-04-07,South West,Social,44.0,True,True,0,3.2
102560,2024-08-02,Wales,Paid Search,42.0,False,False,1,3.8
102561,2025-01-24,North West,Email,43.0,True,True,2,4.5
102562,2025-01-24,London,Paid Search,51.0,True,False,1,1.4
102563,2025-01-13,London,Email,28.0,True,True,0,3.2
102564,2024-04-27,Wales,Social,50.0,False,False,1,3.2
102565,2023-11-12,Wales,Organic,41.0,True,False,1,2.6
102566,2024-01-26,East of England,Paid Search,31.0,False,False,1,5.0
102567,2023-04-03,Yorkshire,Referral,24.0,False,True,1,3.0
102568,2023-11-17,North West,Paid Search,66.0,True,False,0,4.4
102569,2024-06-16,South West,Referral,40.0,False,True,3,2.5
102570,2023-07-10,Yorkshire,Email,36.0,True,False,1,5.0
102571,2023-06-15,East of England,Paid Search,26.0,False,False,0,
102572,2024-08-25,London,Social,55.0,True,True,0,3.2
102573,2025-01-24,Yorkshire,Affiliate,54.0,False,False,1,3.8
102574,2023-12-10,East of England,Affiliate,52.0,False,False,2,5.0
102575,2024-08-19,South West,Paid Search,40.0,True,False,3,4.4
102576,2024-07-31,South East,Paid Search,51.0,True,False,0,3.4
102577,2023-11-23,London,Paid Search,30.0,True,False,1,3.4
102578,2023-06-01,Wales,Email,44.0,True,False,0,3.5
102579,2023-10-26,West Midlands,Paid Search,40.0,False,False,2,4.5
102580,2023-05-22,Scotland,Paid Search,44.0,False,True,0,
102581,2025-01-24,East of England,Organic,18.0,True,True,0,4.0
102582,2023-07-02,Scotland,Affiliate,65.0,True,False,1,
102583,2024-07-07,North East,Organic,62.0,False,False,0,3.4
102584,2023-02-23,Wales,Email,26.0,True,True,1,4.0
102585,2024-03-06,,Paid Search,49.0,False,False,1,4.5
102586,2024-09-24,South East,Social,22.0,True,False,2,4.8
102587,2023-06-13,North East,Social,42.0,False,False,0,3.6
102588,2024-05-08,South West,Referral,18.0,False,True,1,2.1
102589,2024-03-08,South West,Email,,True,False,0,4.6
102590,2024-07-18,Scotland,Paid Search,35.0,True,False,2,3.4
102591,2023-05-23,Scotland,Organic,56.0,True,False,0,4.0
102592,2023-09-10,South East,Paid Search,,True,True,1,2.6
102593,2023-07-14,Scotland,Paid Search,63.0,False,False,2,4.3
102594,2023-06-05,Yorkshire,Affiliate,56.0,False,False,2,3.8
102595,2023-06-29,South East,Organic,42.0,False,False,3,2.8
102596,2023-02-20,East of England,Referral,46.0,True,True,0,
102597,2024-01-25,East of England,Paid Search,46.0,True,True,1,3.3
102598,2022-12-10,Wales,Referral,26.0,True,False,3,
102599,2023-03-14,London,Referral,56.0,True,True,0,5.0
102600,2024-06-25,North West,Social,50.0,True,True,0,2.9
102601,2025-01-24,Scotland,Paid Search,51.0,True,False,1,3.2
102602,2024-04-15,Wales,Referral,18.0,False,True,0,
102603,2025-01-24,North West,Referral,47.0,True,False,0,3.8
102604,2023-11-28,North East,Paid Search,54.0,True,True,1,5.0
102605,2024-12-26,NORTH EAST,Affiliate,41.0,True,True,2,5.0
102606,2025-01-10,London,Referral,34.0,False,False,0,3.6
102607,2022-12-16,West Midlands,Paid Search,23.0,False,False,1,3.3
102608,2025-01-24,North West,Organic,22.0,False,False,0,
102609,2022-12-31,Scotland,Organic,43.0,True,True,1,4.2
102610,2023-05-10,North East,Organic,38.0,True,False,3,2.2
102611,2024-12-11,West Midlands,Referral,38.0,False,False,0,2.9
102612,2025-01-02,East of England,Referral,61.0,False,False,0,3.3
102613,2024-12-02,South East,Paid Search,25.0,False,True,2,3.6
102614,2023-01-02,Yorkshire,Social,,False,False,1,3.7
102615,2023-07-01,West Midlands,Social,63.0,True,True,0,
102616,2023-10-20,North East,Organic,37.0,True,False,0,3.6
102617,2024-02-13,South West,Email,42.0,False,True,2,
102618,2025-01-24,North West,Social,39.0,False,False,0,4.1
102619,2023-12-22,East of England,Paid Search,50.0,True,False,1,2.1
102620,2022-12-03,West Midlands,Organic,18.0,False,True,1,3.5
102621,2022-10-01,Scotland,Referral,38.0,False,True,1,3.0
102622,2023-11-03,Scotland,Organic,42.0,True,False,0,
102623,2023-09-14,Wales,Organic,28.0,True,True,2,3.5
102624,2023-07-03,North West,Affiliate,45.0,True,True,0,3.8
102625,2024-09-30,London,Referral,51.0,True,True,1,3.9
102626,2024-03-28,,Email,47.0,False,False,2,4.0
102627,2023-09-16,Wales,Organic,64.0,False,False,2,3.5
102628,2024-05-12,North West,Social,35.0,True,False,2,3.8
102629,2024-04-01,London,Social,,False,False,2,3.5
102630,2023-09-28,Scotland,Organic,47.0,True,False,0,3.7
102631,2023-07-26,Wales,Paid Search,38.0,False,False,0,3.6
102632,2022-08-11,Wales,Organic,56.0,False,False,0,2.9
102633,2024-03-17,North East,Social,45.0,False,True,0,4.0
102634,2024-05-25,East of England,Affiliate,25.0,True,False,0,4.5
102635,2024-07-23,Wales,Email,51.0,False,False,1,
102636,2024-04-06,South West,Paid Search,35.0,False,False,2,3.4
102637,2024-03-17,London,Organic,37.0,False,True,1,
102638,2024-12-20,Scotland,Social,38.0,False,False,0,4.7
102639,2023-09-25,Yorkshire,Organic,51.0,False,False,2,5.0
102640,2025-01-24,Scotland,Paid Search,55.0,True,True,0,4.5
102641,2025-01-06,Wales,Affiliate,39.0,True,False,1,3.7
102642,2024-05-10,North East,Referral,38.0,True,False,2,
102643,2023-09-17,Yorkshire,Affiliate,18.0,True,False,1,3.3
102644,2024-02-26,London,Organic,32.0,False,True,1,
102645,2023-03-06,West Midlands,Referral,29.0,True,True,1,2.4
102646,2025-01-24,South East,Email,45.0,True,False,1,4.9
102647,2024-02-23,,Social,40.0,False,False,1,3.3
102648,2024-11-08,North West,Paid Search,,True,False,0,4.9
102649,2024-08-15,London,Paid Search,43.0,True,False,0,4.5
102650,2023-03-13,South East,Paid Search,40.0,False,True,1,4.5
102651,2024-08-12,Scotland,Referral,18.0,False,True,0,4.6
102652,2025-01-24,South East,Social,55.0,True,False,3,1.9
102653,2025-01-24,London,Affiliate,54.0,False,False,1,2.7
102654,2024-05-21,North West,Social,38.0,True,False,0,4.1
102655,2023-03-18,East of England,Paid Search,46.0,True,True,5,4.7
102656,2024-07-21,East of England,Organic,37.0,True,True,0,3.6
102657,2023-12-19,WEST MIDLANDS,Paid Search,20.0,True,True,1,2.8
102658,2024-07-22,East of England,Referral,69.0,False,False,0,
102659,2024-02-16,South East,Paid Search,51.0,False,True,1,
102660,2024-05-06,South West,Paid Search,53.0,True,False,1,3.3
102661,2024-05-07,London,Social,37.0,True,True,3,3.5
102662,2024-09-03,South East,Email,56.0,True,True,1,5.0
102663,2024-04-05,,Social,23.0,False,True,2,2.8
102664,2025-01-24,Scotland,Paid Search,38.0,False,False,0,3.0
102665,2025-01-24,Yorkshire,Email,51.0,False,True,1,3.0
102666,2023-01-12,,Paid Search,33.0,True,True,0,3.3
102667,2023-09-04,East of England,Social,53.0,False,False,0,3.7
102668,2024-06-29,South West,Social,45.0,False,False,2,3.5
102669,2025-01-24,South West,Paid Search,44.0,True,False,2,4.8
102670,2025-01-24,North West,Organic,32.0,True,False,0,4.7
102671,2023-09-05,East of England,Paid Search,46.0,True,True,1,5.0
102672,2023-12-17,South West,Organic,66.0,True,False,1,
102673,2024-11-26,Scotland,Social,43.0,True,False,0,4.7
102674,2024-07-29,WEST MIDLANDS,Organic,48.0,True,False,0,3.0
102675,2024-04-12,East of England,Paid Search,50.0,False,False,1,4.6
102676,2024-11-08,Yorkshire,Social,26.0,True,True,1,4.7
102677,2025-01-24,North West,Email,39.0,True,False,0,3.3
102678,2024-12-31,North East,Referral,,False,True,2,4.5
102679,2023-08-27,Yorkshire,Referral,18.0,True,False,0,4.2
102680,2024-08-18,Yorkshire,Organic,,True,False,1,4.4
102681,2023-02-14,North West,Organic,29.0,False,False,1,4.0
102682,2024-09-13,East of England,Social,50.0,True,False,2,4.2
102683,2024-03-27,North East,Email,31.0,True,False,1,5.0
102684,2024-01-26,South West,Organic,68.0,True,True,0,
102685,2024-12-18,Yorkshire,Affiliate,37.0,True,True,0,
102686,2024-01-16,East of England,Social,66.0,True,False,1,3.9
102687,2025-01-24,North West,Organic,39.0,False,True,1,
102688,2025-01-24,London,Email,40.0,False,False,1,4.2
102689,2023-09-10,East of England,Paid Search,61.0,True,False,1,3.7
102690,2023-05-23,South East,Affiliate,29.0,True,False,4,2.9
102691,2024-12-30,London,Organic,42.0,True,True,1,3.7
102692,2023-04-27,South West,Email,48.0,False,False,4,3.4
102693,2023-10-10,Scotland,Social,46.0,False,False,1,3.2
102694,2023-10-05,Wales,Paid Search,42.0,True,True,3,3.5
102695,2024-04-25,Wales,Email,40.0,False,True,1,3.6
102696,2024-08-28,South East,Organic,52.0,True,False,3,2.3
102697,2023-10-13,South West,Organic,43.0,False,False,0,4.7
102698,2024-10-21,West Midlands,Paid Search,54.0,True,False,0,3.3
102699,2022-12-30,South West,Email,46.0,False,False,3,3.5
102700,2025-01-04,London,Referral,49.0,False,False,2,4.0
102701,2024-05-03,Scotland,Paid Search,56.0,False,False,0,5.0
102702,2023-12-04,East of England,Email,37.0,False,False,2,1.6
102703,2025-01-24,Scotland,Referral,55.0,True,True,0,3.4
102704,2025-01-24,Yorkshire,Paid Search,39.0,True,True,2,4.3
102705,2024-02-11,London,Affiliate,23.0,False,False,1,2.6
102706,2024-04-24,London,Paid Search,37.0,False,False,1,
102707,2023-10-30,East of England,Referral,32.0,False,False,1,2.5
102708,2024-04-23,Scotland,Social,46.0,False,True,1,4.0
102709,2023-11-05,Yorkshire,Affiliate,37.0,True,True,0,4.0
102710,2023-04-14,West Midlands,Organic,43.0,True,False,1,3.8
102711,2023-09-25,London,Organic,54.0,False,True,1,4.2
102712,2024-09-23,South West,Referral,60.0,True,False,2,3.1
102713,2023-06-10,South East,Email,45.0,True,True,1,
102714,2024-02-18,South West,Social,55.0,True,False,0,3.5
102715,2023-12-15,,Social,39.0,True,True,0,3.2
102716,2025-01-24,North East,Email,21.0,False,False,0,4.9
102717,2024-04-24,North West,Paid Search,26.0,True,False,2,3.7
102718,2022-10-20,Wales,Paid Search,38.0,False,False,1,2.5
102719,2024-01-31,London,Paid Search,51.0,False,True,2,4.0
102720,2024-06-09,Scotland,Paid Search,38.0,False,True,0,3.1
102721,2025-01-24,Scotland,Referral,56.0,False,True,2,
102722,2024-06-21,South East,Organic,65.0,True,False,1,3.5
102723,2024-03-01,SCOTLAND,Organic,29.0,True,True,0,3.7
102724,2024-02-08,North West,Paid Search,69.0,False,False,0,5.0
102725,2024-02-28,Scotland,Referral,20.0,True,True,1,3.5
102726,2025-01-05,West Midlands,Paid Search,65.0,True,False,0,4.0
102727,2023-05-12,South East,Paid Search,41.0,False,True,1,4.3
102728,2024-12-12,South West,Email,38.0,False,False,2,3.7
102729,2023-09-24,Yorkshire,Paid Search,41.0,True,True,1,3.4
102730,2023-04-21,Wales,Email,31.0,False,False,1,3.3
102731,2024-02-14,Wales,Organic,61.0,False,False,1,3.0
102732,2024-07-03,North West,Email,32.0,False,True,1,3.5
102733,2023-10-11,North West,Paid Search,34.0,False,False,0,2.8
102734,2023-03-11,NORTH EAST,Organic,23.0,True,True,1,4.5
102735,2024-03-11,West Midlands,Organic,32.0,False,False,0,
102736,2023-05-17,London,Social,32.0,False,False,1,3.5
102737,2023-12-17,Yorkshire,Referral,31.0,True,False,1,4.5
102738,2024-05-21,North East,Paid Search,39.0,False,True,0,3.4
102739,2024-07-25,North West,Social,27.0,True,True,1,1.3
102740,2023-06-29,East of England,Paid Search,62.0,False,False,1,3.5
102741,2025-01-08,West Midlands,Email,39.0,False,True,0,4.7
102742,2023-09-01,West Midlands,Affiliate,46.0,True,False,1,4.9
102743,2024-07-13,SCOTLAND,Paid Search,52.0,True,False,1,
102744,2024-03-15,South East,Paid Search,67.0,True,True,3,
102745,2024-06-28,West Midlands,Email,53.0,True,True,0,4.6
102746,2024-03-19,North West,Referral,38.0,True,True,0,2.6
102747,2023-07-02,Wales,Social,27.0,True,False,1,3.7
102748,2023-10-07,North West,Organic,45.0,True,False,0,4.2
102749,2023-01-21,Wales,Email,55.0,False,False,0,5.0
102750,2023-11-14,London,Organic,43.0,True,True,1,3.5
102751,2024-07-27,Scotland,Affiliate,42.0,True,False,0,2.7
102752,2025-01-24,North West,Referral,44.0,True,False,1,3.3
102753,2023-04-17,Scotland,Referral,18.0,True,False,1,5.0
102754,2023-05-28,South West,Referral,43.0,True,True,4,3.4
102755,2025-01-24,North East,Affiliate,51.0,False,True,1,5.0
102756,2023-04-27,South West,Paid Search,40.0,True,False,2,3.2
102757,2025-01-24,Yorkshire,Referral,56.0,False,False,0,3.2
102758,2025-01-24,Yorkshire,Paid Search,56.0,True,False,3,3.0
102759,2024-03-30,North East,Organic,34.0,True,True,0,3.5
102760,2024-08-16,North East,Organic,47.0,False,False,0,4.6
102761,2023-07-07,SOUTH WEST,Paid Search,42.0,True,True,3,2.0
102762,2023-05-11,South East,Organic,18.0,True,True,0,
102763,2024-05-04,North West,Social,39.0,True,False,0,2.9
102764,2023-02-09,North West,Paid Search,28.0,False,False,0,3.7
102765,2023-12-06,North West,Organic,43.0,True,False,0,3.1
102766,2023-02-20,NORTH EAST,Organic,50.0,True,False,3,4.5
102767,2024-12-22,South East,Social,38.0,False,False,1,
102768,2025-01-24,Wales,Social,29.0,False,True,0,4.4
102769,2024-01-15,Wales,Email,44.0,False,True,0,2.9
102770,2023-05-16,Yorkshire,Email,73.0,True,True,1,
102771,2025-01-24,West Midlands,Social,18.0,False,False,2,3.9
102772,2024-03-23,North West,Paid Search,44.0,False,False,0,3.3
102773,2022-12-20,East of England,Social,34.0,True,False,2,4.1
102774,2025-01-24,East of England,Organic,35.0,False,False,1,3.9
102775,2023-08-13,Yorkshire,Paid Search,40.0,False,True,2,5.0
102776,2023-10-21,Yorkshire,Referral,37.0,True,True,2,4.5
102777,2024-02-17,Wales,Paid Search,49.0,True,False,0,4.1
102778,2022-10-03,South West,Affiliate,38.0,True,True,0,3.5
102779,2024-03-28,South West,Paid Search,18.0,False,True,0,
102780,2023-10-17,North West,Email,58.0,False,False,1,
102781,2023-07-08,London,Organic,56.0,True,False,1,3.1
102782,2023-02-24,Scotland,Referral,33.0,True,False,3,4.5
102783,2023-01-19,West Midlands,Referral,42.0,True,True,0,5.0
102784,2023-04-21,West Midlands,Paid Search,57.0,True,False,0,4.4
102785,2025-01-24,Yorkshire,Paid Search,54.0,False,False,0,4.0
102786,2025-01-24,North East,Social,59.0,True,False,0,3.4
102787,2024-09-03,Wales,Paid Search,46.0,True,True,1,4.4
102788,2023-12-10,,Paid Search,51.0,True,False,5,2.3
102789,2023-07-13,South West,Affiliate,59.0,True,False,1,3.6
102790,2025-01-15,Scotland,Social,37.0,False,False,3,3.5
102791,2023-06-12,Yorkshire,Paid Search,47.0,False,False,0,4.4
102792,2024-07-16,Scotland,Organic,18.0,False,False,2,5.0
102793,2024-05-16,WALES,Paid Search,20.0,True,False,0,2.7
102794,2024-11-23,North East,Email,47.0,False,True,2,3.6
102795,2024-10-21,Scotland,Paid Search,49.0,True,False,0,5.0
102796,2024-05-29,South West,Organic,36.0,True,True,1,3.5
102797,2024-03-23,London,Paid Search,33.0,False,False,0,
102798,2025-01-24,Scotland,Affiliate,36.0,True,False,1,5.0
102799,2024-10-23,Wales,Paid Search,43.0,True,False,4,4.9
102800,2023-06-12,East of England,Email,18.0,True,False,1,3.9
102801,2024-05-16,Yorkshire,Organic,47.0,False,True,1,4.3
102802,2023-03-17,North West,Email,41.0,True,True,3,3.9
102803,2024-09-10,Wales,Paid Search,44.0,False,False,2,2.3
102804,2023-01-20,North East,Referral,39.0,True,True,4,3.8
102805,2024-01-15,West Midlands,Affiliate,23.0,True,True,1,3.7
102806,2024-03-05,Wales,Paid Search,27.0,True,False,0,3.8
102807,2025-01-24,Yorkshire,Paid Search,61.0,False,False,1,4.5
102808,2024-01-21,West Midlands,Affiliate,33.0,False,False,0,5.0
102809,2023-01-06,WEST MIDLANDS,Organic,52.0,True,False,0,3.9
102810,2023-06-03,Yorkshire,Referral,27.0,False,False,0,3.8
102811,2024-02-12,Scotland,Referral,41.0,True,True,0,4.5
102812,2024-06-20,East of England,Organic,35.0,False,True,3,3.2
102813,2023-08-15,South East,Paid Search,37.0,True,False,1,3.9
102814,2023-04-01,Scotland,Organic,37.0,True,False,1,
102815,2024-07-25,South West,Social,60.0,False,False,2,3.2
102816,2023-04-22,Wales,Organic,66.0,True,False,1,3.7
102817,2024-07-22,North West,Email,44.0,False,True,1,3.7
102818,2023-07-30,East of England,Social,,True,False,0,
102819,2024-01-26,West Midlands,Email,24.0,True,True,3,2.9
102820,2024-01-30,South West,Paid Search,23.0,True,False,1,3.7
102821,2024-03-26,West Midlands,Organic,60.0,True,False,0,4.4
102822,2023-04-22,East of England,Paid Search,22.0,True,False,3,3.5
102823,2022-06-08,Scotland,Paid Search,35.0,True,False,3,2.3
102824,2023-09-08,North West,Organic,43.0,False,False,2,5.0
102825,2024-10-17,Yorkshire,Referral,18.0,True,False,1,3.9
102826,2023-04-30,East of England,Organic,25.0,True,True,1,
102827,2024-09-06,East of England,Paid Search,24.0,False,False,0,3.7
102828,2025-01-24,South West,Social,32.0,True,False,1,2.6
102829,2025-01-24,East of England,Email,44.0,False,False,2,3.5
102830,2023-07-15,Wales,Organic,54.0,True,True,1,3.0
102831,2025-01-21,Scotland,Organic,32.0,False,True,0,4.5
102832,2023-12-21,Yorkshire,Organic,35.0,False,False,2,4.3
102833,2024-08-30,Scotland,Paid Search,39.0,True,True,2,4.5
102834,2023-12-06,Yorkshire,Organic,31.0,True,False,0,3.1
102835,2023-10-01,South East,Paid Search,46.0,True,True,0,2.2
102836,2024-02-01,Wales,Social,47.0,True,True,2,1.9
102837,2023-04-08,YORKSHIRE,Referral,18.0,True,False,1,4.3
102838,2023-12-31,Yorkshire,Paid Search,49.0,False,False,0,3.6
102839,2023-08-13,Wales,Paid Search,43.0,False,False,0,2.8
102840,2025-01-24,Scotland,Referral,44.0,True,True,0,4.5
102841,2024-07-18,Scotland,Social,56.0,False,True,1,4.7
102842,2024-04-14,Yorkshire,Email,18.0,True,False,0,3.9
102843,2023-11-07,North East,Referral,25.0,True,True,2,3.4
102844,2024-12-27,North West,Social,40.0,True,True,1,3.8
102845,2024-05-16,South East,Email,18.0,True,False,1,5.0
102846,2023-12-03,South East,Organic,38.0,True,True,2,4.9
102847,2023-02-13,South West,Affiliate,52.0,True,False,0,3.8
102848,2024-02-14,London,Email,46.0,True,False,0,4.1
102849,2024-03-04,South West,Paid Search,42.0,False,True,0,5.0
102850,2024-09-17,Wales,Social,38.0,False,False,2,5.0
102851,2025-01-24,East of England,Paid Search,35.0,False,False,0,4.0
102852,2024-08-01,South East,Social,35.0,True,True,0,5.0
102853,2024-05-13,East of England,Paid Search,44.0,False,False,1,4.3
102854,2024-06-29,Scotland,Social,21.0,True,False,2,5.0
102855,2022-11-12,London,Organic,60.0,True,True,5,2.5
102856,2025-01-24,South East,Social,31.0,True,False,3,4.6
102857,2023-12-29,South West,Social,48.0,True,False,0,4.9
102858,2024-04-14,Yorkshire,Paid Search,42.0,True,True,1,3.9
102859,2023-10-06,Scotland,Organic,26.0,False,False,2,3.6
102860,2025-01-24,South West,Organic,58.0,False,True,2,
102861,2024-09-07,Yorkshire,Social,55.0,True,True,2,2.8
102862,2024-07-26,North East,Affiliate,21.0,False,False,2,3.6
102863,2023-02-17,London,Organic,40.0,True,True,1,3.5
102864,2024-01-23,North West,Social,44.0,True,True,1,4.7
102865,2024-09-19,South East,Affiliate,18.0,True,True,2,4.4
102866,2024-05-31,SCOTLAND,Email,18.0,True,False,1,4.6
102867,2023-11-14,North East,Organic,30.0,True,True,0,
102868,2023-06-25,Scotland,Organic,24.0,True,False,4,
102869,2023-04-26,West Midlands,Referral,27.0,True,False,2,5.0
102870,2024-06-11,London,Organic,,False,False,0,4.8
102871,2024-10-14,West Midlands,Paid Search,39.0,False,False,1,2.7
102872,2023-05-26,North West,Social,29.0,False,False,0,4.7
102873,2023-11-29,South East,Paid Search,55.0,True,True,3,4.5
102874,2023-02-01,South East,Social,43.0,True,False,1,4.3
102875,2023-08-05,East of England,Affiliate,51.0,False,True,2,3.1
102876,2023-11-23,South West,Affiliate,,False,False,1,4.0
102877,2023-09-22,South West,Social,33.0,True,False,0,4.6
102878,2024-06-13,London,Referral,43.0,False,True,0,4.0
102879,2024-02-06,North East,Email,47.0,False,False,0,2.8
102880,2023-09-14,Yorkshire,Affiliate,33.0,True,False,0,
102881,2023-04-30,Yorkshire,Referral,34.0,False,False,2,4.3
102882,2024-01-08,Wales,Referral,36.0,True,False,0,3.8
102883,2024-07-23,North West,Paid Search,37.0,True,False,0,5.0
102884,2023-05-20,Yorkshire,Paid Search,69.0,True,False,1,4.7
102885,2023-08-03,London,Paid Search,45.0,False,False,1,4.6
102886,2023-07-13,Scotland,Social,42.0,True,True,0,4.1
102887,2024-01-06,NORTH WEST,Affiliate,25.0,True,True,2,2.8
102888,2022-11-10,South East,Affiliate,25.0,True,False,2,5.0
102889,2023-12-07,East of England,Referral,38.0,True,False,0,3.7
102890,2022-10-27,South East,Referral,56.0,False,False,1,4.1
102891,2023-11-09,North East,Social,38.0,True,False,1,3.1
102892,2023-06-02,North West,Organic,39.0,True,False,1,2.7
102893,2024-05-10,London,Social,31.0,False,False,1,4.4
102894,2022-10-10,Scotland,Paid Search,18.0,False,False,1,
102895,2023-10-02,West Midlands,Email,47.0,False,False,1,3.5
102896,2023-07-18,East of England,Social,38.0,True,False,1,2.9
102897,2023-07-17,East of England,Paid Search,47.0,True,False,2,3.3
102898,2023-12-09,Yorkshire,Social,43.0,False,False,1,5.0
102899,2023-09-21,Yorkshire,Social,28.0,False,True,0,4.4
102900,2024-07-03,South West,Email,44.0,True,True,0,
102901,2023-07-06,East of England,Referral,24.0,False,True,1,2.8
102902,2023-04-28,South East,Paid Search,44.0,True,False,0,4.5
102903,2023-11-25,Scotland,Email,40.0,False,False,0,1.8
102904,2023-12-25,East of England,Paid Search,61.0,True,False,1,3.5
102905,2024-05-16,North West,Organic,30.0,True,False,0,5.0
102906,2023-06-14,Wales,Organic,24.0,True,False,1,
102907,2023-05-07,Scotland,Email,36.0,True,False,0,3.7
102908,2023-12-10,West Midlands,Referral,49.0,False,True,5,1.5
102909,2024-05-23,West Midlands,Paid Search,18.0,False,False,2,4.2
102910,2024-11-06,East of England,Email,52.0,True,False,3,3.6
102911,2023-12-27,South West,Referral,38.0,False,False,2,4.8
102912,2023-06-28,North West,Affiliate,26.0,True,False,0,2.7
102913,2024-06-04,South East,Paid Search,36.0,True,False,1,
102914,2024-02-14,London,Paid Search,31.0,True,True,0,3.6
102915,2024-04-24,Scotland,Organic,25.0,True,False,1,3.1
102916,2024-05-05,North East,Referral,18.0,True,False,0,
102917,2022-07-31,NORTH EAST,Organic,50.0,False,False,2,4.8
102918,2023-11-20,Yorkshire,Social,34.0,False,True,0,4.6
102919,2024-11-12,Yorkshire,Affiliate,36.0,True,False,0,4.3
102920,2023-05-18,Yorkshire,Organic,52.0,True,False,0,2.7
102921,2023-07-18,North West,Social,42.0,False,False,0,5.0
102922,2024-06-06,Scotland,Affiliate,21.0,True,False,2,4.3
102923,2025-01-24,North East,Organic,50.0,True,False,1,2.2
102924,2023-08-29,East of England,Paid Search,60.0,False,False,1,
102925,2024-08-12,North West,Organic,48.0,False,True,2,4.2
102926,2024-04-08,London,Social,,False,True,0,3.9
102927,2024-04-08,South West,Paid Search,22.0,True,False,2,5.0
102928,2024-07-10,North East,Paid Search,29.0,True,False,0,3.3
102929,2024-11-13,South East,Paid Search,42.0,False,False,2,3.5
102930,2023-12-08,West Midlands,Social,60.0,True,False,0,3.8
102931,2024-02-09,Wales,Referral,31.0,False,False,2,4.4
102932,2023-10-27,North West,Social,33.0,True,True,0,3.4
102933,2024-03-06,South East,Email,54.0,False,True,0,2.3
102934,2024-05-06,West Midlands,Affiliate,35.0,True,False,3,3.8
102935,2024-04-08,West Midlands,Email,63.0,True,False,1,3.5
102936,2023-12-17,Scotland,Social,39.0,False,True,4,5.0
102937,2023-09-24,NORTH EAST,Paid Search,56.0,False,False,2,2.1
102938,2024-07-17,North East,Organic,46.0,True,True,1,4.8
102939,2024-03-18,Yorkshire,Paid Search,50.0,False,False,2,
102940,2023-12-06,London,Social,39.0,False,False,2,
102941,2023-08-25,NORTH WEST,Affiliate,40.0,False,True,0,3.0
102942,2025-01-24,South East,Organic,46.0,True,False,0,2.6
102943,2024-09-12,London,Paid Search,51.0,False,False,2,5.0
102944,2024-05-20,West Midlands,Referral,48.0,False,False,0,4.6
102945,2024-06-15,London,Affiliate,18.0,False,True,1,4.0
102946,2024-02-09,Yorkshire,Email,44.0,False,False,0,4.1
102947,2024-12-26,North West,Paid Search,32.0,True,False,0,3.3
102948,2023-01-17,South West,Social,34.0,False,False,3,
102949,2022-12-09,Yorkshire,Organic,47.0,False,True,2,2.6
102950,2022-12-13,North East,Social,63.0,True,False,0,3.5
102951,2025-01-24,Scotland,Social,38.0,False,True,1,3.8
102952,2024-05-11,South East,Email,67.0,False,True,0,5.0
102953,2023-03-18,North East,Paid Search,27.0,True,False,1,3.7
102954,2024-06-27,West Midlands,Affiliate,57.0,True,False,3,4.3
102955,2023-07-07,South West,Paid Search,,True,True,3,3.1
102956,2023-11-01,South West,Paid Search,44.0,True,True,1,4.4
102957,2022-08-11,North East,Referral,59.0,True,True,0,1.7
102958,2023-06-04,East of England,Organic,33.0,False,False,2,
102959,2023-01-12,Yorkshire,Organic,58.0,False,False,1,2.1
102960,2025-01-24,West Midlands,Organic,,True,False,1,3.6
102961,2023-08-08,Scotland,Paid Search,33.0,True,True,2,2.9
102962,2023-07-16,South West,Paid Search,24.0,False,True,0,3.6
102963,2025-01-03,Yorkshire,Email,62.0,False,False,2,4.0
102964,2023-03-19,London,Paid Search,56.0,False,True,3,4.1
102965,2023-11-24,West Midlands,Affiliate,35.0,False,True,1,5.0
102966,2024-02-09,North East,Email,48.0,True,False,0,3.3
102967,2023-04-18,North West,Referral,43.0,False,False,0,3.2
102968,2024-07-29,SCOTLAND,Referral,36.0,False,False,0,3.9
102969,2024-11-03,Wales,Email,54.0,False,True,1,4.3
102970,2023-10-08,North West,Organic,33.0,False,True,2,4.0
102971,2024-11-23,East of England,Referral,18.0,True,False,2,5.0
102972,2023-06-27,South West,Organic,44.0,True,False,0,4.7
102973,2023-06-14,West Midlands,Paid Search,42.0,True,False,1,4.4
102974,2024-01-28,Wales,Social,33.0,True,True,1,4.4
102975,2024-07-03,,Paid Search,29.0,True,False,3,
102976,2023-12-24,North West,Social,21.0,False,False,0,1.7
102977,2024-08-26,North West,Affiliate,36.0,True,False,0,4.0
102978,2025-01-24,North West,Social,30.0,True,False,1,
102979,2023-05-30,Yorkshire,Paid Search,54.0,False,False,1,2.9
102980,2025-01-02,North West,Paid Search,48.0,True,True,2,4.9
102981,2023-03-02,West Midlands,Organic,35.0,True,True,1,2.8
102982,2024-01-30,South West,Paid Search,,False,False,2,4.9
102983,2024-06-08,Wales,Social,40.0,True,False,1,4.5
102984,2024-01-15,East of England,Email,37.0,True,True,2,4.2
102985,2024-04-18,Yorkshire,Social,40.0,True,False,0,4.7
102986,2023-05-20,East of England,Social,64.0,True,False,0,2.3
102987,2024-07-11,Scotland,Organic,49.0,True,False,0,
102988,2023-05-17,North West,Paid Search,37.0,True,True,1,2.6
102989,2024-02-26,South West,Social,53.0,False,False,1,4.3
102990,2025-01-24,South East,Organic,52.0,True,False,1,
102991,2024-12-27,North East,Organic,44.0,True,False,2,3.2
102992,2023-05-03,Scotland,Social,37.0,True,False,0,3.5
102993,2023-10-26,Wales,Organic,36.0,False,False,5,3.7
102994,2024-10-28,London,Paid Search,27.0,True,True,0,4.1
102995,2024-08-07,Scotland,Organic,43.0,False,False,1,4.6
102996,2024-01-12,Scotland,Organic,,False,False,1,5.0
102997,2023-10-06,West Midlands,Email,35.0,True,True,0,3.3
102998,2024-01-27,Yorkshire,Paid Search,49.0,False,True,0,3.3
102999,2023-01-08,EAST OF ENGLAND,Referral,63.0,True,False,1,3.9
103000,2025-01-24,North East,Organic,,False,True,0,3.0
103001,2023-08-16,WALES,Paid Search,40.0,False,False,2,2.2
103002,2023-09-04,North West,Paid Search,41.0,False,True,1,3.1
103003,2025-01-24,North East,Affiliate,56.0,True,True,1,3.4
103004,2023-08-26,Scotland,Social,46.0,True,True,2,3.6
103005,2025-01-24,Scotland,Email,44.0,True,False,1,2.6
103006,2024-03-09,London,Referral,44.0,True,True,3,3.7
103007,2023-06-28,East of England,Organic,22.0,False,False,0,3.8
103008,2023-12-15,Wales,Social,46.0,True,False,0,3.1
103009,2025-01-24,North West,Social,30.0,True,True,1,
103010,2023-09-01,Wales,Referral,46.0,True,False,2,2.4
103011,2023-05-31,London,Organic,31.0,False,False,1,
103012,2024-11-14,North East,Affiliate,49.0,True,True,1,3.7
103013,2024-10-15,North West,Social,39.0,False,False,2,4.0
103014,2024-03-29,Scotland,Referral,26.0,False,False,3,4.3
103015,2024-10-30,London,Paid Search,,True,True,0,4.2
103016,2022-04-21,Wales,Organic,70.0,True,False,1,1.4
103017,2022-10-23,Yorkshire,Paid Search,18.0,False,False,0,
103018,2024-01-29,North East,Referral,43.0,False,False,1,4.4
103019,2024-03-12,West Midlands,Paid Search,28.0,True,False,0,4.4
103020,2025-01-24,London,Email,59.0,True,False,1,3.2
103021,2024-05-24,EAST OF ENGLAND,Paid Search,52.0,True,False,0,3.0
103022,2023-11-17,South East,Paid Search,43.0,False,False,1,4.4
103023,2024-07-13,East of England,Organic,53.0,True,True,0,
103024,2024-08-22,London,Email,,False,False,2,
103025,2024-07-03,South East,Paid Search,41.0,True,False,1,2.8
103026,2023-09-20,EAST OF ENGLAND,Email,,True,False,0,3.6
103027,2023-08-07,East of England,Email,36.0,True,False,2,2.4
103028,2023-12-04,South East,Affiliate,35.0,True,True,0,4.0
103029,2024-03-22,South East,Social,41.0,False,False,2,5.0
103030,2024-06-11,Wales,Social,18.0,True,True,1,2.8
103031,2023-03-17,London,Social,54.0,False,False,3,3.8
103032,2023-07-12,North West,Paid Search,,True,False,0,3.2
103033,2024-12-19,North East,Social,35.0,True,False,0,4.6
103034,2024-02-29,Yorkshire,Referral,56.0,True,False,0,3.8
103035,2025-01-24,London,Paid Search,39.0,True,False,1,3.1
103036,2023-09-25,Wales,Paid Search,33.0,False,False,2,4.9
103037,2022-06-18,WEST MIDLANDS,Social,,True,True,0,4.6
103038,2024-01-07,South West,Referral,42.0,True,False,2,3.7
103039,2024-07-26,East of England,Organic,32.0,True,False,2,4.6
103040,2025-01-24,West Midlands,Referral,49.0,False,True,1,2.7
103041,2023-02-16,West Midlands,Organic,34.0,True,True,1,4.8
103042,2025-01-24,Yorkshire,Organic,27.0,False,False,0,3.9
103043,2022-10-22,West Midlands,Affiliate,41.0,False,False,0,5.0
103044,2025-01-24,South East,Organic,32.0,False,True,0,
103045,2022-07-08,South West,Social,37.0,True,False,1,1.7
103046,2023-11-24,East of England,Affiliate,40.0,True,True,0,4.3
103047,2024-10-09,East of England,Paid Search,24.0,False,False,0,3.2
103048,2023-06-10,SOUTH WEST,Paid Search,60.0,True,False,2,2.5
103049,2023-07-23,,Affiliate,52.0,False,False,1,4.1
103050,2023-08-31,North East,Social,33.0,False,False,3,3.8
103051,2022-12-23,Wales,Affiliate,41.0,False,False,0,4.2
103052,2023-11-12,North East,Referral,49.0,True,False,1,4.8
103053,2024-08-17,South East,Social,44.0,False,False,1,3.7
103054,2024-04-09,South East,Organic,65.0,True,False,0,
103055,2024-11-04,Scotland,Organic,38.0,False,True,0,4.6
103056,2024-04-20,East of England,Paid Search,56.0,False,False,1,2.9
103057,2023-11-07,North West,Organic,24.0,True,False,3,4.4
103058,2024-11-10,South East,Referral,26.0,True,False,1,3.9
103059,2023-11-08,,Affiliate,,True,False,1,3.2
103060,2024-04-24,Yorkshire,Affiliate,35.0,True,False,1,4.4
103061,2024-11-26,North East,Affiliate,26.0,True,False,1,4.3
103062,2024-02-06,Scotland,Paid Search,40.0,True,False,2,4.5
103063,2023-09-16,South West,Social,57.0,True,False,1,2.1
103064,2023-04-25,London,Paid Search,31.0,True,False,0,1.9
103065,2024-02-27,North West,Social,40.0,True,False,2,3.6
103066,2023-10-03,East of England,Affiliate,18.0,False,True,2,3.6
103067,2023-12-30,Scotland,Referral,35.0,True,False,5,4.3
103068,2025-01-24,London,Referral,54.0,False,True,1,1.4
103069,2023-12-07,North West,Organic,31.0,False,True,0,4.4
103070,2023-09-18,South West,Social,24.0,False,False,0,4.6
103071,2023-09-20,East of England,Organic,31.0,True,False,0,3.9
103072,2025-01-24,Wales,Social,33.0,True,True,1,4.6
103073,2024-11-19,West Midlands,Organic,51.0,True,False,1,2.9
103074,2023-01-11,North East,Email,46.0,True,False,0,2.3
103075,2023-02-04,North East,Organic,48.0,True,False,2,2.9
103076,2023-02-26,WEST MIDLANDS,Email,41.0,True,True,1,3.7
103077,2023-05-31,North West,Referral,33.0,False,False,1,3.0
103078,2025-01-24,North East,Organic,31.0,True,True,0,4.0
103079,2024-07-10,West Midlands,Social,47.0,True,True,0,4.3
103080,2024-10-29,Scotland,Referral,62.0,True,True,1,4.2
103081,2023-01-29,North East,Affiliate,29.0,True,True,1,4.0
103082,2024-08-09,North West,Paid Search,28.0,True,False,2,4.2
103083,2025-01-24,Wales,Email,26.0,True,True,1,3.7
103084,2025-01-10,South East,Organic,52.0,False,False,0,4.4
103085,2023-10-01,North West,Organic,40.0,False,False,3,4.3
103086,2024-09-01,West Midlands,Paid Search,48.0,False,True,1,3.2
103087,2024-11-19,Scotland,Social,34.0,False,False,0,5.0
103088,2024-04-06,North West,Organic,49.0,False,False,0,5.0
103089,2022-12-18,Wales,Social,37.0,True,False,1,3.7
103090,2023-07-26,East of England,Organic,21.0,False,False,0,4.1
103091,2023-12-11,East of England,Paid Search,53.0,True,True,1,3.4
103092,2024-08-11,South West,Email,41.0,False,False,2,2.8
103093,2023-01-31,East of England,Paid Search,37.0,True,True,2,4.1
103094,2024-08-17,East of England,Paid Search,45.0,True,True,0,4.2
103095,2023-12-15,EAST OF ENGLAND,Paid Search,22.0,True,True,0,4.6
103096,2024-03-26,South West,Organic,47.0,True,True,1,5.0
103097,2024-12-22,North East,Organic,33.0,False,False,1,2.6
103098,2024-05-30,South East,Email,39.0,False,True,0,4.4
103099,2024-01-20,Yorkshire,Social,56.0,False,True,0,3.1
103100,2024-02-24,South East,Paid Search,,False,False,2,3.0
103101,2023-11-05,South East,Paid Search,39.0,False,False,1,3.3
103102,2023-09-04,North East,Referral,40.0,False,False,1,4.2
103103,2023-10-30,Scotland,Paid Search,18.0,False,False,1,4.4
103104,2025-01-24,South West,Paid Search,30.0,False,True,1,4.0
103105,2024-11-03,South West,Paid Search,43.0,True,False,1,2.6
103106,2023-11-07,London,Email,31.0,False,True,1,3.5
103107,2024-10-09,Scotland,Email,24.0,True,False,0,3.5
103108,2023-11-21,South East,Organic,47.0,True,False,2,
103109,2023-03-05,West Midlands,Paid Search,58.0,True,False,1,2.8
103110,2023-11-21,South East,Email,,False,True,1,3.7
103111,2023-04-03,East of England,Paid Search,52.0,False,False,2,1.8
103112,2025-01-24,South East,Organic,50.0,True,False,1,4.8
103113,2024-09-05,Scotland,Referral,28.0,True,False,0,2.9
103114,2023-07-16,West Midlands,Paid Search,32.0,False,False,1,3.3
103115,2023-10-25,North East,Organic,64.0,False,False,0,4.4
103116,2023-09-02,South West,Social,26.0,True,True,0,
103117,2024-04-25,West Midlands,Social,33.0,False,False,0,4.0
103118,2024-11-17,North West,Organic,67.0,False,True,1,
103119,2023-07-18,South West,Organic,34.0,True,False,0,4.8
103120,2023-05-31,East of England,Organic,59.0,True,False,2,1.6
103121,2024-04-05,Yorkshire,Organic,28.0,True,True,1,4.7
103122,2022-08-22,London,Organic,43.0,False,True,2,2.0
103123,2024-03-02,London,Paid Search,55.0,False,True,1,3.7
103124,2025-01-06,East of England,Organic,35.0,False,False,0,4.3
103125,2023-10-01,Scotland,Organic,42.0,False,False,0,3.1
103126,2024-08-14,WALES,Organic,51.0,True,False,1,3.8
103127,2022-10-25,London,Social,29.0,True,False,1,1.1
103128,2024-08-26,South East,Social,70.0,False,False,1,2.8
103129,2023-11-06,South West,Affiliate,54.0,True,False,1,
103130,2023-07-11,North East,Social,36.0,False,True,1,3.0
103131,2023-02-02,South West,Email,38.0,False,False,3,3.0
103132,2023-10-19,London,Paid Search,66.0,True,False,2,5.0
103133,2023-06-19,London,Email,36.0,True,True,1,
103134,2024-08-31,Wales,Social,35.0,False,False,2,4.7
103135,2025-01-24,Scotland,Referral,56.0,True,False,0,
103136,2025-01-24,Scotland,Affiliate,23.0,True,True,1,2.7
103137,2023-05-16,North East,Paid Search,40.0,False,True,1,5.0
103138,2025-01-24,North West,Affiliate,42.0,True,False,0,4.3
103139,2025-01-24,North West,Social,32.0,True,True,1,4.4
103140,2023-10-26,,Email,21.0,False,False,0,4.7
103141,2024-12-01,North East,Organic,42.0,True,True,0,4.4
103142,2024-01-16,West Midlands,Organic,50.0,True,False,1,3.5
103143,2024-04-05,South East,Email,32.0,False,False,0,3.2
103144,2025-01-24,London,Paid Search,26.0,True,True,1,3.0
103145,2024-01-21,London,Social,57.0,True,False,1,3.0
103146,2025-01-12,West Midlands,Paid Search,48.0,False,True,2,1.3
103147,2025-01-18,Yorkshire,Paid Search,36.0,False,False,1,3.5
103148,2024-03-14,Scotland,Email,,True,False,0,3.6
103149,2024-04-05,North West,Email,44.0,False,False,1,4.9
103150,2023-03-16,East of England,Referral,64.0,True,False,1,3.3
103151,2024-04-16,Wales,Email,50.0,False,False,0,3.8
103152,2023-07-13,NORTH WEST,Social,23.0,False,False,0,3.5
103153,2022-11-30,East of England,Affiliate,32.0,False,True,0,4.1
103154,2024-01-23,Yorkshire,Social,33.0,True,True,0,2.7
103155,2024-11-06,East of England,Social,45.0,True,True,0,3.5
103156,2023-10-06,London,Referral,37.0,True,False,0,3.2
103157,2023-06-09,East of England,Email,26.0,False,True,0,4.5
103158,2023-12-08,South West,Email,49.0,False,False,0,1.6
103159,2024-06-15,East of England,Social,54.0,True,True,2,4.3
103160,2023-07-09,Wales,Social,40.0,True,False,1,4.0
103161,2022-05-10,South West,Social,44.0,True,True,3,1.8
103162,2024-03-05,North East,Email,28.0,True,False,0,3.4
103163,2024-12-03,East of England,Social,34.0,False,True,2,3.2
103164,2024-11-29,Scotland,Paid Search,35.0,False,False,1,5.0
103165,2024-04-23,WALES,Paid Search,48.0,False,True,5,5.0
103166,2022-12-16,East of England,Organic,44.0,False,False,1,4.8
103167,2023-07-16,YORKSHIRE,Paid Search,37.0,False,True,1,4.4
103168,2022-09-20,Yorkshire,Organic,36.0,True,False,1,
103169,2024-06-22,West Midlands,Paid Search,18.0,False,False,3,4.5
103170,2023-09-14,East of England,Paid Search,62.0,True,False,2,4.6
103171,2024-01-30,Scotland,Referral,18.0,True,True,1,4.0
103172,2024-08-11,South East,Social,46.0,False,True,3,1.8
103173,2024-08-24,Scotland,Email,41.0,True,False,2,2.8
103174,2024-09-12,North East,Paid Search,38.0,False,False,1,
103175,2023-09-04,WEST MIDLANDS,Organic,41.0,True,False,2,3.7
103176,2023-02-10,East of England,Paid Search,32.0,True,True,0,4.3
103177,2024-01-24,Scotland,Paid Search,49.0,True,False,1,
103178,2024-03-31,North West,Paid Search,24.0,True,False,0,4.8
103179,2024-02-18,West Midlands,Social,45.0,True,False,2,2.7
103180,2023-06-14,North East,Paid Search,32.0,True,False,2,3.5
103181,2023-10-04,SOUTH EAST,Email,35.0,True,False,1,3.3
103182,2023-12-25,EAST OF ENGLAND,Social,36.0,True,True,1,2.8
103183,2023-03-14,Wales,Paid Search,39.0,True,True,1,3.9
103184,2023-03-09,South East,Referral,,True,True,1,2.9
103185,2023-05-18,South West,Social,41.0,False,False,1,4.7
103186,2024-05-10,East of England,Organic,53.0,False,False,1,3.7
103187,2022-06-13,West Midlands,Social,55.0,True,False,1,3.3
103188,2023-06-27,South East,Social,45.0,False,False,0,
103189,2023-11-01,North East,Social,50.0,False,True,0,4.5
103190,2023-09-22,South East,Affiliate,67.0,True,False,2,3.4
103191,2023-04-06,North East,Organic,23.0,False,False,1,5.0
103192,2024-04-03,East of England,Organic,55.0,False,False,3,5.0
103193,2023-11-09,Wales,Referral,61.0,True,False,2,3.0
103194,2024-08-19,North West,Social,47.0,True,False,0,5.0
103195,2023-09-12,London,Affiliate,66.0,False,False,0,
103196,2024-04-29,East of England,Email,64.0,True,True,0,3.5
103197,2024-02-13,WEST MIDLANDS,Social,37.0,True,False,0,4.8
103198,2024-01-11,Yorkshire,Social,38.0,True,False,0,3.0
103199,2023-10-28,Scotland,Organic,48.0,True,True,1,3.7
103200,2024-08-21,West Midlands,Paid Search,33.0,True,True,1,4.5
103201,2023-07-05,South West,Organic,76.0,True,False,1,3.1
103202,2024-01-21,Yorkshire,Organic,51.0,False,False,1,
103203,2023-07-17,East of England,Social,42.0,True,False,2,3.5
103204,2023-01-06,East of England,Social,23.0,False,False,2,3.9
103205,2023-06-26,East of England,Affiliate,44.0,False,False,1,3.7
103206,2023-04-10,West Midlands,Paid Search,26.0,True,True,1,5.0
103207,2023-05-29,,Organic,51.0,False,True,0,
103208,2023-01-16,North West,Organic,18.0,False,False,1,2.7
103209,2023-09-03,North East,Social,,True,True,2,2.8
103210,2023-11-15,Wales,Paid Search,,True,False,0,3.8
103211,2025-01-03,Yorkshire,Organic,19.0,True,False,0,3.2
103212,2025-01-24,South East,Social,41.0,False,True,2,3.4
103213,2024-03-15,North East,Organic,41.0,True,True,0,3.3
103214,2024-02-26,Yorkshire,Social,40.0,False,False,2,5.0
103215,2025-01-15,Wales,Paid Search,59.0,False,True,0,5.0
103216,2023-10-04,London,Organic,46.0,False,True,0,3.2
103217,2022-10-05,West Midlands,Referral,51.0,False,True,0,2.3
103218,2024-05-09,North West,Paid Search,38.0,True,False,1,3.5
103219,2024-02-07,Wales,Paid Search,47.0,True,False,0,2.8
103220,2024-04-24,Scotland,Affiliate,24.0,True,True,1,4.6
103221,2025-01-24,South East,Paid Search,44.0,True,False,1,4.1
103222,2025-01-24,East of England,Organic,31.0,False,False,2,3.5
103223,2025-01-07,South East,Organic,58.0,False,False,0,3.9
103224,2023-02-06,Scotland,Social,42.0,False,True,1,3.0
103225,2024-10-06,North East,Social,50.0,True,True,1,3.8
103226,2025-01-24,Scotland,Social,44.0,True,False,0,5.0
103227,2023-04-20,Scotland,Affiliate,64.0,True,False,2,
103228,2023-10-20,London,Organic,21.0,True,False,1,4.1
103229,2024-09-16,Scotland,Organic,40.0,False,False,1,3.3
103230,2023-08-30,NORTH EAST,Affiliate,29.0,False,True,1,3.3
103231,2023-03-25,North East,Paid Search,18.0,False,False,2,4.7
103232,2024-05-05,North East,Affiliate,28.0,False,True,2,2.9
103233,2023-03-19,West Midlands,Affiliate,56.0,True,False,0,3.8
103234,2023-12-13,London,Affiliate,41.0,True,True,2,3.2
103235,2023-02-13,North West,Paid Search,38.0,False,False,3,5.0
103236,2023-06-18,North West,Social,51.0,True,False,0,2.6
103237,2024-02-07,London,Referral,43.0,True,False,3,2.9
103238,2024-12-07,South West,Organic,49.0,True,False,2,3.9
103239,2023-09-05,Yorkshire,Social,45.0,False,False,2,3.9
103240,2023-09-27,SOUTH WEST,Paid Search,48.0,False,False,3,4.2
103241,2023-11-18,South East,Paid Search,35.0,True,False,0,3.5
103242,2023-04-26,East of England,Referral,55.0,False,False,2,3.6
103243,2024-02-09,London,Affiliate,25.0,True,True,1,3.1
103244,2022-11-19,South West,Paid Search,40.0,True,True,1,5.0
103245,2024-03-01,Wales,Paid Search,55.0,True,True,1,
103246,2023-11-09,North West,Social,39.0,True,False,0,4.5
103247,2024-12-27,WEST MIDLANDS,Paid Search,35.0,False,False,0,4.7
103248,2022-09-21,Scotland,Social,71.0,True,True,2,3.4
103249,2024-08-13,Yorkshire,Email,59.0,True,True,0,4.1
103250,2023-09-18,Yorkshire,Organic,43.0,False,False,1,2.2
103251,2024-11-15,South East,Email,28.0,True,False,1,3.4
103252,2023-07-31,West Midlands,Paid Search,18.0,False,False,1,
103253,2024-07-20,Yorkshire,Organic,50.0,True,False,1,4.7
103254,2023-08-15,East of England,Email,57.0,True,False,2,4.8
103255,2025-01-24,East of England,Paid Search,46.0,True,False,2,3.6
103256,2023-05-11,East of England,Organic,19.0,False,False,0,5.0
103257,2024-07-21,Scotland,Social,43.0,True,False,1,3.8
103258,2025-01-24,Yorkshire,Paid Search,35.0,True,False,2,4.4
103259,2023-03-01,West Midlands,Organic,43.0,True,False,1,5.0
103260,2024-06-06,North West,Referral,66.0,False,False,1,3.5
103261,2024-07-02,West Midlands,Paid Search,51.0,False,False,2,4.6
103262,2022-08-15,Scotland,Organic,48.0,False,False,0,2.6
103263,2024-05-06,South East,Paid Search,40.0,False,True,0,3.7
103264,2023-04-19,NORTH WEST,Email,46.0,True,False,2,4.5
103265,2023-12-13,South East,Organic,32.0,True,False,2,3.4
103266,2023-02-24,Scotland,Referral,48.0,True,True,1,4.0
103267,2025-01-24,Scotland,Paid Search,38.0,True,False,2,4.2
103268,2024-09-19,South East,Email,30.0,True,False,0,3.3
103269,2023-12-23,South East,Email,52.0,False,False,1,2.0
103270,2022-09-17,Yorkshire,Email,18.0,True,True,2,5.0
103271,2024-01-01,North West,Email,34.0,False,False,0,3.0
103272,2024-07-08,Wales,Paid Search,49.0,True,False,1,3.3
103273,2024-10-04,SOUTH EAST,Organic,57.0,False,True,1,
103274,2024-06-11,Scotland,Organic,47.0,True,False,1,3.1
103275,2024-12-18,Wales,Paid Search,32.0,False,False,0,3.9
103276,2022-12-21,South East,Organic,40.0,False,True,0,4.9
103277,2024-07-09,Scotland,Email,45.0,True,True,0,
103278,2023-06-11,Scotland,Organic,61.0,True,True,0,4.1
103279,2023-01-05,Yorkshire,Affiliate,53.0,False,False,1,4.3
103280,2025-01-24,Wales,Email,53.0,False,False,0,
103281,2023-08-07,Yorkshire,Organic,42.0,False,False,1,2.3
103282,2023-06-08,WEST MIDLANDS,Organic,27.0,True,True,1,
103283,2023-04-26,West Midlands,Social,23.0,False,True,1,5.0
103284,2023-10-09,East of England,Organic,37.0,False,False,0,3.2
103285,2025-01-24,NORTH WEST,Paid Search,50.0,True,True,0,3.3
103286,2023-12-10,East of England,Social,34.0,False,True,1,4.3
103287,2024-02-15,West Midlands,Social,48.0,True,False,2,4.5
103288,2023-06-03,London,Organic,,True,False,0,2.9
103289,2024-02-02,Yorkshire,Organic,33.0,True,True,1,4.6
103290,2024-02-20,North West,Paid Search,59.0,False,False,1,4.4
103291,2025-01-24,West Midlands,Organic,51.0,True,True,2,
103292,2024-05-20,West Midlands,Paid Search,37.0,True,True,3,2.2
103293,2024-06-29,South East,Email,30.0,False,True,1,4.6
103294,2023-03-11,North West,Social,53.0,True,False,0,4.2
103295,2023-02-07,North East,Organic,,True,True,2,
103296,2025-01-24,West Midlands,Affiliate,49.0,False,True,3,2.7
103297,2023-04-06,South West,Social,39.0,False,True,1,5.0
103298,2024-06-23,Scotland,Paid Search,27.0,True,False,1,
103299,2023-05-17,London,Referral,41.0,True,True,0,3.4
103300,2023-02-10,Wales,Email,59.0,True,True,0,4.0
103301,2024-11-27,North East,Social,29.0,False,False,0,4.0
103302,2024-01-20,North West,Paid Search,42.0,True,False,1,4.1
103303,2023-11-02,South East,Email,62.0,True,False,2,2.0
103304,2024-10-27,North East,Paid Search,37.0,False,False,1,2.8
103305,2023-03-17,London,Organic,39.0,False,False,0,4.3
103306,2023-06-05,Wales,Email,23.0,False,True,0,3.6
103307,2023-06-14,South East,Email,49.0,False,False,1,5.0
103308,2023-09-28,Wales,Social,31.0,False,True,2,
103309,2023-03-29,North East,Paid Search,21.0,True,False,2,3.6
103310,2023-07-14,North West,Organic,29.0,True,False,0,3.3
103311,2023-06-25,North West,Referral,44.0,True,False,2,2.7
103312,2023-05-12,South East,Email,20.0,True,False,1,3.2
103313,2024-03-06,South West,Email,23.0,False,True,1,4.0
103314,2024-03-10,West Midlands,Paid Search,48.0,False,False,0,5.0
103315,2024-04-30,East of England,Affiliate,40.0,True,True,0,3.4
103316,2025-01-24,East of England,Paid Search,29.0,True,True,2,2.5
103317,2023-08-15,Yorkshire,Organic,37.0,False,False,0,4.5
103318,2023-06-11,North West,Referral,64.0,True,False,0,3.6
103319,2024-03-18,West Midlands,Organic,58.0,False,False,0,3.0
103320,2023-03-20,Yorkshire,Social,40.0,False,True,1,4.5
103321,2024-07-18,,Social,52.0,False,True,1,4.4
103322,2025-01-24,Scotland,Referral,43.0,True,False,0,3.3
103323,2024-08-14,South West,Paid Search,18.0,False,True,2,2.5
103324,2023-08-04,Scotland,Paid Search,18.0,False,False,1,
103325,2025-01-24,West Midlands,Social,29.0,False,True,0,3.4
103326,2024-02-23,Wales,Referral,21.0,True,True,1,4.2
103327,2025-01-24,Yorkshire,Affiliate,45.0,False,False,0,3.8
103328,2024-12-28,SOUTH WEST,Organic,34.0,False,True,1,4.4
103329,2024-03-23,London,Email,,True,True,0,4.2
103330,2022-12-29,North East,Organic,47.0,True,True,1,4.4
103331,2024-04-27,South West,Organic,50.0,True,True,1,4.6
103332,2023-10-16,Wales,Paid Search,29.0,False,False,1,2.2
103333,2023-12-02,East of England,Paid Search,48.0,True,False,0,3.7
103334,2024-03-31,Yorkshire,Paid Search,29.0,True,False,0,
103335,2024-04-28,YORKSHIRE,Paid Search,50.0,True,False,2,3.6
103336,2023-04-15,East of England,Organic,57.0,True,True,2,5.0
103337,2023-09-07,Scotland,Referral,50.0,False,True,2,3.6
103338,2023-11-18,South West,Paid Search,39.0,True,False,0,
103339,2024-06-18,West Midlands,Email,48.0,True,True,2,3.7
103340,2023-09-20,South West,Referral,21.0,True,False,1,4.0
103341,2024-04-24,West Midlands,Organic,18.0,True,True,2,3.3
103342,2023-02-12,Scotland,Email,47.0,False,False,0,4.6
103343,2023-10-07,London,Organic,58.0,False,False,0,4.5
103344,2023-09-21,NORTH EAST,Paid Search,25.0,True,False,2,4.3
103345,2024-08-26,East of England,Email,41.0,True,True,0,4.7
103346,2024-06-10,North West,Social,47.0,True,False,1,5.0
103347,2024-04-23,London,Organic,33.0,True,False,3,4.7
103348,2025-01-05,Wales,Referral,37.0,True,False,2,4.7
103349,2023-10-21,London,Email,49.0,False,False,1,4.0
103350,2022-12-02,Scotland,Organic,,True,True,1,3.5
103351,2022-08-14,London,Paid Search,42.0,True,False,4,5.0
103352,2023-04-17,East of England,Referral,28.0,False,False,2,4.4
103353,2023-12-28,North West,Affiliate,41.0,False,False,0,3.1
103354,2025-01-24,Scotland,Social,36.0,True,True,1,3.9
103355,2024-09-24,YORKSHIRE,Email,37.0,False,False,0,3.7
103356,2024-06-16,West Midlands,Social,34.0,False,True,2,4.7
103357,2024-10-22,East of England,Paid Search,41.0,False,False,0,3.7
103358,2024-07-09,Yorkshire,Referral,30.0,True,False,0,2.6
103359,2025-01-24,Scotland,Email,41.0,True,False,1,4.5
103360,2024-03-08,West Midlands,Social,36.0,False,True,1,
103361,2024-03-01,SCOTLAND,Email,29.0,False,True,1,1.9
103362,2023-09-03,West Midlands,Social,18.0,False,True,0,4.8
103363,2024-07-25,Yorkshire,Paid Search,53.0,True,True,0,2.8
103364,2023-09-18,South West,Social,51.0,False,True,3,
103365,2023-11-03,Yorkshire,Paid Search,31.0,True,False,1,
103366,2024-06-23,LONDON,Paid Search,50.0,True,False,2,4.1
103367,2023-11-05,Wales,Paid Search,28.0,True,False,2,3.5
103368,2023-05-29,South West,Organic,37.0,False,False,0,
103369,2025-01-24,Wales,Referral,34.0,True,True,0,4.8
103370,2023-09-01,London,Paid Search,37.0,False,False,0,2.4
103371,2023-05-26,Wales,Organic,49.0,True,True,0,4.1
103372,2023-05-31,Scotland,Email,36.0,True,True,1,3.3
103373,2024-04-19,Wales,Referral,37.0,False,True,0,5.0
103374,2023-09-14,South West,Email,51.0,True,False,2,4.2
103375,2024-04-04,Wales,Affiliate,42.0,True,False,1,2.3
103376,2023-11-04,South East,Email,33.0,False,True,1,5.0
103377,2023-10-12,Yorkshire,Email,44.0,False,False,3,3.3
103378,2023-04-25,South West,Organic,54.0,False,False,1,
103379,2023-03-24,Yorkshire,Organic,55.0,True,False,1,
103380,2023-06-03,Wales,Organic,24.0,False,True,0,4.2
103381,2024-01-25,South West,Email,24.0,False,False,1,3.6
103382,2023-11-22,London,Social,54.0,True,True,0,3.9
103383,2024-08-07,South East,Email,37.0,True,True,0,3.9
103384,2023-11-05,,Social,18.0,True,False,0,1.8
103385,2025-01-03,West Midlands,Email,32.0,True,True,1,3.6
103386,2024-07-04,West Midlands,Paid Search,35.0,True,True,1,3.8
103387,2023-09-25,North East,Organic,37.0,True,False,4,2.6
103388,2024-08-27,London,Social,51.0,False,False,1,3.0
103389,2024-01-10,Yorkshire,Paid Search,29.0,False,True,2,
103390,2022-11-03,West Midlands,Referral,53.0,True,True,0,4.8
103391,2025-01-24,London,Paid Search,45.0,False,True,0,4.3
103392,2023-05-20,West Midlands,Paid Search,24.0,False,False,1,2.0
103393,2022-09-16,Scotland,Social,37.0,False,False,1,2.4
103394,2025-01-04,Scotland,Paid Search,47.0,False,False,0,2.4
103395,2023-10-25,South East,Social,42.0,True,False,1,3.4
103396,2022-12-07,South West,Paid Search,46.0,False,False,1,
103397,2023-11-16,West Midlands,Paid Search,33.0,True,True,0,3.9
103398,2024-12-07,Yorkshire,Email,48.0,False,False,0,4.6
103399,2024-10-11,Yorkshire,Organic,36.0,False,True,1,4.3
103400,2024-04-23,Yorkshire,Social,74.0,False,False,0,3.7
103401,2024-12-30,Yorkshire,Paid Search,24.0,True,False,0,5.0
103402,2024-11-20,West Midlands,Social,76.0,True,False,1,3.4
103403,2023-07-24,Scotland,Organic,29.0,True,False,2,3.3
103404,2023-01-02,Yorkshire,Paid Search,58.0,True,False,3,2.8
103405,2024-01-04,London,Email,52.0,True,False,1,3.8
103406,2024-03-21,South West,Social,29.0,True,True,0,4.7
103407,2023-06-08,Scotland,Affiliate,49.0,False,False,0,4.6
103408,2024-01-26,North West,Email,35.0,False,True,0,2.3
103409,2023-07-30,London,Social,45.0,True,False,0,3.0
103410,2025-01-24,West Midlands,Paid Search,43.0,False,True,2,4.7
103411,2022-08-03,Scotland,Email,36.0,False,False,0,2.8
103412,2024-10-12,Wales,Social,,False,False,2,
103413,2022-09-16,East of England,Referral,45.0,False,False,2,
103414,2023-09-03,Scotland,Social,29.0,False,False,0,4.8
103415,2024-06-01,South East,Paid Search,30.0,True,False,2,4.7
103416,2024-02-10,North West,Email,53.0,False,False,1,2.5
103417,2023-11-15,North East,Email,47.0,False,True,1,3.7
103418,2022-08-19,South East,Paid Search,24.0,True,False,0,3.6
103419,2023-10-22,East of England,Email,28.0,True,False,0,2.6
103420,2023-11-27,Yorkshire,Social,18.0,False,False,0,1.8
103421,2023-11-20,NORTH WEST,Social,53.0,False,False,1,5.0
103422,2024-05-06,WALES,Referral,50.0,False,False,1,3.9
103423,2023-09-04,West Midlands,Paid Search,27.0,True,True,0,3.1
103424,2023-07-28,East of England,Paid Search,49.0,True,True,0,4.3
103425,2025-01-24,London,Paid Search,67.0,True,False,2,3.8
103426,2023-03-01,North East,Referral,21.0,False,True,0,4.7
103427,2023-08-23,London,Paid Search,33.0,True,True,0,2.7
103428,2023-07-15,West Midlands,Social,21.0,True,True,2,2.8
103429,2024-10-19,North East,Email,53.0,False,False,1,4.0
103430,2023-09-04,East of England,Email,40.0,False,False,0,4.6
103431,2023-10-13,East of England,Paid Search,36.0,False,True,1,3.1
103432,2023-12-03,West Midlands,Paid Search,44.0,True,True,2,1.9
103433,2023-12-19,South West,Affiliate,34.0,True,False,0,4.4
103434,2023-08-11,North East,Social,36.0,True,False,0,4.2
103435,2025-01-24,East of England,Paid Search,45.0,False,False,2,4.0
103436,2023-12-28,North West,Paid Search,33.0,True,True,3,4.1
103437,2023-01-10,North East,Email,35.0,False,False,1,4.0
103438,2024-03-26,London,Referral,,True,True,0,5.0
103439,2024-04-11,Wales,Social,42.0,True,False,0,4.2
103440,2023-12-19,London,Organic,49.0,True,False,2,
103441,2023-10-18,London,Email,49.0,False,True,0,3.0
103442,2023-11-12,London,Paid Search,22.0,False,True,0,3.6
103443,2024-12-19,South East,Referral,59.0,True,True,0,4.5
103444,2024-03-26,South West,Paid Search,42.0,True,True,1,3.8
103445,2023-04-13,West Midlands,Paid Search,,True,False,2,2.7
103446,2025-01-24,London,Organic,29.0,True,True,0,4.8
103447,2025-01-24,West Midlands,Paid Search,67.0,False,True,2,3.9
103448,2022-11-25,,Organic,,True,False,2,5.0
103449,2025-01-24,Yorkshire,Email,65.0,True,False,1,5.0
103450,2024-10-02,South West,Organic,43.0,False,True,0,3.8
103451,2023-09-28,North West,Social,45.0,False,True,0,2.9
103452,2022-11-21,Yorkshire,Paid Search,60.0,True,True,0,3.0
103453,2024-01-17,South West,Organic,38.0,True,True,1,3.5
103454,2023-11-27,East of England,Social,48.0,True,True,4,4.8
103455,2024-10-09,London,Social,44.0,False,False,0,
103456,2022-08-08,East of England,Paid Search,66.0,False,False,0,
103457,2023-12-06,South West,Email,60.0,True,True,0,3.0
103458,2023-08-19,South East,Paid Search,39.0,True,True,2,3.8
103459,2024-09-18,West Midlands,Paid Search,61.0,True,True,1,3.6
103460,2023-12-17,East of England,Paid Search,41.0,True,True,1,5.0
103461,2024-08-02,London,Social,34.0,False,False,0,4.7
103462,2023-10-22,South West,Paid Search,37.0,True,False,1,2.7
103463,2024-03-13,Wales,Paid Search,43.0,False,True,1,2.5
103464,2024-10-25,Yorkshire,Organic,,True,True,0,4.7
103465,2024-04-19,Scotland,Organic,34.0,False,True,2,4.9
103466,2024-05-19,London,Paid Search,22.0,False,True,0,3.1
103467,2023-12-13,South West,Social,30.0,True,False,1,
103468,2024-06-10,North East,Social,44.0,False,False,6,5.0
103469,2022-08-20,Wales,Paid Search,55.0,False,True,1,
103470,2024-03-10,Yorkshire,Paid Search,53.0,False,True,1,4.0
103471,2023-09-26,London,Organic,47.0,False,False,1,4.5
103472,2024-04-01,North West,Affiliate,21.0,False,False,0,3.8
103473,2024-03-22,North West,Email,,True,True,0,3.6
103474,2025-01-02,London,Organic,38.0,False,False,0,
103475,2025-01-24,South East,Affiliate,54.0,False,False,0,3.4
103476,2024-04-21,Yorkshire,Organic,34.0,False,True,2,3.6
103477,2023-07-07,London,Organic,25.0,False,False,0,4.7
103478,2023-06-14,London,Affiliate,60.0,False,False,1,2.4
103479,2024-11-17,North East,Email,31.0,True,True,0,5.0
103480,2024-09-16,East of England,Social,26.0,False,False,0,4.1
103481,2024-05-25,Wales,Social,44.0,False,False,2,4.0
103482,2024-01-24,North West,Affiliate,40.0,True,True,1,4.4
103483,2024-07-27,WEST MIDLANDS,Paid Search,34.0,True,False,0,4.7
103484,2024-08-04,East of England,Organic,41.0,True,True,0,
103485,2024-10-29,East of England,Organic,29.0,False,True,1,
103486,2024-12-24,West Midlands,Affiliate,34.0,False,False,1,
103487,2024-01-04,North East,Paid Search,41.0,False,False,0,3.6
103488,2024-02-28,South West,Paid Search,18.0,True,True,1,3.5
103489,2023-08-27,North West,Organic,53.0,False,False,2,4.1
103490,2024-01-29,London,Paid Search,23.0,True,True,1,4.6
103491,2023-05-26,London,Email,29.0,False,True,0,3.2
103492,2022-11-17,Wales,Organic,54.0,False,False,0,1.7
103493,2024-02-14,Wales,Referral,48.0,False,False,1,3.1
103494,2023-06-09,Scotland,Email,42.0,True,False,1,3.5
103495,2024-03-29,South West,Organic,19.0,False,False,1,5.0
103496,2024-04-22,Wales,Referral,33.0,False,False,1,3.2
103497,2024-04-30,South East,Paid Search,38.0,False,True,1,4.4
103498,2025-01-24,North East,Social,39.0,True,False,1,5.0
103499,2023-05-03,Scotland,Social,56.0,True,False,0,
103500,2024-02-28,Scotland,Paid Search,67.0,True,False,2,5.0
103501,2024-04-13,South East,Paid Search,49.0,True,False,1,4.5
103502,2023-02-02,East of England,Social,34.0,False,True,0,3.1
103503,2024-02-20,East of England,Social,57.0,True,False,1,3.6
103504,2024-08-02,London,Social,33.0,False,False,1,3.3
103505,2024-05-25,East of England,Paid Search,18.0,False,False,0,3.7
103506,2023-07-12,South East,Paid Search,25.0,True,True,0,4.3
103507,2024-07-15,NORTH WEST,Affiliate,18.0,True,False,0,
103508,2024-08-27,East of England,Paid Search,36.0,False,False,1,4.3
103509,2023-09-11,South West,Affiliate,39.0,True,False,2,4.1
103510,2022-12-25,South East,Email,20.0,True,False,2,2.2
103511,2024-06-02,Scotland,Social,30.0,False,True,1,4.3
103512,2023-08-11,North West,Organic,22.0,True,False,1,4.1
103513,2023-01-24,South West,Referral,39.0,False,False,1,3.0
103514,2023-06-20,Wales,Referral,30.0,False,False,4,3.8
103515,2023-12-23,East of England,Email,54.0,True,False,4,3.1
103516,2023-09-22,South West,Email,43.0,True,True,1,
103517,2024-03-30,Scotland,Organic,62.0,True,False,1,4.5
103518,2023-02-12,Yorkshire,Paid Search,35.0,False,True,1,4.6
103519,2025-01-24,North West,Affiliate,69.0,True,False,1,
103520,2023-12-14,North East,Paid Search,41.0,True,False,0,4.6
103521,2023-11-24,North West,Organic,34.0,False,True,0,3.6
103522,2022-06-18,North East,Organic,72.0,True,True,2,
103523,2024-02-21,South West,Email,18.0,False,True,0,5.0
103524,2024-08-27,North East,Email,34.0,False,True,1,3.5
103525,2024-05-24,East of England,Social,19.0,True,True,1,5.0
103526,2023-09-28,West Midlands,Paid Search,18.0,False,False,1,4.7
103527,2024-02-02,North West,Paid Search,18.0,True,False,1,2.9
103528,2025-01-24,SOUTH EAST,Paid Search,49.0,True,False,0,5.0
103529,2024-08-20,North East,Affiliate,,True,False,3,3.5
103530,2023-04-04,South East,Paid Search,38.0,False,False,2,4.2
103531,2023-03-13,Wales,Affiliate,53.0,False,True,0,4.2
103532,2024-10-03,East of England,Paid Search,47.0,False,False,1,3.1
103533,2024-10-02,South East,Referral,46.0,True,True,1,4.8
103534,2024-10-08,North East,Social,57.0,False,False,3,3.6
103535,2024-08-29,,Referral,62.0,True,False,0,2.8
103536,2023-07-30,South East,Social,25.0,False,True,2,3.3
103537,2023-12-29,Yorkshire,Email,47.0,True,False,1,2.4
103538,2023-02-28,South East,Email,37.0,True,False,2,2.8
103539,2023-06-12,South East,Paid Search,39.0,True,False,0,
103540,2022-03-26,East of England,Affiliate,,True,False,0,
103541,2022-09-26,North East,Social,34.0,True,False,2,4.3
103542,2024-06-02,London,Paid Search,36.0,True,True,0,2.7
103543,2025-01-07,EAST OF ENGLAND,Organic,60.0,False,True,2,5.0
103544,2023-12-10,East of England,Social,26.0,False,False,2,4.0
103545,2024-01-07,London,Referral,18.0,False,False,1,2.9
103546,2024-04-20,South East,Email,41.0,True,True,0,4.5
103547,2023-03-17,Scotland,Organic,25.0,True,False,2,2.9
103548,2023-07-10,East of England,Email,39.0,True,False,1,4.6
103549,2023-11-23,North West,Paid Search,50.0,False,True,4,3.5
103550,2023-10-27,SCOTLAND,Organic,40.0,False,True,0,2.2
103551,2024-05-13,Scotland,Referral,35.0,True,True,2,3.9
103552,2023-07-10,South West,Paid Search,39.0,False,False,1,
103553,2024-07-03,North West,Organic,52.0,True,True,1,3.8
103554,2024-01-30,East of England,Paid Search,26.0,False,True,3,3.9
103555,2024-08-22,WALES,Paid Search,50.0,False,False,0,2.6
103556,2024-05-12,Yorkshire,Paid Search,28.0,False,True,1,4.3
103557,2023-01-01,South West,Paid Search,49.0,False,False,2,2.9
103558,2024-09-19,South East,Organic,21.0,True,False,0,2.8
103559,2024-10-28,North East,Referral,48.0,True,False,2,2.9
103560,2024-10-09,West Midlands,Paid Search,40.0,True,True,1,2.4
103561,2024-01-25,South East,Referral,42.0,False,True,0,5.0
103562,2023-12-24,Yorkshire,Social,53.0,False,False,1,3.2
103563,2023-04-11,West Midlands,Paid Search,30.0,True,True,2,4.3
103564,2022-08-09,Scotland,Organic,41.0,True,False,2,4.5
103565,2025-01-24,Wales,Paid Search,45.0,True,False,1,5.0
103566,2022-10-27,Yorkshire,Email,37.0,True,True,1,2.6
103567,2025-01-24,West Midlands,Email,50.0,True,False,0,3.5
103568,2024-05-23,Wales,Organic,45.0,False,False,1,3.1
103569,2024-05-11,West Midlands,Paid Search,33.0,True,False,1,3.9
103570,2024-06-10,North East,Paid Search,,False,True,1,2.4
103571,2024-05-30,North East,Social,48.0,True,True,0,5.0
103572,2023-12-21,Scotland,Paid Search,30.0,True,True,1,4.4
103573,2024-08-30,South West,Social,30.0,False,True,0,
103574,2024-01-16,South West,Social,38.0,True,False,2,
103575,2023-05-13,Wales,Email,47.0,False,False,3,5.0
103576,2024-12-22,Scotland,Paid Search,18.0,False,True,1,3.6
103577,2022-11-24,Scotland,Organic,31.0,True,True,0,5.0
103578,2025-01-24,North West,Organic,33.0,False,False,0,3.7
103579,2022-08-27,Yorkshire,Referral,22.0,True,True,0,4.1
103580,2025-01-24,East of England,Organic,28.0,True,True,1,2.9
103581,2025-01-23,Scotland,Organic,43.0,False,False,1,5.0
103582,2024-07-12,WEST MIDLANDS,Paid Search,35.0,True,False,1,2.5
103583,2024-03-01,SCOTLAND,Email,36.0,False,True,1,4.7
103584,2023-06-18,Yorkshire,Social,23.0,True,False,0,4.4
103585,2025-01-24,South East,Email,38.0,False,False,1,2.5
103586,2024-11-28,East of England,Social,21.0,True,False,0,4.8
103587,2024-10-06,Wales,Referral,60.0,True,True,1,5.0
103588,2024-06-17,West Midlands,Referral,64.0,False,False,1,
103589,2023-07-17,West Midlands,Organic,35.0,False,False,1,4.5
103590,2025-01-24,London,Paid Search,26.0,False,False,2,4.3
103591,2024-03-16,Yorkshire,Affiliate,52.0,True,False,1,4.1
103592,2024-07-27,Scotland,Email,49.0,False,False,0,3.1
103593,2023-12-12,Wales,Affiliate,65.0,True,False,0,4.0
103594,2023-03-01,North East,Organic,69.0,True,False,1,3.7
103595,2023-05-15,SOUTH WEST,Affiliate,,True,True,2,4.9
103596,2023-09-09,North West,Paid Search,56.0,True,True,2,3.1
103597,2023-05-11,South East,Social,38.0,True,True,3,3.2
103598,2023-07-03,Scotland,Organic,48.0,False,True,3,3.4
103599,2024-01-08,East of England,Paid Search,51.0,True,False,1,4.4
103600,2024-08-05,London,Paid Search,51.0,True,False,0,3.3
103601,2023-02-01,Scotland,Paid Search,54.0,False,True,1,4.9
103602,2023-10-05,London,Paid Search,34.0,True,False,3,3.9
103603,2023-10-12,North West,Affiliate,29.0,True,False,3,4.7
103604,2023-04-04,West Midlands,Affiliate,56.0,True,False,2,2.4
103605,2023-06-11,London,Referral,30.0,True,False,1,3.9
103606,2023-07-01,North West,Affiliate,65.0,False,True,0,5.0
103607,2023-11-27,East of England,Referral,31.0,True,False,3,5.0
103608,2024-07-02,North East,Affiliate,36.0,True,True,1,4.6
103609,2023-07-14,South West,Paid Search,39.0,True,False,1,3.0
103610,2025-01-24,West Midlands,Paid Search,21.0,True,False,0,2.3
103611,2023-10-19,North East,Referral,21.0,True,True,2,4.6
103612,2024-06-15,Scotland,Organic,53.0,True,True,1,
103613,2023-10-10,West Midlands,Email,19.0,True,False,2,
103614,2024-03-07,Wales,Social,74.0,False,True,0,3.8
103615,2025-01-24,West Midlands,Organic,,True,True,2,4.2
103616,2024-01-05,South West,Organic,28.0,True,False,1,5.0
103617,2023-11-28,South East,Email,46.0,False,False,2,
103618,2024-03-29,West Midlands,Social,18.0,True,False,1,4.2
103619,2022-11-23,North East,Organic,37.0,True,True,2,2.9
103620,2024-03-01,North West,Social,38.0,False,True,2,4.1
103621,2023-08-17,WALES,Organic,25.0,True,True,1,5.0
103622,2023-07-27,Scotland,Organic,33.0,False,True,0,3.4
103623,2024-03-25,North East,Social,61.0,False,True,3,4.9
103624,2024-08-20,Scotland,Organic,43.0,True,False,1,4.9
103625,2024-05-31,Scotland,Affiliate,46.0,True,True,0,3.3
103626,2024-04-04,WEST MIDLANDS,Organic,31.0,False,True,2,
103627,2024-10-26,North West,Affiliate,24.0,True,False,1,5.0
103628,2023-09-22,Wales,Referral,38.0,True,False,0,2.9
103629,2023-10-06,Yorkshire,Referral,18.0,False,False,0,3.9
103630,2025-01-24,YORKSHIRE,Email,27.0,True,True,1,4.2
103631,2023-02-15,West Midlands,Social,25.0,False,True,2,3.6
103632,2023-10-22,South West,Social,18.0,True,False,0,3.2
103633,2024-05-31,West Midlands,Social,49.0,False,False,0,2.9
103634,2023-10-12,North West,Paid Search,39.0,True,True,1,3.3
103635,2023-01-29,London,Paid Search,33.0,False,False,1,4.1
103636,2025-01-24,Wales,Paid Search,50.0,True,False,5,3.6
103637,2023-04-24,London,Email,20.0,True,False,2,4.8
103638,2025-01-24,Wales,Paid Search,24.0,False,False,0,5.0
103639,2024-04-17,,Social,56.0,False,True,1,3.2
103640,2024-01-06,London,Paid Search,71.0,True,True,2,4.3
103641,2023-10-18,North East,Paid Search,50.0,True,True,1,4.1
103642,2024-10-09,South West,Social,47.0,False,True,2,5.0
103643,2023-04-17,SOUTH WEST,Referral,33.0,True,True,2,3.6
103644,2022-10-10,Yorkshire,Organic,34.0,False,False,0,4.4
103645,2024-07-25,South West,Referral,44.0,True,False,0,5.0
103646,2024-10-09,South East,Paid Search,59.0,True,True,4,2.2
103647,2024-12-03,North West,Organic,47.0,True,False,0,5.0
103648,2023-11-09,Yorkshire,Paid Search,53.0,True,False,0,3.5
103649,2023-07-28,South West,Organic,29.0,False,True,3,
103650,2024-03-07,Yorkshire,Paid Search,49.0,True,True,1,4.3
103651,2022-12-31,Scotland,Paid Search,32.0,False,True,0,4.2
103652,2023-11-19,East of England,Email,43.0,True,False,3,4.6
103653,2023-09-02,London,Social,49.0,False,False,0,
103654,2023-06-14,Yorkshire,Paid Search,34.0,False,False,3,3.9
103655,2023-05-13,West Midlands,Referral,28.0,True,False,0,
103656,2022-08-29,Scotland,Email,46.0,False,False,3,5.0
103657,2024-09-23,South East,Organic,39.0,True,False,4,4.4
103658,2023-11-08,North East,Organic,43.0,False,False,0,3.5
103659,2023-11-08,Wales,Organic,50.0,True,True,0,5.0
103660,2023-03-02,NORTH EAST,Referral,58.0,True,True,2,4.1
103661,2023-02-27,Wales,Organic,50.0,True,True,2,2.1
103662,2023-10-27,East of England,Paid Search,48.0,True,True,1,3.1
103663,2025-01-24,North West,Paid Search,34.0,False,False,0,3.7
103664,2023-04-03,South East,Organic,36.0,False,False,0,4.1
103665,2024-02-01,East of England,Organic,47.0,False,False,0,2.9
103666,2023-03-30,North East,Social,36.0,False,True,1,3.1
103667,2023-06-02,West Midlands,Affiliate,47.0,False,False,1,5.0
103668,2024-01-05,North East,Paid Search,,False,True,0,4.1
103669,2024-02-12,SOUTH EAST,Organic,66.0,True,False,1,3.8
103670,2024-03-30,NORTH WEST,Paid Search,44.0,False,False,2,3.6
103671,2024-05-02,East of England,Organic,43.0,True,False,0,3.9
103672,2024-07-09,Scotland,Social,35.0,False,True,1,4.2
103673,2023-09-11,SOUTH WEST,Affiliate,66.0,True,False,2,2.5
103674,2024-07-18,West Midlands,Email,25.0,True,False,1,3.7
103675,2023-01-24,South West,Paid Search,32.0,True,False,1,3.4
103676,2023-08-11,West Midlands,Referral,52.0,False,True,2,3.9
103677,2024-04-30,SOUTH EAST,Referral,,False,True,1,2.5
103678,2023-03-04,YORKSHIRE,Paid Search,34.0,True,False,1,4.0
103679,2022-12-13,Yorkshire,Affiliate,34.0,False,True,1,4.0
103680,2024-03-28,Yorkshire,Email,37.0,False,False,0,3.4
103681,2023-03-22,London,Email,42.0,False,False,3,3.2
103682,2024-04-29,Scotland,Organic,61.0,True,True,1,
103683,2024-01-28,London,Paid Search,49.0,True,True,1,4.1
103684,2023-07-22,Wales,Email,54.0,False,False,1,4.4
103685,2023-12-15,London,Organic,,True,True,0,
103686,2024-06-28,North East,Affiliate,48.0,True,False,2,4.5
103687,2024-03-11,London,Paid Search,21.0,True,True,0,2.6
103688,2024-04-26,East of England,Organic,43.0,False,False,3,5.0
103689,2024-06-05,West Midlands,Email,43.0,True,True,0,
103690,2024-02-05,South East,Social,65.0,False,True,2,3.8
103691,2024-03-11,West Midlands,Organic,61.0,False,False,0,3.2
103692,2023-06-09,London,Email,38.0,False,True,1,
103693,2023-09-07,EAST OF ENGLAND,Email,30.0,True,False,2,3.8
103694,2023-12-06,Wales,Social,31.0,True,True,0,4.8
103695,2024-01-15,West Midlands,Organic,37.0,False,True,1,
103696,2024-04-12,Scotland,Social,58.0,False,False,1,3.3
103697,2023-01-26,South East,Social,46.0,True,False,1,3.2
103698,2023-05-21,Scotland,Email,48.0,True,False,0,4.3
103699,2024-05-20,North East,Social,52.0,False,True,0,5.0
103700,2023-12-24,Yorkshire,Organic,28.0,False,False,2,4.2
103701,2024-03-01,Wales,Paid Search,32.0,True,True,2,5.0
103702,2024-05-09,South West,Paid Search,48.0,True,False,2,4.2
103703,2024-07-11,South East,Organic,31.0,True,False,2,
103704,2023-02-20,London,Social,21.0,True,True,0,5.0
103705,2023-01-14,West Midlands,Email,27.0,True,False,1,5.0
103706,2023-08-09,North East,Affiliate,55.0,False,False,0,4.4
103707,2024-09-17,South East,Social,,True,False,1,3.7
103708,2024-06-01,London,Email,44.0,True,True,1,5.0
103709,2025-01-24,North East,Social,28.0,True,True,0,
103710,2023-11-01,South East,Organic,46.0,True,False,2,
103711,2025-01-24,West Midlands,Social,37.0,False,True,0,5.0
103712,2024-10-24,South West,Organic,47.0,False,False,2,
103713,2025-01-24,,Organic,35.0,False,False,2,
103714,2022-10-06,South East,Referral,48.0,True,True,1,3.5
103715,2024-09-27,South West,Social,34.0,True,False,3,
103716,2025-01-24,London,Paid Search,40.0,False,True,1,4.5
103717,2024-09-22,South West,Social,37.0,True,False,0,4.1
103718,2024-07-07,Yorkshire,Affiliate,41.0,True,False,0,3.5
103719,2024-02-16,North West,Paid Search,45.0,False,False,1,5.0
103720,2023-08-21,EAST OF ENGLAND,Affiliate,35.0,True,True,0,3.2
103721,2024-04-28,WEST MIDLANDS,Affiliate,39.0,True,False,1,2.9
103722,2024-06-04,North East,Social,43.0,True,False,4,2.4
103723,2024-06-20,,Organic,48.0,True,False,0,5.0
103724,2024-04-16,South West,Paid Search,40.0,False,False,1,4.7
103725,2024-10-17,North West,Paid Search,29.0,False,True,1,3.6
103726,2024-04-02,Wales,Organic,42.0,True,True,0,5.0
103727,2022-10-08,North West,Email,50.0,True,False,2,
103728,2025-01-24,Yorkshire,Affiliate,24.0,True,False,0,3.5
103729,2025-01-15,Wales,Paid Search,24.0,False,False,2,3.0
103730,2024-01-24,North East,Organic,32.0,False,False,3,3.3
103731,2024-01-24,South West,Social,38.0,True,True,2,3.7
103732,2024-06-27,East of England,Organic,18.0,False,True,2,
103733,2023-12-14,East of England,Social,48.0,False,True,0,5.0
103734,2023-04-20,Scotland,Affiliate,39.0,False,True,3,3.7
103735,2023-09-29,East of England,Organic,18.0,False,True,1,3.0
103736,2024-06-07,Yorkshire,Paid Search,27.0,True,True,2,4.3
103737,2024-09-07,Yorkshire,Social,37.0,True,False,0,5.0
103738,2024-09-02,West Midlands,Paid Search,18.0,True,True,0,4.5
103739,2024-02-23,West Midlands,Affiliate,54.0,True,False,0,3.8
103740,2023-10-20,South East,Affiliate,43.0,True,True,0,4.8
103741,2023-12-29,South West,Paid Search,50.0,False,False,1,3.9
103742,2023-07-04,London,Social,28.0,False,False,2,3.5
103743,2024-05-09,South East,Email,46.0,True,False,0,3.9
103744,2022-11-11,North West,Organic,32.0,False,True,0,3.0
103745,2023-10-28,South East,Organic,38.0,True,False,2,3.5
103746,2023-11-06,South West,Affiliate,46.0,True,False,1,
103747,2023-07-23,South East,Paid Search,40.0,True,False,2,3.5
103748,2023-10-23,Scotland,Social,52.0,False,False,2,4.2
103749,2024-04-05,SOUTH WEST,Paid Search,43.0,False,False,1,4.1
103750,2023-01-05,Yorkshire,Organic,35.0,False,False,2,3.8
103751,2024-01-18,YORKSHIRE,Referral,52.0,False,False,0,4.1
103752,2024-06-21,West Midlands,Email,55.0,True,False,1,3.7
103753,2024-06-23,Scotland,Social,42.0,True,False,0,4.3
103754,2024-04-03,South West,Paid Search,58.0,True,False,0,3.1
103755,2024-05-31,Scotland,Referral,38.0,False,False,1,4.7
103756,2023-10-06,East of England,Organic,39.0,True,False,3,
103757,2023-10-27,WALES,Social,41.0,True,True,0,2.9
103758,2023-01-30,North West,Paid Search,39.0,False,False,2,3.0
103759,2023-07-12,South East,Social,37.0,True,False,2,3.7
103760,2023-08-10,Scotland,Social,32.0,True,False,4,4.2
103761,2024-03-02,West Midlands,Organic,28.0,True,False,1,3.9
103762,2023-05-22,South East,Social,42.0,True,False,0,3.3
103763,2023-10-04,South West,Organic,57.0,False,False,0,2.3
103764,2023-02-24,East of England,Email,52.0,False,True,1,3.5
103765,2024-10-09,EAST OF ENGLAND,Social,46.0,True,False,0,5.0
103766,2024-04-23,South West,Referral,57.0,False,False,1,
103767,2023-06-12,Scotland,Paid Search,41.0,True,False,1,3.3
103768,2025-01-24,Yorkshire,Paid Search,28.0,False,True,1,3.9
103769,2023-01-16,North West,Paid Search,36.0,True,True,1,4.1
103770,2023-03-06,South West,Paid Search,40.0,True,False,1,4.7
103771,2024-02-09,North East,Social,34.0,True,False,0,3.2
103772,2024-10-30,Wales,Paid Search,49.0,False,False,1,3.6
103773,2024-07-16,Scotland,Paid Search,53.0,True,False,4,4.4
103774,2025-01-24,London,Organic,18.0,True,False,0,4.6
103775,2025-01-01,Wales,Social,39.0,True,True,0,4.7
103776,2025-01-24,Yorkshire,Email,,False,False,3,4.7
103777,2023-02-14,South West,Organic,40.0,True,False,0,5.0
103778,2025-01-24,West Midlands,Affiliate,40.0,False,False,0,3.0
103779,2024-04-07,Wales,Paid Search,64.0,True,False,1,3.1
103780,2023-02-15,Wales,Social,60.0,True,False,2,4.0
103781,2025-01-12,London,Paid Search,,True,False,1,2.9
103782,2023-11-24,Yorkshire,Email,29.0,True,False,2,
103783,2024-03-07,Scotland,Paid Search,28.0,True,False,0,3.8
103784,2024-12-27,East of England,Affiliate,27.0,True,False,0,3.7
103785,2023-04-25,North West,Email,,True,False,0,
103786,2023-12-14,London,Social,29.0,True,False,0,1.6
103787,2023-08-27,North West,Social,36.0,False,False,3,3.0
103788,2023-10-07,Yorkshire,Organic,29.0,True,False,1,3.5
103789,2025-01-18,North West,Paid Search,25.0,True,False,1,3.8
103790,2024-04-13,Scotland,Referral,45.0,False,True,2,4.3
103791,2024-12-01,West Midlands,Email,43.0,False,True,2,3.8
103792,2023-03-17,East of England,Paid Search,18.0,False,True,0,3.4
103793,2023-11-24,Scotland,Paid Search,24.0,True,False,0,4.3
103794,2024-07-09,South East,Organic,,False,False,4,4.3
103795,2024-10-10,East of England,Email,40.0,True,True,1,3.2
103796,2024-04-04,North West,Social,36.0,True,False,0,5.0
103797,2024-09-07,West Midlands,Social,49.0,True,False,2,2.0
103798,2024-03-20,South West,Paid Search,22.0,False,False,0,4.6
103799,2023-02-17,North West,Affiliate,33.0,True,False,3,4.8
103800,2023-01-16,London,Paid Search,48.0,True,False,1,5.0
103801,2023-12-28,West Midlands,Organic,33.0,True,False,0,4.3
103802,2023-07-29,West Midlands,Affiliate,45.0,True,False,0,2.8
103803,2023-11-30,East of England,Email,26.0,True,False,1,5.0
103804,2023-05-14,South West,Social,30.0,True,True,1,2.8
103805,2023-04-19,London,Referral,18.0,False,True,1,3.1
103806,2025-01-24,South West,Paid Search,18.0,True,True,2,3.5
103807,2024-04-02,South West,Paid Search,35.0,False,True,3,2.9
103808,2022-12-19,South East,Paid Search,47.0,True,False,1,2.1
103809,2024-10-08,West Midlands,Paid Search,40.0,True,False,1,3.2
103810,2024-06-12,South West,Email,56.0,True,False,1,
103811,2024-03-25,Yorkshire,Social,36.0,True,False,0,4.1
103812,2025-01-24,West Midlands,Organic,18.0,True,True,0,3.6
103813,2022-05-14,South West,Email,45.0,True,False,0,3.8
103814,2024-02-11,East of England,Organic,27.0,True,False,2,4.3
103815,2024-07-21,Yorkshire,Paid Search,43.0,False,False,0,
103816,2024-02-04,London,Organic,18.0,False,False,0,3.4
103817,2024-05-27,East of England,Email,37.0,True,False,1,4.4
103818,2025-01-24,South East,Organic,50.0,True,False,0,3.8
103819,2025-01-24,North East,Affiliate,49.0,True,False,1,3.3
103820,2025-01-24,South East,Referral,38.0,False,False,1,3.9
103821,2025-01-24,London,Email,40.0,True,False,1,5.0
103822,2025-01-19,West Midlands,Email,35.0,True,False,1,3.5
103823,2022-11-20,West Midlands,Social,37.0,False,True,1,4.6
103824,2025-01-24,West Midlands,Referral,49.0,False,True,0,3.1
103825,2024-01-01,North East,Social,31.0,True,False,2,4.0
103826,2023-06-19,North West,Organic,33.0,False,False,1,4.3
103827,2023-12-06,Wales,Paid Search,20.0,True,True,0,3.2
103828,2023-09-13,South East,Email,49.0,True,False,3,
103829,2024-03-14,,Organic,37.0,False,True,1,3.2
103830,2024-06-20,South East,Email,25.0,False,False,0,
103831,2023-09-03,North West,Affiliate,52.0,True,False,1,4.0
103832,2023-05-05,South East,Organic,40.0,True,False,2,5.0
103833,2023-07-21,West Midlands,Organic,31.0,True,False,0,4.4
103834,2024-12-30,Scotland,Paid Search,,False,True,0,4.0
103835,2024-06-24,WALES,Organic,36.0,True,False,0,
103836,2024-12-02,South West,Social,20.0,False,False,1,2.8
103837,2023-02-28,East of England,Organic,53.0,False,True,1,
103838,2025-01-24,Scotland,Organic,29.0,True,False,0,3.7
103839,2024-10-17,North West,Social,80.0,False,True,0,4.3
103840,2024-04-11,NORTH WEST,Paid Search,34.0,True,False,2,4.6
103841,2024-07-16,South East,Paid Search,18.0,True,True,3,4.5
103842,2024-12-30,East of England,Paid Search,63.0,True,False,0,
103843,2024-10-22,South West,Email,40.0,False,False,1,4.8
103844,2023-05-12,Yorkshire,Paid Search,44.0,False,False,1,2.9
103845,2024-09-02,Yorkshire,Paid Search,45.0,True,False,3,3.6
103846,2024-10-20,West Midlands,Organic,23.0,True,False,3,4.0
103847,2025-01-24,North East,Email,18.0,True,False,2,4.5
103848,2024-10-17,WALES,Email,66.0,True,False,0,3.1
103849,2023-03-27,Scotland,Organic,20.0,False,True,2,3.2
103850,2024-01-26,South West,Social,62.0,False,True,1,2.5
103851,2024-02-07,West Midlands,Email,47.0,False,False,1,3.8
103852,2024-07-09,South East,Referral,43.0,True,False,2,5.0
103853,2023-07-18,North West,Social,34.0,True,False,0,5.0
103854,2023-12-22,Wales,Email,70.0,True,False,1,4.2
103855,2023-05-16,Scotland,Paid Search,31.0,False,False,2,5.0
103856,2025-01-24,Wales,Organic,32.0,False,False,0,4.1
103857,2024-03-28,West Midlands,Referral,49.0,True,False,0,4.1
103858,2024-09-21,Scotland,Paid Search,32.0,True,True,0,3.9
103859,2023-08-30,London,Organic,,True,False,4,4.0
103860,2024-04-24,South West,Social,40.0,False,True,1,
103861,2023-09-05,West Midlands,Referral,49.0,False,True,0,3.7
103862,2024-09-22,LONDON,Paid Search,65.0,False,False,1,5.0
103863,2024-08-02,North West,Referral,67.0,True,False,3,4.5
103864,2023-04-10,East of England,Paid Search,18.0,True,False,0,2.6
103865,2023-10-14,Wales,Referral,54.0,True,False,0,4.6
103866,2024-05-13,North East,Referral,28.0,True,False,2,4.9
103867,2023-09-19,North West,Email,28.0,True,False,0,2.9
103868,2024-06-11,Yorkshire,Affiliate,33.0,True,True,1,5.0
103869,2024-08-05,,Affiliate,,True,True,2,4.8
103870,2023-12-31,South West,Affiliate,,True,True,1,
103871,2023-08-25,East of England,Social,18.0,True,True,1,5.0
103872,2023-08-22,London,Organic,59.0,False,False,1,4.9
103873,2023-09-06,South East,Paid Search,52.0,False,False,0,3.7
103874,2023-08-23,Yorkshire,Paid Search,40.0,True,True,3,3.4
103875,2024-07-15,Yorkshire,Social,28.0,False,True,0,
103876,2022-08-21,Wales,Paid Search,56.0,False,True,0,3.6
103877,2023-05-26,Wales,Affiliate,40.0,False,True,2,2.9
103878,2023-05-20,LONDON,Paid Search,33.0,False,True,1,4.3
103879,2024-09-21,Yorkshire,Paid Search,,True,True,2,
103880,2024-07-22,Scotland,Paid Search,47.0,True,False,0,5.0
103881,2023-11-09,Scotland,Paid Search,36.0,True,False,2,4.5
103882,2025-01-24,London,Paid Search,44.0,True,False,1,5.0
103883,2023-11-19,Wales,Social,43.0,True,True,1,5.0
103884,2023-05-13,South East,Organic,49.0,False,False,0,3.4
103885,2024-08-15,North East,Email,43.0,False,False,1,2.3
103886,2023-08-19,North East,Organic,36.0,True,False,0,3.6
103887,2024-11-10,Wales,Email,48.0,False,True,4,3.0
103888,2023-09-21,South East,Email,53.0,False,False,1,1.8
103889,2023-11-10,Scotland,Paid Search,60.0,False,True,3,
103890,2024-10-29,London,Paid Search,26.0,True,False,1,3.0
103891,2025-01-24,East of England,Referral,55.0,False,False,0,3.4
103892,2024-09-29,WALES,Email,20.0,False,True,2,3.6
103893,2024-02-16,Yorkshire,Paid Search,54.0,True,True,0,
103894,2025-01-24,London,Social,33.0,True,True,4,3.2
103895,2024-09-05,West Midlands,Organic,51.0,False,False,0,4.7
103896,2024-11-19,SOUTH EAST,Paid Search,60.0,True,False,1,
103897,2024-05-20,SCOTLAND,Paid Search,43.0,False,False,1,2.6
103898,2022-06-04,West Midlands,Email,40.0,False,False,1,5.0
103899,2024-01-17,Wales,Organic,40.0,True,True,1,3.0
103900,2023-12-28,North West,Social,35.0,True,False,3,3.1
103901,2024-07-04,West Midlands,Paid Search,56.0,True,False,2,5.0
103902,2024-11-29,North West,Paid Search,40.0,True,True,1,4.0
103903,2024-05-15,Wales,Paid Search,18.0,False,True,2,5.0
103904,2023-10-23,North West,Organic,52.0,False,True,1,4.7
103905,2024-09-09,North East,Referral,52.0,False,False,1,
103906,2024-10-12,East of England,Email,42.0,True,False,0,3.4
103907,2023-08-15,West Midlands,Paid Search,31.0,False,True,0,3.0
103908,2024-06-08,Yorkshire,Paid Search,26.0,False,True,1,5.0
103909,2024-06-20,South East,Paid Search,,False,True,1,3.4
103910,2024-06-06,North East,Referral,,True,False,0,4.1
103911,2023-08-29,North East,Social,18.0,True,True,2,4.5
103912,2024-01-26,North West,Email,,False,False,2,2.8
103913,2023-07-23,South East,Organic,42.0,True,False,1,3.4
103914,2024-01-13,Scotland,Social,58.0,True,True,2,3.8
103915,2024-05-31,South West,Social,50.0,False,False,1,
103916,2024-01-06,EAST OF ENGLAND,Social,32.0,False,True,2,2.7
103917,2024-08-02,London,Organic,19.0,True,False,0,4.2
103918,2024-11-26,London,Paid Search,30.0,False,False,2,5.0
103919,2024-07-03,North West,Organic,59.0,True,True,0,1.0
103920,2024-01-01,South West,Affiliate,45.0,False,False,2,4.2
103921,2023-02-02,North West,Paid Search,49.0,True,True,1,1.0
103922,2023-09-06,Wales,Email,33.0,True,False,1,5.0
103923,2024-02-09,North West,Affiliate,47.0,False,False,1,
103924,2024-06-18,Wales,Social,21.0,False,True,1,4.0
103925,2024-02-18,North East,Organic,53.0,False,False,1,3.1
103926,2024-02-05,South West,Paid Search,26.0,True,True,0,5.0
103927,2025-01-24,South East,Email,18.0,True,True,0,5.0
103928,2022-08-09,London,Referral,70.0,True,True,0,3.0
103929,2023-02-25,South East,Affiliate,43.0,False,True,2,2.1
103930,2024-07-28,East of England,Paid Search,42.0,False,True,2,4.8
103931,2024-08-15,East of England,Affiliate,18.0,True,True,1,4.8
103932,2024-05-18,North East,Organic,49.0,True,False,0,3.7
103933,2023-07-21,North East,Social,53.0,True,False,0,3.0
103934,2023-08-24,West Midlands,Paid Search,38.0,True,False,2,5.0
103935,2023-06-14,West Midlands,Paid Search,53.0,True,False,2,3.8
103936,2023-12-02,South West,Social,56.0,False,False,0,3.7
103937,2023-12-06,South West,Organic,48.0,True,False,2,4.1
103938,2023-11-10,West Midlands,Affiliate,18.0,True,True,4,2.7
103939,2023-05-12,London,Paid Search,26.0,False,False,1,3.4
103940,2023-03-11,LONDON,Referral,63.0,False,True,0,3.1
103941,2023-08-24,Wales,Organic,42.0,False,False,2,2.2
103942,2023-09-12,West Midlands,Paid Search,42.0,True,False,2,3.2
103943,2024-08-25,South West,Paid Search,30.0,True,False,2,3.9
103944,2024-04-08,Wales,Email,33.0,True,True,2,3.3
103945,2023-09-11,Wales,Referral,57.0,True,True,2,3.1
103946,2024-04-14,Scotland,Paid Search,60.0,False,False,1,3.0
103947,2024-02-12,East of England,Organic,51.0,False,False,1,4.5
103948,2023-03-22,South East,Organic,48.0,True,False,1,4.1
103949,2023-10-07,North East,Social,49.0,False,True,2,4.6
103950,2024-12-04,Wales,Social,40.0,False,False,2,4.1
103951,2023-09-03,West Midlands,Referral,25.0,True,False,3,3.9
103952,2023-08-24,West Midlands,Paid Search,23.0,True,False,2,2.6
103953,2024-10-31,South West,Paid Search,58.0,False,False,0,3.3
103954,2023-12-03,Scotland,Paid Search,41.0,True,False,1,3.9
103955,2024-12-06,South West,Affiliate,,True,False,0,3.5
103956,2023-04-19,London,Social,44.0,True,False,1,4.4
103957,2024-04-23,North West,Paid Search,44.0,False,False,1,5.0
103958,2023-07-03,South West,Email,45.0,False,False,1,5.0
103959,2024-06-04,North East,Social,50.0,True,False,0,
103960,2023-12-31,London,Organic,31.0,True,False,1,4.3
103961,2023-04-07,South West,Paid Search,56.0,False,True,1,
103962,2024-02-19,London,Email,31.0,False,True,0,3.6
103963,2024-09-21,Wales,Email,44.0,False,True,2,3.3
103964,2023-07-04,North West,Paid Search,26.0,False,False,0,
103965,2024-08-17,West Midlands,Paid Search,39.0,False,False,2,5.0
103966,2023-07-31,South West,Paid Search,32.0,True,True,1,5.0
103967,2024-12-10,Wales,Social,41.0,True,False,1,3.6
103968,2023-01-24,Scotland,Organic,51.0,False,False,0,3.4
103969,2024-02-17,West Midlands,Organic,42.0,True,True,1,3.8
103970,2022-12-01,North East,Organic,66.0,True,False,2,1.6
103971,2023-05-27,North East,Affiliate,51.0,True,True,1,5.0
103972,2024-06-24,Yorkshire,Organic,38.0,True,False,0,4.7
103973,2024-02-11,LONDON,Organic,40.0,False,False,4,2.9
103974,2023-10-20,North East,Organic,46.0,True,True,0,2.9
103975,2023-07-20,East of England,Email,50.0,False,False,2,5.0
103976,2023-08-07,Yorkshire,Referral,25.0,True,False,1,4.8
103977,2023-10-17,South East,Affiliate,49.0,False,False,2,
103978,2024-01-01,North East,Organic,25.0,True,True,1,3.3
103979,2024-09-15,,Organic,48.0,True,True,1,5.0
103980,2023-07-21,North West,Organic,55.0,True,False,1,3.2
103981,2024-03-18,West Midlands,Email,45.0,True,False,0,
103982,2024-07-31,West Midlands,Social,18.0,False,False,2,2.5
103983,2024-03-06,Wales,Organic,18.0,True,False,3,3.6
103984,2023-07-05,Scotland,Social,48.0,False,True,0,4.2
103985,2023-06-28,Wales,Paid Search,18.0,True,False,1,
103986,2024-02-11,East of England,Email,49.0,True,False,0,4.6
103987,2024-05-08,West Midlands,Paid Search,54.0,False,True,0,3.3
103988,2023-05-01,,Organic,56.0,True,False,2,3.2
103989,2024-01-24,WALES,Paid Search,38.0,True,False,1,2.9
103990,2023-05-06,Scotland,Paid Search,47.0,True,False,2,2.9
103991,2024-02-20,East of England,Paid Search,44.0,True,True,3,4.8
103992,2024-04-08,South East,Email,22.0,True,True,4,3.4
103993,2023-01-20,Scotland,Email,51.0,False,False,1,
103994,2023-03-21,Yorkshire,Social,59.0,True,True,0,3.6
103995,2023-10-14,West Midlands,Organic,50.0,False,False,2,5.0
103996,2023-12-11,Wales,Referral,34.0,False,True,0,4.0
103997,2024-02-25,North West,Referral,51.0,True,False,0,4.0
103998,2024-08-21,Wales,Social,58.0,False,True,0,3.8
103999,2023-04-07,London,Social,,False,False,3,4.4
104000,2025-01-24,Scotland,Email,54.0,True,True,0,3.6
104001,2023-02-20,Yorkshire,Email,20.0,True,False,1,3.6
104002,2023-12-17,North West,Paid Search,46.0,False,False,1,2.8
104003,2023-12-29,Yorkshire,Social,49.0,False,False,0,4.1
104004,2023-08-22,NORTH EAST,Paid Search,,False,True,0,5.0
104005,2024-02-05,Scotland,Email,48.0,True,False,0,3.7
104006,2024-02-18,YORKSHIRE,Social,61.0,True,True,1,2.8
104007,2023-05-26,North East,Affiliate,18.0,False,False,0,2.7
104008,2024-03-18,North East,Paid Search,48.0,True,False,0,5.0
104009,2024-11-20,London,Social,47.0,False,False,0,3.3
104010,2024-08-27,South West,Email,53.0,True,False,1,5.0
104011,2023-08-25,Wales,Referral,61.0,True,True,1,3.8
104012,2023-05-13,North East,Referral,29.0,False,False,0,2.3
104013,2022-11-12,WALES,Paid Search,61.0,False,True,0,3.9
104014,2024-05-26,London,Affiliate,52.0,False,False,0,4.6
104015,2024-12-20,South West,Affiliate,39.0,False,True,0,3.8
104016,2025-01-24,Wales,Affiliate,29.0,True,True,1,3.5
104017,2022-11-07,Yorkshire,Social,44.0,False,False,1,2.6
104018,2023-02-17,London,Referral,45.0,True,False,0,
104019,2024-11-08,South East,Paid Search,45.0,False,True,0,4.4
104020,2023-10-19,North West,Paid Search,33.0,False,False,0,2.6
104021,2024-08-22,Wales,Paid Search,49.0,False,False,1,
104022,2024-04-30,South East,Social,36.0,True,False,0,4.2
104023,2022-09-11,SOUTH WEST,Affiliate,57.0,False,False,1,4.3
104024,2024-08-06,South East,Social,63.0,True,True,0,3.0
104025,2023-12-06,Wales,Organic,30.0,False,True,3,
104026,2024-11-13,London,Email,42.0,False,False,0,4.4
104027,2025-01-24,North West,Social,54.0,False,False,2,2.9
104028,2024-06-02,South East,Organic,45.0,False,False,0,4.1
104029,2022-07-18,Yorkshire,Social,23.0,False,True,3,2.5
104030,2024-05-10,South West,Social,52.0,True,True,0,2.6
104031,2024-07-10,Scotland,Social,33.0,False,True,1,
104032,2024-04-17,Yorkshire,Email,44.0,False,False,1,3.9
104033,2024-02-19,East of England,Organic,28.0,True,True,1,4.3
104034,2024-01-08,Scotland,Organic,51.0,False,True,1,3.1
104035,2024-01-25,South West,Social,,True,False,0,3.2
104036,2023-05-05,North West,Referral,53.0,True,False,1,4.8
104037,2024-11-08,South East,Organic,38.0,False,False,1,4.7
104038,2024-08-28,SOUTH EAST,Referral,35.0,True,True,0,
104039,2025-01-24,South East,Social,46.0,False,True,0,2.5
104040,2025-01-24,London,Paid Search,27.0,False,False,0,3.0
104041,2024-12-27,,Organic,64.0,False,True,1,5.0
104042,2023-03-28,London,Paid Search,43.0,False,False,0,1.4
104043,2023-12-30,South East,Paid Search,34.0,False,False,1,
104044,2023-04-23,East of England,Paid Search,36.0,True,False,0,4.8
104045,2023-07-19,North West,Email,41.0,True,False,3,4.2
104046,2024-10-26,Yorkshire,Social,54.0,False,False,2,3.9
104047,2024-10-23,London,Social,29.0,False,False,3,4.8
104048,2024-10-01,Wales,Organic,36.0,False,True,0,3.8
104049,2024-02-23,West Midlands,Organic,,True,True,0,3.5
104050,2023-02-11,Scotland,Referral,61.0,True,True,3,3.9
104051,2024-02-14,East of England,Affiliate,54.0,True,False,1,5.0
104052,2024-04-05,North East,Email,62.0,True,False,1,2.0
104053,2024-05-14,South West,Organic,41.0,False,False,0,
104054,2025-01-24,Scotland,Referral,60.0,True,False,0,
104055,2024-10-01,West Midlands,Email,57.0,True,False,0,3.5
104056,2024-01-13,West Midlands,Paid Search,50.0,True,True,1,4.1
104057,2023-09-02,London,Organic,51.0,True,False,4,3.2
104058,2023-06-20,West Midlands,Organic,33.0,True,True,2,2.9
104059,2024-12-25,South West,Email,65.0,False,False,0,4.5
104060,2022-11-24,North West,Social,38.0,False,False,3,3.1
104061,2025-01-24,West Midlands,Paid Search,48.0,False,True,0,5.0
104062,2022-08-12,London,Paid Search,50.0,True,False,2,5.0
104063,2024-06-13,North West,Organic,23.0,True,True,1,3.8
104064,2023-01-15,London,Social,40.0,True,False,2,4.5
104065,2024-06-30,Scotland,Social,44.0,False,False,0,1.9
104066,2024-03-07,North West,Paid Search,40.0,True,False,1,2.1
104067,2024-07-08,North East,Social,40.0,True,False,0,5.0
104068,2023-02-15,Yorkshire,Affiliate,60.0,False,True,1,
104069,2024-04-15,WEST MIDLANDS,Paid Search,30.0,False,False,2,5.0
104070,2024-08-11,Yorkshire,Social,25.0,True,True,0,5.0
104071,2024-03-29,North East,Organic,33.0,False,False,0,2.6
104072,2024-04-27,South East,Paid Search,51.0,True,False,0,4.6
104073,2023-04-02,North West,Referral,52.0,True,False,2,3.3
104074,2023-01-16,Yorkshire,Affiliate,49.0,False,False,3,3.7
104075,2024-04-19,South East,Organic,53.0,True,True,1,2.9
104076,2023-12-19,Yorkshire,Organic,44.0,True,False,1,4.9
104077,2025-01-24,South East,Paid Search,34.0,False,False,0,
104078,2024-03-28,Wales,Social,29.0,True,False,0,3.5
104079,2024-02-15,South West,Paid Search,25.0,False,False,0,
104080,2023-09-19,London,Organic,38.0,False,False,1,4.7
104081,2023-11-03,Yorkshire,Paid Search,51.0,True,False,1,3.3
104082,2024-03-15,North West,Social,44.0,True,False,1,3.5
104083,2023-07-05,Yorkshire,Affiliate,41.0,True,True,2,3.3
104084,2024-07-03,Yorkshire,Paid Search,27.0,True,False,1,3.3
104085,2023-08-16,North East,Email,75.0,False,False,1,3.8
104086,2024-01-24,South East,Referral,30.0,True,False,3,4.2
104087,2024-06-26,Yorkshire,Paid Search,43.0,True,True,2,
104088,2022-08-20,North East,Affiliate,54.0,False,False,0,3.1
104089,2024-06-25,South East,Social,42.0,False,False,1,
104090,2023-03-27,North West,Social,31.0,False,True,0,3.8
104091,2024-07-23,South West,Social,52.0,True,False,2,4.7
104092,2025-01-24,South East,Organic,24.0,False,False,0,3.3
104093,2024-03-14,North West,Paid Search,64.0,True,False,2,4.4
104094,2023-12-22,North East,Organic,45.0,False,False,2,3.8
104095,2023-07-15,Yorkshire,Email,38.0,False,False,2,4.3
104096,2024-07-05,London,Referral,23.0,False,True,1,5.0
104097,2024-10-16,Wales,Organic,26.0,False,True,0,3.8
104098,2024-05-09,Yorkshire,Paid Search,40.0,False,True,0,5.0
104099,2023-05-11,Scotland,Paid Search,66.0,False,False,3,3.0
104100,2023-06-10,North East,Affiliate,44.0,True,True,1,
104101,2023-11-22,West Midlands,Paid Search,46.0,False,True,0,5.0
104102,2023-03-11,West Midlands,Referral,46.0,False,False,0,5.0
104103,2023-05-22,Yorkshire,Paid Search,72.0,False,True,0,3.2
104104,2023-11-29,North West,Paid Search,35.0,True,True,1,2.5
104105,2023-02-27,South East,Paid Search,61.0,True,False,0,
104106,2025-01-24,South East,Organic,36.0,False,False,0,
104107,2025-01-24,West Midlands,Organic,32.0,True,False,0,3.3
104108,2024-04-01,London,Referral,40.0,True,True,1,
104109,2024-05-28,Yorkshire,Social,40.0,True,False,2,4.3
104110,2023-09-01,North East,Paid Search,48.0,True,True,1,3.9
104111,2024-12-14,NORTH WEST,Social,18.0,True,False,1,4.5
104112,2025-01-24,London,Organic,43.0,True,False,0,4.5
104113,2025-01-06,London,Social,33.0,False,False,2,4.8
104114,2023-11-18,South East,Email,32.0,True,True,0,
104115,2023-10-11,Yorkshire,Affiliate,24.0,True,False,0,5.0
104116,2024-09-02,Scotland,Social,36.0,True,True,0,4.5
104117,2023-04-29,Scotland,Organic,34.0,False,False,4,2.8
104118,2022-11-09,South West,Organic,35.0,False,False,1,3.9
104119,2023-12-17,West Midlands,Organic,20.0,False,False,1,4.6
104120,2024-12-04,East of England,Organic,42.0,False,False,1,3.4
104121,2023-08-13,North East,Paid Search,31.0,True,False,1,4.2
104122,2024-06-18,South East,Paid Search,,True,False,1,3.1
104123,2024-05-14,South East,Affiliate,34.0,False,False,1,5.0
104124,2024-02-11,North West,Affiliate,31.0,True,True,1,3.5
104125,2024-04-20,South East,Paid Search,42.0,True,False,1,
104126,2024-02-15,Wales,Affiliate,34.0,True,False,1,5.0
104127,2025-01-24,Wales,Email,22.0,False,False,1,4.9
104128,2024-12-19,Yorkshire,Paid Search,29.0,True,False,2,4.3
104129,2022-12-27,South East,Referral,19.0,False,False,1,1.5
104130,2025-01-24,Wales,Affiliate,56.0,False,True,3,3.6
104131,2024-12-13,North East,Social,58.0,True,False,0,5.0
104132,2024-05-02,Scotland,Email,59.0,True,False,0,4.3
104133,2024-06-06,,Organic,33.0,True,True,1,
104134,2024-07-23,East of England,Social,58.0,True,True,0,3.8
104135,2023-12-22,Yorkshire,Email,46.0,True,True,0,2.9
104136,2024-01-04,West Midlands,Social,30.0,True,True,0,3.6
104137,2023-04-05,North West,Organic,33.0,False,True,2,2.8
104138,2025-01-24,North West,Social,39.0,True,False,1,3.5
104139,2025-01-24,West Midlands,Referral,,False,True,0,4.1
104140,2024-03-13,South West,Referral,46.0,True,False,1,2.2
104141,2024-09-27,Wales,Paid Search,41.0,False,True,2,4.6
104142,2023-04-20,South East,Organic,36.0,False,False,1,5.0
104143,2023-07-17,London,Paid Search,59.0,False,True,1,2.3
104144,2024-04-17,Scotland,Social,40.0,False,True,0,5.0
104145,2024-07-14,South West,Paid Search,39.0,True,True,2,4.6
104146,2023-03-13,Yorkshire,Affiliate,38.0,False,False,2,4.3
104147,2025-01-03,Wales,Social,40.0,False,False,1,4.0
104148,2024-05-04,SOUTH WEST,Organic,23.0,False,False,0,4.2
104149,2024-01-12,South West,Email,28.0,False,False,2,4.8
104150,2023-08-06,Yorkshire,Paid Search,73.0,True,False,1,4.2
104151,2024-03-31,London,Paid Search,20.0,False,False,1,5.0
104152,2024-04-17,South East,Paid Search,45.0,False,True,1,3.4
104153,2023-04-01,South West,Social,45.0,False,True,1,5.0
104154,2023-09-03,West Midlands,Referral,54.0,False,False,1,3.9
104155,2022-12-23,South West,Paid Search,46.0,False,False,1,3.6
104156,2023-06-28,West Midlands,Email,66.0,False,False,3,4.1
104157,2023-11-20,London,Paid Search,44.0,True,False,1,3.7
104158,2023-09-17,East of England,Organic,59.0,False,True,1,5.0
104159,2023-11-13,Wales,Social,55.0,True,False,0,3.3
104160,2024-07-19,Scotland,Referral,61.0,False,True,2,5.0
104161,2024-01-21,South East,Affiliate,41.0,True,True,1,4.5
104162,2024-01-11,Scotland,Social,46.0,True,True,1,3.1
104163,2023-09-29,North East,Organic,36.0,True,False,0,
104164,2023-12-06,West Midlands,Paid Search,43.0,False,False,0,3.1
104165,2023-11-06,London,Paid Search,44.0,True,True,0,
104166,2023-05-30,South West,Affiliate,18.0,False,True,1,5.0
104167,2024-08-07,North West,Social,39.0,True,False,1,
104168,2025-01-24,London,Organic,53.0,False,False,1,4.7
104169,2024-12-17,East of England,Paid Search,23.0,True,True,1,4.1
104170,2023-12-02,West Midlands,Paid Search,28.0,True,False,2,2.2
104171,2025-01-24,,Email,56.0,True,False,0,4.3
104172,2023-05-30,London,Organic,58.0,True,False,1,3.8
104173,2023-07-15,South East,Affiliate,33.0,False,False,0,2.4
104174,2024-12-26,South East,Organic,43.0,True,False,0,3.5
104175,2023-07-28,London,Email,40.0,False,True,0,3.3
104176,2024-08-25,West Midlands,Paid Search,56.0,False,True,0,2.9
104177,2023-08-15,Wales,Paid Search,34.0,True,False,3,3.3
104178,2024-04-16,West Midlands,Paid Search,36.0,False,False,4,4.2
104179,2023-01-06,London,Paid Search,58.0,False,False,2,
104180,2024-11-13,WALES,Affiliate,28.0,True,False,0,
104181,2023-04-28,,Email,35.0,False,False,0,3.7
104182,2025-01-24,North East,Organic,43.0,True,False,3,3.7
104183,2024-09-15,Yorkshire,Social,61.0,True,False,0,5.0
104184,2023-01-05,Scotland,Social,25.0,True,True,1,3.7
104185,2025-01-24,Yorkshire,Social,32.0,True,True,0,5.0
104186,2022-09-23,London,Paid Search,49.0,True,False,0,2.7
104187,2023-02-22,WEST MIDLANDS,Organic,51.0,True,False,1,2.6
104188,2023-10-04,Scotland,Paid Search,44.0,True,False,1,3.6
104189,2024-09-03,North West,Referral,39.0,False,True,0,4.9
104190,2022-06-15,Wales,Organic,43.0,True,False,1,
104191,2024-03-23,North East,Email,21.0,True,False,1,3.3
104192,2024-04-28,Scotland,Affiliate,42.0,True,False,0,4.5
104193,2024-11-08,South West,Organic,60.0,True,True,1,
104194,2024-04-03,North West,Paid Search,,False,False,1,3.0
104195,2024-03-13,NORTH EAST,Organic,31.0,False,False,0,3.2
104196,2023-09-21,South West,Social,36.0,True,True,1,3.9
104197,2023-08-05,South West,Organic,37.0,False,False,1,2.1
104198,2023-01-17,Yorkshire,Paid Search,65.0,True,False,1,5.0
104199,2023-06-09,Wales,Paid Search,29.0,True,True,1,3.0
104200,2024-06-14,Yorkshire,Email,26.0,False,False,1,3.6
104201,2025-01-24,North East,Email,51.0,False,False,1,
104202,2023-04-30,East of England,Paid Search,33.0,False,False,0,4.2
104203,2024-08-21,Scotland,Email,51.0,False,False,0,4.6
104204,2024-10-19,North West,Organic,38.0,True,True,1,3.1
104205,2025-01-24,North East,Paid Search,47.0,False,True,0,2.8
104206,2023-08-06,London,Organic,21.0,False,False,1,
104207,2023-11-29,London,Email,47.0,True,True,0,3.2
104208,2024-03-29,London,Social,44.0,False,False,4,3.3
104209,2024-02-07,SOUTH EAST,Organic,38.0,True,False,0,
104210,2024-01-28,North West,Paid Search,25.0,False,True,1,3.3
104211,2023-11-08,Scotland,Organic,44.0,False,False,2,2.7
104212,2023-04-22,North West,Organic,50.0,True,False,0,
104213,2023-02-11,Scotland,Organic,34.0,True,False,0,3.7
104214,2023-07-25,Scotland,Organic,34.0,False,True,1,5.0
104215,2024-01-15,Scotland,Organic,51.0,True,False,2,5.0
104216,2024-10-01,London,Paid Search,63.0,False,False,1,4.8
104217,2022-10-15,Yorkshire,Organic,53.0,True,False,0,
104218,2023-02-09,North West,Paid Search,44.0,True,False,3,4.1
104219,2024-08-29,Yorkshire,Social,38.0,True,False,1,3.9
104220,2024-02-06,London,Organic,,False,True,0,4.2
104221,2023-06-20,Wales,Social,24.0,False,False,1,4.6
104222,2023-05-18,South West,Paid Search,39.0,False,True,0,4.5
104223,2023-04-10,West Midlands,Organic,56.0,False,False,1,4.9
104224,2024-03-24,West Midlands,Paid Search,42.0,False,True,1,4.6
104225,2023-12-02,West Midlands,Paid Search,33.0,True,False,4,2.5
104226,2024-09-16,North East,Email,32.0,True,False,2,4.6
104227,2023-07-12,South West,Paid Search,41.0,True,False,0,3.3
104228,2024-09-21,Scotland,Paid Search,25.0,False,False,1,4.7
104229,2023-07-14,East of England,Organic,29.0,True,False,3,3.6
104230,2023-04-14,LONDON,Organic,61.0,False,False,1,2.0
104231,2023-08-29,Wales,Referral,28.0,True,True,1,2.7
104232,2024-02-25,Yorkshire,Affiliate,31.0,True,False,0,5.0
104233,2025-01-24,West Midlands,Organic,45.0,False,False,0,3.1
104234,2022-07-28,East of England,Paid Search,35.0,False,False,1,4.9
104235,2023-10-12,London,Organic,42.0,True,False,1,4.6
104236,2025-01-24,Scotland,Organic,52.0,False,False,1,4.8
104237,2022-10-08,North East,Organic,21.0,False,True,1,2.3
104238,2023-10-15,South West,Paid Search,51.0,True,True,0,3.6
104239,2024-06-23,LONDON,Paid Search,33.0,False,False,0,
104240,2025-01-24,Yorkshire,Paid Search,37.0,True,True,1,4.9
104241,2025-01-24,East of England,Organic,66.0,True,False,0,5.0
104242,2023-01-28,Yorkshire,Social,23.0,False,True,0,4.0
104243,2024-09-20,West Midlands,Referral,49.0,False,True,1,
104244,2025-01-24,East of England,Paid Search,56.0,False,True,1,
104245,2023-10-21,Scotland,Email,32.0,True,True,1,3.8
104246,2024-05-11,North East,Paid Search,32.0,True,True,1,3.3
104247,2023-11-15,Wales,Paid Search,36.0,True,False,1,4.4
104248,2023-06-12,North East,Social,32.0,False,False,0,2.7
104249,2024-09-10,Scotland,Paid Search,42.0,False,True,1,4.2
104250,2024-02-16,East of England,Referral,53.0,False,True,1,3.9
104251,2023-12-05,South East,Affiliate,36.0,True,False,0,3.8
104252,2024-02-26,South West,Paid Search,,False,True,1,3.9
104253,2024-04-18,South West,Paid Search,59.0,False,False,0,4.9
104254,2025-01-24,South West,Paid Search,47.0,False,False,2,4.0
104255,2023-09-04,London,Referral,48.0,False,True,1,3.0
104256,2023-09-09,Scotland,Paid Search,33.0,False,False,0,
104257,2024-08-15,North West,Email,18.0,True,False,2,3.8
104258,2023-01-15,North East,Organic,49.0,False,False,2,3.2
104259,2023-07-23,Yorkshire,Social,51.0,False,True,0,
104260,2024-01-05,East of England,Paid Search,44.0,True,False,2,3.5
104261,2024-02-21,Scotland,Email,53.0,False,False,1,1.9
104262,2024-01-06,South East,Social,34.0,False,True,2,2.8
104263,2023-11-11,East of England,Paid Search,48.0,True,False,2,3.9
104264,2025-01-24,East of England,Paid Search,60.0,False,False,1,3.8
104265,2024-05-06,West Midlands,Organic,50.0,False,False,1,
104266,2024-03-22,EAST OF ENGLAND,Social,58.0,True,False,0,2.2
104267,2024-12-22,West Midlands,Referral,59.0,True,True,1,4.2
104268,2025-01-24,East of England,Organic,25.0,True,False,1,3.6
104269,2024-05-09,West Midlands,Affiliate,50.0,False,True,2,
104270,2023-05-01,South West,Paid Search,33.0,True,False,0,
104271,2023-11-06,Wales,Referral,27.0,False,False,1,4.6
104272,2024-08-18,Scotland,Referral,37.0,False,False,3,3.0
104273,2023-02-11,London,Social,64.0,True,True,1,3.2
104274,2023-02-26,East of England,Affiliate,34.0,True,True,1,5.0
104275,2022-09-25,North East,Organic,18.0,False,False,1,4.2
104276,2023-02-13,South West,Email,22.0,True,True,1,5.0
104277,2022-12-14,West Midlands,Paid Search,47.0,True,True,1,3.8
104278,2024-04-07,Yorkshire,Paid Search,31.0,True,False,1,3.2
104279,2024-07-03,West Midlands,Social,18.0,True,True,2,5.0
104280,2023-01-15,South West,Referral,23.0,True,False,3,5.0
104281,2022-12-28,South West,Affiliate,,True,False,1,2.8
104282,2024-09-28,East of England,Social,51.0,True,False,0,3.9
104283,2023-02-11,West Midlands,Referral,35.0,True,False,0,5.0
104284,2023-11-21,South East,Email,49.0,False,True,3,3.8
104285,2023-09-07,East of England,Email,53.0,True,True,2,2.3
104286,2023-08-29,WEST MIDLANDS,Paid Search,31.0,True,True,2,2.6
104287,2023-09-13,North East,Organic,39.0,False,False,2,3.3
104288,2024-03-31,London,Organic,33.0,False,True,2,4.5
104289,2023-11-16,WALES,Email,48.0,False,False,1,4.5
104290,2023-04-15,South West,Social,33.0,False,False,0,3.7
104291,2023-04-25,Yorkshire,Email,25.0,True,False,1,
104292,2022-06-05,North East,Affiliate,42.0,False,True,3,4.6
104293,2024-06-14,,Social,55.0,False,False,1,3.9
104294,2024-10-02,London,Email,48.0,True,False,1,4.2
104295,2024-03-19,West Midlands,Social,54.0,True,False,2,4.5
104296,2024-03-02,Wales,Social,53.0,True,False,0,
104297,2023-03-04,South West,Organic,42.0,False,True,0,2.8
104298,2024-03-26,South East,Affiliate,33.0,True,True,2,4.8
104299,2025-01-24,South East,Email,30.0,False,False,1,4.9
104300,2023-05-06,North East,Email,20.0,False,True,0,5.0
104301,2025-01-24,London,Organic,56.0,False,True,0,3.4
104302,2024-05-05,North East,Organic,37.0,True,False,0,4.4
104303,2024-04-20,Yorkshire,Referral,19.0,True,False,2,5.0
104304,2024-01-02,Wales,Affiliate,57.0,True,False,1,5.0
104305,2024-04-10,North West,Affiliate,42.0,False,True,1,4.1
104306,2024-06-11,West Midlands,Email,54.0,False,True,0,3.2
104307,2023-12-21,South West,Email,38.0,True,False,0,
104308,2022-12-21,South East,Paid Search,31.0,True,False,1,2.2
104309,2023-12-15,South East,Email,47.0,False,True,4,2.6
104310,2023-12-23,East of England,Organic,48.0,True,True,3,4.7
104311,2025-01-24,London,Referral,37.0,False,False,1,3.2
104312,2023-07-02,North East,Paid Search,58.0,True,True,0,2.2
104313,2024-03-27,East of England,Affiliate,53.0,False,False,0,4.1
104314,2023-03-12,South West,Organic,48.0,True,False,0,
104315,2024-01-21,Yorkshire,Paid Search,27.0,True,False,0,4.6
104316,2024-03-05,East of England,Social,25.0,True,False,2,2.3
104317,2024-05-27,North East,Email,57.0,True,False,3,3.5
104318,2022-09-04,London,Email,18.0,True,False,1,3.6
104319,2024-02-08,North West,Email,40.0,True,False,1,4.8
104320,2025-01-24,East of England,Social,43.0,True,False,0,4.4
104321,2024-05-06,South East,Paid Search,35.0,True,False,1,4.8
104322,2024-06-21,North West,Referral,41.0,True,False,1,3.9
104323,2023-07-26,London,Affiliate,46.0,False,False,0,
104324,2023-08-14,London,Email,33.0,False,True,2,4.2
104325,2024-02-16,Scotland,Paid Search,52.0,True,False,2,3.0
104326,2022-11-23,East of England,Email,49.0,True,False,0,2.4
104327,2024-09-27,South East,Paid Search,39.0,True,False,2,3.2
104328,2025-01-24,North East,Affiliate,30.0,False,False,0,3.3
104329,2023-10-20,South West,Paid Search,40.0,False,False,3,4.4
104330,2023-09-01,East of England,Paid Search,68.0,False,False,1,3.9
104331,2023-08-24,London,Paid Search,31.0,False,False,1,2.4
104332,2022-07-03,Yorkshire,Email,61.0,False,True,0,3.8
104333,2023-04-21,,Social,18.0,True,True,0,4.2
104334,2024-07-05,North West,Email,30.0,True,False,1,3.6
104335,2023-05-01,Yorkshire,Organic,34.0,False,True,0,3.5
104336,2024-01-23,Yorkshire,Referral,53.0,True,False,1,3.6
104337,2023-04-13,EAST OF ENGLAND,Organic,42.0,True,False,0,4.2
104338,2024-08-27,North East,Paid Search,58.0,False,True,1,3.8
104339,2024-02-13,South East,Email,37.0,False,True,0,3.6
104340,2024-03-07,London,Social,40.0,True,False,2,3.3
104341,2023-03-14,London,Social,,True,True,0,4.3
104342,2024-09-11,North West,Organic,67.0,True,True,1,3.6
104343,2023-12-10,West Midlands,Email,26.0,True,True,3,4.5
104344,2024-08-05,Wales,Paid Search,34.0,True,True,1,5.0
104345,2023-01-19,Yorkshire,Organic,28.0,False,False,1,2.2
104346,2024-12-13,South West,Organic,48.0,True,False,0,3.8
104347,2023-03-06,Yorkshire,Email,26.0,False,True,0,1.8
104348,2024-08-04,North East,Paid Search,65.0,True,False,1,3.8
104349,2024-10-19,West Midlands,Paid Search,42.0,True,False,2,5.0
104350,2023-06-11,East of England,Organic,46.0,True,True,1,4.5
104351,2023-03-24,North West,Organic,47.0,False,True,0,3.4
104352,2024-07-11,North West,Paid Search,41.0,False,False,1,
104353,2023-07-12,North East,Email,43.0,True,False,0,3.0
104354,2023-01-20,London,Organic,42.0,False,False,1,2.2
104355,2025-01-24,North West,Organic,48.0,True,False,2,4.6
104356,2024-01-07,West Midlands,Social,30.0,True,True,3,2.9
104357,2023-08-22,South East,Organic,28.0,True,False,0,3.8
104358,2024-06-25,South West,Email,52.0,True,True,0,4.0
104359,2025-01-24,West Midlands,Social,41.0,False,True,2,3.8
104360,2023-04-09,Scotland,Email,18.0,False,True,2,
104361,2024-10-21,West Midlands,Social,35.0,False,True,0,2.7
104362,2024-05-12,Wales,Organic,61.0,False,False,0,3.3
104363,2023-11-10,Scotland,Paid Search,39.0,False,True,1,3.4
104364,2025-01-24,South West,Organic,34.0,True,False,0,2.9
104365,2023-10-29,East of England,Referral,22.0,True,True,1,3.3
104366,2023-11-30,North East,Paid Search,34.0,True,False,0,4.8
104367,2024-03-18,East of England,Paid Search,26.0,True,False,3,
104368,2023-06-14,North East,Social,47.0,True,False,0,4.7
104369,2024-07-25,East of England,Social,42.0,True,False,0,2.8
104370,2022-11-20,London,Referral,36.0,False,False,2,5.0
104371,2024-04-29,SOUTH EAST,Paid Search,31.0,True,True,1,4.6
104372,2025-01-17,South West,Referral,61.0,True,True,0,
104373,2023-01-27,London,Email,32.0,True,False,2,3.7
104374,2024-01-12,South East,Email,32.0,True,False,1,4.0
104375,2023-10-08,South West,Organic,38.0,True,True,1,5.0
104376,2024-09-16,West Midlands,Organic,40.0,True,True,6,3.0
104377,2023-08-28,North West,Paid Search,47.0,False,True,1,3.5
104378,2023-05-29,South East,Email,53.0,False,False,1,2.9
104379,2023-11-12,West Midlands,Paid Search,52.0,False,True,1,4.2
104380,2023-11-11,Wales,Paid Search,73.0,True,False,0,4.6
104381,2023-08-12,Scotland,Paid Search,19.0,False,False,5,4.4
104382,2023-03-26,North East,Referral,,False,False,1,3.0
104383,2023-05-25,South West,Organic,34.0,False,False,1,4.7
104384,2024-10-04,North West,Organic,67.0,True,True,0,4.7
104385,2024-02-27,South East,Email,43.0,False,True,1,3.3
104386,2023-01-23,North East,Referral,18.0,True,True,1,3.4
104387,2024-06-09,North East,Email,47.0,True,False,0,4.3
104388,2024-10-03,South East,Social,44.0,True,True,0,3.7
104389,2024-05-23,West Midlands,Paid Search,51.0,True,False,1,4.0
104390,2024-02-24,South West,Paid Search,32.0,False,True,2,4.0
104391,2024-07-18,North East,Paid Search,45.0,False,False,1,
104392,2024-02-22,North East,Organic,37.0,False,True,0,4.0
104393,2024-01-05,North West,Organic,32.0,True,False,3,5.0
104394,2024-05-03,Wales,Social,45.0,True,False,1,4.6
104395,2024-05-08,South West,Organic,43.0,True,False,1,3.8
104396,2024-04-25,Scotland,Email,55.0,False,False,1,3.8
104397,2025-01-07,West Midlands,Paid Search,41.0,True,False,2,5.0
104398,2023-12-30,Wales,Affiliate,49.0,False,True,2,3.2
104399,2024-01-06,Wales,Referral,25.0,True,True,2,4.6
104400,2025-01-18,North East,Organic,59.0,True,True,0,5.0
104401,2025-01-24,Scotland,Organic,31.0,True,False,4,3.0
104402,2022-09-13,North West,Affiliate,53.0,True,True,0,
104403,2023-09-19,Wales,Affiliate,44.0,False,True,2,5.0
104404,2024-04-30,West Midlands,Organic,43.0,False,True,3,3.3
104405,2024-06-24,South West,Paid Search,51.0,False,True,0,
104406,2024-01-08,Yorkshire,Affiliate,18.0,True,False,0,1.9
104407,2023-04-24,Yorkshire,Social,34.0,False,False,0,
104408,2023-07-12,North West,Email,51.0,True,True,3,4.5
104409,2024-10-16,North West,Paid Search,66.0,True,False,0,2.9
104410,2024-02-08,East of England,Email,41.0,False,False,1,2.5
104411,2022-10-17,North West,Social,18.0,True,True,0,4.0
104412,2024-11-04,East of England,Organic,37.0,False,False,2,4.5
104413,2024-05-19,North East,Email,40.0,False,False,0,3.6
104414,2024-06-04,London,Organic,55.0,True,False,3,3.7
104415,2025-01-24,North East,Organic,42.0,True,False,1,4.7
104416,2023-07-08,,Social,24.0,True,True,0,5.0
104417,2023-06-04,South East,Social,54.0,False,False,2,4.5
104418,2024-03-20,Wales,Affiliate,48.0,True,True,0,4.9
104419,2024-01-28,North West,Social,32.0,False,True,1,
104420,2023-11-13,East of England,Organic,50.0,False,False,2,3.4
104421,2024-02-27,South East,Organic,34.0,True,False,1,2.7
104422,2024-10-07,London,Social,37.0,True,False,0,2.8
104423,2024-06-17,North West,Paid Search,34.0,True,False,3,3.9
104424,2023-09-24,Yorkshire,Social,37.0,True,True,1,5.0
104425,2024-02-22,North West,Organic,53.0,False,False,1,3.2
104426,2023-09-13,NORTH WEST,Organic,18.0,False,True,1,5.0
104427,2023-04-08,Wales,Paid Search,55.0,False,True,0,3.8
104428,2023-10-11,South East,Organic,43.0,True,False,0,3.1
104429,2023-08-15,London,Paid Search,36.0,True,True,1,3.5
104430,2024-01-15,South East,Social,41.0,True,True,0,3.9
104431,2022-12-24,Wales,Organic,29.0,False,False,7,4.4
104432,2024-03-23,Scotland,Referral,20.0,False,False,0,4.1
104433,2024-11-12,North East,Social,30.0,True,False,2,2.9
104434,2024-05-14,Wales,Email,18.0,False,False,1,5.0
104435,2023-11-07,North West,Referral,23.0,True,False,1,
104436,2023-12-30,South West,Referral,20.0,False,False,0,3.3
104437,2023-01-22,Scotland,Referral,57.0,False,True,3,4.4
104438,2024-04-30,Yorkshire,Paid Search,24.0,False,False,1,4.9
104439,2023-04-23,Yorkshire,Organic,40.0,False,True,2,4.9
104440,2023-05-12,South West,Email,56.0,False,True,0,2.4
104441,2023-06-04,North West,Social,52.0,True,False,0,5.0
104442,2023-03-02,London,Social,37.0,False,False,2,2.3
104443,2024-03-05,South West,Social,37.0,False,True,2,3.8
104444,2023-02-13,North East,Paid Search,43.0,True,True,1,4.4
104445,2023-10-08,Yorkshire,Paid Search,68.0,False,True,0,
104446,2024-04-10,South East,Social,46.0,False,True,2,3.8
104447,2024-05-21,South East,Social,50.0,True,True,1,5.0
104448,2025-01-14,Yorkshire,Email,70.0,True,False,1,4.0
104449,2023-01-19,WALES,Email,45.0,True,False,1,5.0
104450,2024-10-26,East of England,Paid Search,,True,True,0,3.0
104451,2024-01-03,West Midlands,Paid Search,47.0,False,True,2,4.8
104452,2024-06-04,East of England,Organic,47.0,False,False,3,2.4
104453,2024-11-05,South East,Organic,28.0,True,False,0,5.0
104454,2024-07-16,Scotland,Email,26.0,True,False,1,
104455,2023-12-08,North East,Social,34.0,True,False,1,4.4
104456,2024-10-18,East of England,Referral,52.0,False,False,1,3.6
104457,2023-08-08,South East,Social,52.0,False,True,3,3.2
104458,2023-05-20,,Organic,58.0,True,False,1,3.6
104459,2025-01-24,London,Social,41.0,True,False,2,4.7
104460,2025-01-24,Scotland,Paid Search,48.0,False,False,2,4.4
104461,2023-10-04,North West,Paid Search,48.0,True,False,3,5.0
104462,2023-08-30,North East,Organic,40.0,False,False,0,4.5
104463,2023-06-14,West Midlands,Organic,37.0,True,True,3,
104464,2023-07-06,London,Paid Search,22.0,True,False,3,5.0
104465,2023-07-07,Scotland,Email,39.0,False,False,1,4.5
104466,2023-11-04,South West,Social,40.0,True,True,0,3.1
104467,2024-05-22,East of England,Paid Search,56.0,False,False,3,2.9
104468,2023-10-05,North East,Email,57.0,False,False,1,4.9
104469,2023-09-24,West Midlands,Paid Search,43.0,True,False,0,3.9
104470,2022-11-12,Yorkshire,Social,68.0,True,False,0,3.3
104471,2023-12-27,Yorkshire,Social,43.0,False,False,1,
104472,2023-07-16,LONDON,Organic,54.0,False,False,0,2.6
104473,2023-03-16,London,Email,40.0,True,False,2,5.0
104474,2024-01-29,South West,Organic,26.0,True,True,2,2.9
104475,2023-01-30,West Midlands,Paid Search,,True,False,0,3.1
104476,2023-06-14,East of England,Organic,60.0,True,False,1,3.7
104477,2023-02-09,North East,Organic,,False,True,3,3.6
104478,2025-01-24,North West,Paid Search,35.0,False,False,0,3.5
104479,2022-06-22,SOUTH WEST,Organic,41.0,False,True,4,
104480,2024-04-21,North West,Paid Search,36.0,False,False,0,5.0
104481,2024-05-17,South West,Organic,57.0,False,False,0,4.0
104482,2025-01-24,South East,Social,66.0,True,True,1,4.3
104483,2023-10-11,West Midlands,Email,41.0,True,True,0,3.2
104484,2024-02-02,Scotland,Referral,48.0,True,True,1,3.8
104485,2023-09-26,Scotland,Social,54.0,True,False,1,3.8
104486,2025-01-24,London,Referral,,False,True,0,3.7
104487,2022-07-03,Wales,Social,30.0,False,False,1,4.9
104488,2023-08-31,London,Email,36.0,True,False,0,
104489,2023-02-21,Wales,Email,46.0,True,False,0,5.0
104490,2024-10-08,North West,Referral,46.0,True,False,0,4.0
104491,2022-10-16,South West,Email,18.0,True,False,0,2.8
104492,2024-06-10,South West,Referral,35.0,False,True,2,4.8
104493,2023-04-15,Scotland,Organic,31.0,False,False,0,4.8
104494,2024-03-31,Yorkshire,Affiliate,52.0,True,False,3,
104495,2024-02-27,London,Organic,32.0,False,False,1,4.9
104496,2024-07-08,North East,Paid Search,35.0,False,False,1,4.6
104497,2024-09-18,South East,Paid Search,35.0,True,True,2,2.9
104498,2024-03-04,East of England,Social,51.0,True,True,1,3.2
104499,2025-01-24,London,Paid Search,54.0,True,False,0,
104500,2023-05-02,South West,Paid Search,47.0,False,True,1,2.4
104501,2023-09-10,West Midlands,Organic,55.0,False,False,3,
104502,2024-02-13,Scotland,Social,57.0,False,False,0,3.7
104503,2023-09-10,London,Paid Search,18.0,False,False,1,3.9
104504,2024-02-13,North West,Social,49.0,True,True,2,5.0
104505,2024-06-23,Scotland,Social,,True,True,0,3.3
104506,2023-12-01,South West,Email,25.0,True,False,1,3.0
104507,2023-10-08,Yorkshire,Social,37.0,False,False,0,4.7
104508,2025-01-24,North West,Paid Search,51.0,True,False,1,4.1
104509,2023-06-23,Yorkshire,Affiliate,60.0,False,True,0,3.6
104510,2024-07-11,North West,Referral,24.0,True,True,3,2.8
104511,2024-08-24,Yorkshire,Organic,49.0,True,False,0,3.7
104512,2023-04-25,Yorkshire,Paid Search,67.0,False,False,3,2.7
104513,2023-05-21,North West,Social,65.0,False,True,0,3.8
104514,2023-08-25,North West,Referral,18.0,False,True,1,2.6
104515,2024-03-18,Yorkshire,Referral,69.0,True,False,2,3.4
104516,2024-10-16,Yorkshire,Referral,53.0,True,True,0,4.4
104517,2024-02-18,North East,Affiliate,18.0,False,False,0,3.9
104518,2024-05-18,Scotland,Email,31.0,True,True,2,3.8
104519,2023-10-25,SCOTLAND,Paid Search,57.0,True,False,3,3.1
104520,2022-12-01,Scotland,Paid Search,46.0,True,True,1,3.2
104521,2024-01-05,Wales,Paid Search,34.0,False,True,0,3.8
104522,2025-01-24,West Midlands,Paid Search,42.0,True,True,1,
104523,2024-05-13,West Midlands,Paid Search,48.0,True,True,1,2.4
104524,2025-01-24,West Midlands,Organic,33.0,False,False,1,4.2
104525,2024-08-05,East of England,Email,39.0,True,True,1,
104526,2025-01-24,East of England,Paid Search,53.0,True,True,0,3.1
104527,2024-06-09,Scotland,Email,32.0,True,False,1,5.0
104528,2023-06-17,North West,Affiliate,23.0,True,False,1,
104529,2023-03-05,East of England,Paid Search,33.0,False,False,1,3.2
104530,2025-01-24,North West,Paid Search,29.0,True,True,0,3.4
104531,2023-02-24,Wales,Organic,33.0,True,False,1,
104532,2023-06-25,East of England,Referral,19.0,True,False,0,2.4
104533,2024-05-18,Scotland,Email,44.0,True,True,0,5.0
104534,2024-01-12,North West,Paid Search,52.0,True,False,2,4.8
104535,2022-10-11,South West,Social,30.0,True,False,4,3.2
104536,2024-12-13,East of England,Email,33.0,True,False,0,4.6
104537,2023-08-15,Wales,Paid Search,39.0,False,False,0,2.6
104538,2024-03-30,South West,Social,29.0,True,False,0,3.1
104539,2025-01-24,South West,Organic,54.0,True,True,1,3.8
104540,2023-05-10,London,Paid Search,29.0,True,False,1,3.8
104541,2023-09-27,London,Referral,34.0,True,False,0,4.9
104542,2024-01-31,East of England,Paid Search,31.0,True,False,3,
104543,2024-01-22,London,Referral,54.0,True,True,0,3.7
104544,2024-08-26,Wales,Email,38.0,True,True,2,5.0
104545,2023-07-16,Wales,Paid Search,67.0,True,True,1,
104546,2023-04-25,Yorkshire,Email,46.0,True,True,2,2.7
104547,2024-02-19,South West,Paid Search,56.0,True,True,1,
104548,2024-12-14,Scotland,Paid Search,37.0,True,False,3,
104549,2024-07-10,North East,Organic,29.0,True,False,2,4.7
104550,2023-01-07,London,Referral,41.0,False,False,0,4.1
104551,2024-10-30,North West,Referral,32.0,False,False,1,5.0
104552,2023-04-05,East of England,Paid Search,18.0,False,True,2,3.7
104553,2024-09-03,South West,Organic,54.0,True,False,0,4.9
104554,2024-04-02,NORTH WEST,Affiliate,41.0,False,True,2,3.9
104555,2025-01-24,Wales,Social,32.0,False,True,1,4.7
104556,2024-06-13,Scotland,Paid Search,46.0,True,False,3,3.4
104557,2024-08-01,Wales,Organic,42.0,False,False,1,
104558,2023-08-27,North West,Organic,59.0,False,True,0,2.8
104559,2024-09-20,EAST OF ENGLAND,Organic,47.0,True,True,1,
104560,2022-12-07,North West,Social,39.0,True,True,0,2.6
104561,2023-05-18,South East,Email,50.0,True,False,1,4.3
104562,2024-03-19,South West,Email,41.0,True,True,1,4.6
104563,2025-01-24,East of England,Organic,43.0,False,True,0,4.9
104564,2024-08-02,North West,Email,57.0,False,False,0,
104565,2025-01-24,East of England,Social,26.0,True,False,2,5.0
104566,2024-03-14,North East,Email,30.0,True,False,1,
104567,2023-10-01,West Midlands,Paid Search,36.0,False,False,0,3.0
104568,2024-07-23,Yorkshire,Organic,37.0,True,False,0,4.3
104569,2024-07-27,North West,Organic,56.0,False,True,2,3.3
104570,2024-03-13,Yorkshire,Organic,23.0,False,True,2,3.9
104571,2023-07-24,Wales,Email,41.0,False,False,0,3.2
104572,2024-07-26,East of England,Social,34.0,False,False,1,1.8
104573,2023-09-24,South East,Organic,63.0,False,False,2,3.1
104574,2024-12-29,SOUTH WEST,Social,52.0,False,False,1,3.5
104575,2022-09-18,Scotland,Email,44.0,False,False,0,1.5
104576,2025-01-24,London,Social,54.0,False,False,0,5.0
104577,2022-08-09,East of England,Email,24.0,True,True,0,4.1
104578,2023-07-31,NORTH WEST,Referral,67.0,False,True,1,4.1
104579,2023-08-05,North East,Email,30.0,False,False,3,4.9
104580,2025-01-24,North East,Paid Search,57.0,True,True,3,4.6
104581,2025-01-24,East of England,Referral,48.0,False,False,0,4.6
104582,2025-01-24,East of England,Organic,44.0,False,True,1,4.9
104583,2023-07-22,West Midlands,Social,57.0,True,False,1,3.5
104584,2024-11-29,London,Affiliate,54.0,True,False,2,
104585,2025-01-24,London,Organic,42.0,True,False,2,4.4
104586,2023-02-19,Scotland,Paid Search,36.0,False,False,1,2.8
104587,2023-09-06,West Midlands,Paid Search,43.0,False,False,1,
104588,2024-03-26,North East,Affiliate,40.0,True,False,1,2.1
104589,2023-11-11,North West,Organic,46.0,False,False,0,3.8
104590,2024-01-26,North West,Email,54.0,False,True,3,3.5
104591,2024-06-10,Wales,Paid Search,47.0,False,False,1,3.8
104592,2024-12-03,Wales,Paid Search,43.0,False,False,0,4.1
104593,2023-12-11,West Midlands,Paid Search,32.0,False,False,0,5.0
104594,2023-07-17,London,Email,45.0,True,False,0,4.6
104595,2023-06-11,London,Paid Search,19.0,True,False,3,3.4
104596,2023-12-02,Yorkshire,Affiliate,31.0,True,False,2,4.4
104597,2023-12-10,Wales,Social,49.0,True,True,2,5.0
104598,2023-10-28,West Midlands,Referral,53.0,False,False,0,3.1
104599,2024-05-20,London,Organic,41.0,False,True,0,5.0
104600,2023-10-09,West Midlands,Social,44.0,True,False,1,4.0
104601,2023-05-24,London,Paid Search,46.0,False,False,0,3.1
104602,2023-08-19,Scotland,Organic,50.0,True,False,1,3.8
104603,2024-05-10,Scotland,Social,38.0,True,False,3,2.3
104604,2024-12-22,South West,Paid Search,28.0,True,False,1,3.0
104605,2023-12-03,London,Affiliate,46.0,True,False,0,4.4
104606,2023-08-01,Scotland,Paid Search,66.0,False,False,0,3.6
104607,2024-03-18,South East,Paid Search,29.0,True,False,0,4.5
104608,2023-01-05,Scotland,Social,39.0,True,False,0,4.6
104609,2023-02-22,North East,Organic,36.0,True,True,3,5.0
104610,2022-09-03,South West,Paid Search,72.0,False,True,0,
104611,2024-03-26,Wales,Affiliate,29.0,True,False,1,
104612,2024-08-05,London,Paid Search,39.0,False,False,5,4.7
104613,2025-01-24,South West,Social,36.0,False,True,0,4.3
104614,2023-07-12,Wales,Paid Search,25.0,True,False,1,3.9
104615,2024-08-27,East of England,Paid Search,24.0,True,False,1,3.3
104616,2023-11-16,South West,Organic,48.0,False,False,0,3.8
104617,2024-02-07,London,Email,50.0,False,True,1,5.0
104618,2024-07-27,SOUTH WEST,Social,34.0,True,False,0,5.0
104619,2024-08-21,Wales,Organic,59.0,True,False,4,
104620,2024-03-05,North West,Paid Search,18.0,True,True,1,4.0
104621,2023-03-12,Scotland,Affiliate,25.0,False,True,4,1.6
104622,2024-09-21,Scotland,Paid Search,30.0,False,False,0,3.3
104623,2023-07-31,London,Social,41.0,True,True,1,3.4
104624,2023-07-30,South East,Paid Search,35.0,True,False,0,
104625,2023-11-11,West Midlands,Paid Search,,True,False,0,3.6
104626,2024-07-03,South East,Paid Search,47.0,False,False,0,3.5
104627,2024-11-03,Yorkshire,Paid Search,60.0,True,True,0,4.2
104628,2023-06-03,London,Social,51.0,True,True,1,3.6
104629,2024-03-27,London,Organic,42.0,False,False,1,5.0
104630,2023-10-27,East of England,Email,40.0,True,False,3,3.9
104631,2024-09-23,North West,Paid Search,55.0,False,True,1,3.2
104632,2023-10-03,West Midlands,Organic,65.0,True,False,1,2.6
104633,2022-09-05,WEST MIDLANDS,Organic,49.0,False,True,4,3.2
104634,2024-03-15,Scotland,Paid Search,35.0,False,True,1,3.8
104635,2023-08-13,Scotland,Paid Search,44.0,True,False,0,4.4
104636,2024-01-19,South East,Paid Search,49.0,False,True,3,4.6
104637,2025-01-24,London,Paid Search,34.0,False,False,0,4.8
104638,2023-03-23,Scotland,Organic,52.0,True,True,1,4.5
104639,2023-10-13,Yorkshire,Paid Search,,False,False,1,4.9
104640,2024-06-14,South West,Organic,56.0,False,False,1,3.7
104641,2023-11-21,South East,Organic,28.0,True,False,0,3.8
104642,2024-04-04,LONDON,Organic,18.0,True,False,1,3.4
104643,2022-12-06,Yorkshire,Paid Search,36.0,True,False,2,3.3
104644,2024-07-03,North East,Organic,41.0,True,True,3,5.0
104645,2023-01-02,NORTH WEST,Organic,18.0,False,False,1,3.0
104646,2023-08-07,London,Affiliate,33.0,False,True,0,2.2
104647,2024-05-24,Scotland,Paid Search,58.0,True,False,2,3.2
104648,2024-03-02,Yorkshire,Paid Search,48.0,False,True,1,5.0
104649,2023-05-28,East of England,Referral,43.0,True,True,1,4.2
104650,2025-01-24,South East,Paid Search,27.0,True,True,0,4.4
104651,2025-01-24,East of England,Paid Search,57.0,True,False,1,3.5
104652,2022-12-02,West Midlands,Referral,36.0,True,False,0,2.0
104653,2023-04-14,London,Social,42.0,False,False,1,2.9
104654,2024-08-27,NORTH EAST,Social,46.0,True,True,0,3.4
104655,2023-01-29,Yorkshire,Paid Search,43.0,False,False,1,
104656,2023-01-20,West Midlands,Paid Search,60.0,True,True,2,3.2
104657,2023-03-24,Wales,Paid Search,48.0,True,True,1,4.7
104658,2024-07-26,South West,Email,45.0,True,False,1,4.0
104659,2024-02-29,North West,Organic,40.0,False,False,0,4.4
104660,2024-10-12,North East,Social,47.0,True,True,2,
104661,2024-03-14,Yorkshire,Affiliate,38.0,True,True,2,4.5
104662,2023-08-11,North West,Affiliate,43.0,True,False,2,3.1
104663,2022-07-20,Scotland,Paid Search,37.0,False,False,2,4.4
104664,2024-05-19,South East,Social,35.0,True,False,1,4.4
104665,2024-02-02,Wales,Email,29.0,False,True,0,4.2
104666,2024-05-03,North West,Email,37.0,True,True,1,3.6
104667,2022-12-21,SCOTLAND,Affiliate,37.0,True,False,0,3.1
104668,2022-10-14,London,Email,65.0,False,False,3,3.0
104669,2024-10-16,NORTH EAST,Email,54.0,True,False,0,4.2
104670,2024-02-03,West Midlands,Paid Search,39.0,True,True,0,4.9
104671,2023-09-09,East of England,Social,35.0,False,True,1,3.8
104672,2023-08-19,West Midlands,Social,49.0,True,True,3,2.9
104673,2023-01-22,Yorkshire,Email,66.0,True,False,1,3.1
104674,2024-02-13,Yorkshire,Social,51.0,True,False,3,2.9
104675,2024-05-03,North West,Organic,19.0,False,True,0,3.9
104676,2023-06-21,Scotland,Organic,52.0,False,False,1,2.7
104677,2023-10-04,Yorkshire,Affiliate,55.0,False,True,1,3.3
104678,2023-06-27,North West,Organic,70.0,False,True,1,5.0
104679,2023-08-31,South East,Email,38.0,False,False,2,3.0
104680,2023-01-31,,Social,43.0,True,False,2,3.2
104681,2023-10-29,Scotland,Organic,47.0,False,False,0,
104682,2025-01-24,North West,Organic,31.0,False,False,2,3.9
104683,2025-01-24,North West,Social,30.0,True,False,0,2.5
104684,2024-01-23,,Email,46.0,False,False,1,3.3
104685,2024-04-05,East of England,Paid Search,21.0,True,False,0,2.8
104686,2023-11-05,North East,Referral,24.0,True,True,3,5.0
104687,2024-10-18,South West,Email,52.0,False,True,1,5.0
104688,2024-02-24,Scotland,Organic,47.0,True,False,4,2.6
104689,2025-01-24,North East,Paid Search,57.0,True,False,1,2.6
104690,2024-10-24,North East,Paid Search,47.0,True,True,3,3.6
104691,2024-03-17,North West,Paid Search,41.0,False,False,2,2.5
104692,2025-01-24,South East,Paid Search,58.0,False,False,2,3.7
104693,2023-03-19,Wales,Paid Search,36.0,False,False,5,2.4
104694,2024-10-02,Wales,Affiliate,37.0,False,True,0,5.0
104695,2025-01-24,Wales,Social,40.0,False,False,0,2.1
104696,2024-07-14,Scotland,Referral,,True,False,1,2.8
104697,2023-11-13,Wales,Social,40.0,True,True,1,4.8
104698,2024-05-04,South West,Social,22.0,False,True,2,3.4
104699,2024-05-27,South West,Referral,38.0,False,False,0,5.0
104700,2024-02-14,East of England,Paid Search,41.0,False,True,4,3.2
104701,2024-04-15,North West,Email,42.0,False,False,1,4.2
104702,2024-03-21,South West,Referral,35.0,True,False,1,4.3
104703,2024-11-13,Wales,Affiliate,48.0,False,True,3,
104704,2023-06-04,Wales,Organic,20.0,True,True,0,3.8
104705,2023-01-31,YORKSHIRE,Referral,46.0,True,True,1,3.8
104706,2023-10-23,London,Social,64.0,False,False,0,5.0
104707,2024-04-29,South West,Paid Search,33.0,False,False,0,3.3
104708,2024-08-01,North West,Paid Search,42.0,True,True,0,4.1
104709,2024-08-27,North West,Organic,38.0,False,True,1,3.6
104710,2025-01-24,London,Paid Search,38.0,False,False,1,4.6
104711,2024-02-27,South East,Paid Search,28.0,True,True,1,5.0
104712,2024-06-19,Scotland,Paid Search,67.0,True,True,0,3.5
104713,2023-08-31,North West,Referral,46.0,True,False,0,2.3
104714,2025-01-24,West Midlands,Referral,32.0,True,False,2,3.3
104715,2024-03-30,Yorkshire,Referral,31.0,True,False,0,4.8
104716,2023-09-09,Yorkshire,Social,42.0,True,True,1,4.2
104717,2024-12-07,Scotland,Affiliate,18.0,True,False,0,3.9
104718,2024-06-09,Scotland,Organic,55.0,True,False,0,3.8
104719,2023-10-17,WALES,Organic,34.0,True,True,2,3.4
104720,2024-08-25,North West,Organic,46.0,False,False,1,4.8
104721,2024-02-05,London,Paid Search,47.0,True,True,1,4.2
104722,2024-09-07,Wales,Social,54.0,True,True,1,5.0
104723,2023-10-30,London,Organic,47.0,True,False,2,4.0
104724,2023-03-18,South West,Affiliate,51.0,False,True,0,4.2
104725,2023-11-28,West Midlands,Paid Search,54.0,True,False,1,3.6
104726,2024-05-14,Wales,Paid Search,,False,False,0,
104727,2024-02-06,South East,Organic,69.0,True,False,2,3.9
104728,2024-07-27,South East,Paid Search,46.0,True,True,0,5.0
104729,2023-08-03,Scotland,Affiliate,41.0,True,True,2,
104730,2023-01-11,Scotland,Social,30.0,False,False,0,3.6
104731,2023-11-23,South West,Organic,38.0,False,False,4,1.9
104732,2023-12-29,East of England,Social,46.0,True,False,0,5.0
104733,2023-06-03,North East,Organic,42.0,False,False,2,3.5
104734,2023-08-05,East of England,Paid Search,65.0,True,False,4,1.9
104735,2024-08-17,North West,Organic,36.0,True,False,1,
104736,2024-07-15,London,Organic,50.0,False,False,1,4.2
104737,2023-09-01,North West,Social,26.0,True,False,2,4.7
104738,2023-03-08,North East,Email,69.0,False,False,2,4.2
104739,2024-04-08,South West,Paid Search,25.0,False,True,1,2.4
104740,2024-07-15,South West,Social,68.0,True,False,0,3.3
104741,2024-06-04,North West,Email,39.0,True,False,0,5.0
104742,2025-01-24,Scotland,Organic,18.0,False,False,0,4.8
104743,2023-06-24,South West,Organic,59.0,False,False,1,4.4
104744,2022-11-30,North East,Organic,42.0,False,False,1,5.0
104745,2023-01-08,Yorkshire,Organic,35.0,False,True,1,3.8
104746,2024-01-18,London,Organic,49.0,False,False,2,5.0
104747,2024-01-23,Wales,Organic,,True,False,2,3.6
104748,2023-06-02,North East,Organic,46.0,False,True,0,4.8
104749,2023-03-10,London,Email,56.0,True,True,0,3.5
104750,2023-09-14,West Midlands,Organic,44.0,True,False,1,2.9
104751,2024-12-15,North East,Affiliate,49.0,False,True,0,2.9
104752,2024-08-27,North East,Paid Search,34.0,True,False,1,
104753,2024-10-09,North East,Organic,51.0,True,False,1,5.0
104754,2023-01-03,North East,Social,34.0,False,False,1,2.4
104755,2023-06-14,London,Social,26.0,False,True,0,3.4
104756,2025-01-24,South East,Affiliate,38.0,True,False,0,1.8
104757,2022-10-13,Scotland,Organic,37.0,True,False,2,2.1
104758,2023-05-07,East of England,Organic,53.0,False,False,1,3.7
104759,2023-01-20,Scotland,Social,22.0,True,True,1,2.9
104760,2024-01-06,North West,Social,55.0,True,True,2,2.1
104761,2023-07-22,North West,Email,33.0,False,False,0,2.7
104762,2023-06-14,East of England,Email,18.0,True,True,3,4.9
104763,2024-12-08,North East,Paid Search,25.0,True,True,1,5.0
104764,2024-04-26,Wales,Email,37.0,True,False,1,4.1
104765,2023-09-07,South East,Email,47.0,False,False,0,4.1
104766,2024-05-15,South East,Social,39.0,False,True,1,4.0
104767,2023-12-10,North West,Organic,25.0,False,False,0,3.9
104768,2023-12-20,South West,Referral,31.0,False,False,0,4.0
104769,2025-01-24,London,Email,25.0,True,False,2,
104770,2024-10-19,South West,Paid Search,44.0,True,False,3,3.8
104771,2024-06-16,Yorkshire,Organic,40.0,True,True,2,2.2
104772,2023-04-16,East of England,Email,49.0,True,True,0,
104773,2025-01-24,Wales,Referral,18.0,True,False,1,4.4
104774,2023-10-10,YORKSHIRE,Organic,34.0,False,False,0,
104775,2024-05-16,East of England,Referral,67.0,True,False,2,4.2
104776,2024-07-27,Scotland,Organic,49.0,True,True,0,3.9
104777,2022-10-19,East of England,Organic,37.0,True,True,1,4.4
104778,2024-07-09,West Midlands,Email,28.0,True,False,0,4.3
104779,2023-12-02,London,Paid Search,55.0,True,False,2,
104780,2022-07-14,London,Paid Search,61.0,False,False,1,2.7
104781,2022-11-02,South West,Email,26.0,True,False,2,
104782,2023-06-27,East of England,Paid Search,27.0,False,True,1,2.4
104783,2023-11-04,Scotland,Paid Search,45.0,False,True,1,4.7
104784,2024-03-24,South West,Paid Search,46.0,True,False,2,3.8
104785,2024-04-30,Scotland,Paid Search,47.0,True,True,1,2.8
104786,2023-12-03,North West,Paid Search,65.0,True,True,1,3.7
104787,2024-09-22,Yorkshire,Organic,28.0,False,True,1,2.8
104788,2022-11-07,West Midlands,Affiliate,42.0,False,False,2,2.9
104789,2025-01-24,North East,Social,50.0,True,True,3,4.4
104790,2024-03-03,South West,Email,50.0,True,True,0,3.6
104791,2023-04-24,South West,Paid Search,33.0,False,True,0,
104792,2024-01-01,East of England,Paid Search,,True,False,0,4.6
104793,2023-08-04,East of England,Referral,35.0,True,False,3,3.6
104794,2024-05-10,South West,Social,63.0,False,False,1,3.8
104795,2023-10-19,Scotland,Email,28.0,False,False,1,5.0
104796,2023-11-03,Wales,Organic,37.0,False,True,0,
104797,2024-06-25,London,Social,51.0,False,False,1,3.1
104798,2024-08-05,East of England,Social,27.0,False,True,1,2.9
104799,2024-05-31,Yorkshire,Paid Search,44.0,True,False,1,5.0
104800,2023-12-07,London,Referral,18.0,True,False,1,3.4
104801,2024-06-13,East of England,Organic,44.0,True,True,0,4.0
104802,2023-05-05,London,Organic,42.0,False,False,2,5.0
104803,2024-09-18,South West,Paid Search,43.0,False,False,0,3.3
104804,2024-11-15,Yorkshire,Social,30.0,False,True,1,4.1
104805,2025-01-24,East of England,Email,44.0,True,False,0,4.1
104806,2023-08-21,East of England,Organic,40.0,True,False,0,4.0
104807,2023-11-18,West Midlands,Affiliate,58.0,True,False,2,4.8
104808,2023-09-12,East of England,Paid Search,49.0,False,True,1,4.3
104809,2023-09-30,North West,Referral,22.0,False,True,0,4.2
104810,2024-05-25,South West,Email,30.0,False,False,1,5.0
104811,2025-01-24,London,Affiliate,33.0,True,False,1,2.7
104812,2023-05-29,South East,Email,43.0,True,True,0,2.9
104813,2023-08-20,South West,Organic,,True,True,2,3.1
104814,2024-12-06,London,Organic,39.0,True,False,2,4.5
104815,2022-11-22,North East,Referral,78.0,True,True,0,4.0
104816,2023-11-13,London,Referral,34.0,False,False,2,3.4
104817,2023-07-10,Yorkshire,Social,59.0,False,False,1,5.0
104818,2024-02-23,,Email,39.0,False,True,1,4.7
104819,2024-04-10,East of England,Organic,18.0,True,False,0,
104820,2024-03-03,East of England,Paid Search,43.0,True,False,2,5.0
104821,2024-09-10,,Paid Search,56.0,True,False,2,3.6
104822,2025-01-24,South West,Social,49.0,True,False,0,
104823,2025-01-24,South East,Social,44.0,True,False,1,2.6
104824,2025-01-24,West Midlands,Social,41.0,True,True,0,4.2
104825,2023-11-01,South East,Social,35.0,False,True,0,5.0
104826,2024-03-18,North West,Organic,53.0,False,True,3,5.0
104827,2023-10-27,North West,Paid Search,35.0,False,True,0,3.7
104828,2024-09-23,East of England,Paid Search,33.0,True,False,2,3.5
104829,2023-04-03,North East,Paid Search,46.0,True,True,3,3.2
104830,2024-06-27,Yorkshire,Social,37.0,True,True,1,5.0
104831,2024-04-24,London,Email,58.0,False,True,3,4.2
104832,2024-11-16,East of England,Referral,47.0,True,False,0,4.7
104833,2024-06-20,Yorkshire,Paid Search,31.0,True,True,1,4.6
104834,2023-12-18,South West,Email,26.0,True,False,0,5.0
104835,2025-01-24,West Midlands,Social,34.0,True,False,1,
104836,2023-12-24,Scotland,Organic,71.0,True,False,0,3.4
104837,2023-04-16,East of England,Email,38.0,True,True,1,4.1
104838,2023-08-30,South West,Affiliate,51.0,True,False,1,3.6
104839,2023-12-21,North West,Organic,24.0,False,True,1,4.8
104840,2023-09-02,Yorkshire,Social,27.0,True,False,3,3.7
104841,2024-06-25,NORTH EAST,Paid Search,39.0,True,False,0,4.5
104842,2023-10-17,London,Paid Search,63.0,False,False,0,4.3
104843,2023-12-29,West Midlands,Paid Search,24.0,False,False,1,2.6
104844,2023-04-19,Yorkshire,Paid Search,33.0,True,False,2,4.5
104845,2023-07-25,NORTH EAST,Email,,False,False,1,2.9
104846,2022-08-09,North East,Paid Search,62.0,True,False,1,3.1
104847,2024-09-01,Yorkshire,Social,47.0,False,False,1,
104848,2024-03-06,,Referral,50.0,False,False,0,
104849,2024-12-05,Scotland,Referral,29.0,True,True,0,2.8
104850,2023-07-07,Scotland,Organic,24.0,True,False,2,3.4
104851,2024-07-29,,Paid Search,26.0,False,False,0,4.7
104852,2024-04-28,Yorkshire,Organic,30.0,False,False,0,3.6
104853,2024-08-21,Yorkshire,Paid Search,44.0,False,False,0,
104854,2022-10-09,Wales,Organic,25.0,True,True,0,4.8
104855,2023-05-22,South East,Social,44.0,True,False,2,4.1
104856,2025-01-09,North East,Social,37.0,False,False,2,4.6
104857,2023-11-28,South West,Paid Search,34.0,True,False,1,2.9
104858,2023-04-22,Yorkshire,Paid Search,53.0,True,True,2,3.8
104859,2023-10-01,Yorkshire,Referral,29.0,True,False,0,4.4
104860,2023-10-10,Yorkshire,Affiliate,60.0,True,False,0,3.3
104861,2023-05-05,Yorkshire,Social,52.0,True,False,4,3.7
104862,2024-08-30,West Midlands,Social,28.0,False,True,0,5.0
104863,2024-12-28,South West,Social,57.0,True,False,2,3.0
104864,2025-01-24,North West,Paid Search,27.0,True,True,2,2.4
104865,2023-01-26,East of England,Referral,58.0,False,True,0,4.1
104866,2023-04-01,Yorkshire,Paid Search,45.0,True,False,1,5.0
104867,2024-07-19,West Midlands,Social,20.0,False,False,1,4.0
104868,2024-08-05,Wales,Paid Search,24.0,False,False,0,2.9
104869,2024-09-12,West Midlands,Email,36.0,True,False,0,4.5
104870,2024-06-27,East of England,Email,52.0,False,True,1,4.3
104871,2023-09-25,North West,Email,39.0,False,False,0,4.5
104872,2025-01-24,North West,Organic,38.0,True,True,1,5.0
104873,2023-12-11,Yorkshire,Social,42.0,False,False,1,2.9
104874,2023-09-28,North East,Social,18.0,True,False,1,4.7
104875,2023-09-21,North West,Email,52.0,False,False,1,4.0
104876,2024-06-27,South East,Organic,58.0,False,False,3,4.4
104877,2024-03-28,South East,Social,51.0,False,False,2,3.4
104878,2023-07-18,Scotland,Email,35.0,True,False,1,2.7
104879,2023-07-02,South West,Paid Search,29.0,False,True,0,5.0
104880,2024-01-06,South West,Social,,True,True,1,5.0
104881,2024-08-20,North West,Paid Search,26.0,False,False,0,5.0
104882,2024-10-01,Wales,Email,70.0,True,False,0,3.3
104883,2024-06-24,South East,Organic,40.0,True,False,0,3.9
104884,2023-07-19,Yorkshire,Referral,53.0,False,False,0,4.3
104885,2024-07-03,Wales,Paid Search,52.0,True,True,1,3.9
104886,2022-09-29,Wales,Organic,43.0,False,False,1,3.4
104887,2025-01-24,South West,Paid Search,29.0,True,False,2,4.4
104888,2024-04-13,West Midlands,Referral,48.0,False,True,0,2.9
104889,2023-08-09,South West,Paid Search,27.0,False,True,2,
104890,2024-04-01,West Midlands,Organic,49.0,False,True,0,5.0
104891,2023-07-29,West Midlands,Paid Search,28.0,True,True,3,3.7
104892,2024-02-01,Yorkshire,Email,35.0,False,False,0,4.7
104893,2023-11-13,East of England,Organic,35.0,True,True,1,3.8
104894,2024-09-29,North West,Social,59.0,False,False,1,4.2
104895,2023-12-18,North East,Paid Search,18.0,False,True,1,4.1
104896,2023-08-22,Wales,Organic,,True,False,0,2.7
104897,2024-09-04,North West,Paid Search,31.0,True,False,0,3.5
104898,2023-02-10,North West,Social,39.0,True,False,1,3.9
104899,2024-10-18,London,Paid Search,46.0,False,False,1,4.3
104900,2024-06-24,Scotland,Affiliate,45.0,True,True,1,
104901,2023-10-27,South East,Organic,,True,False,0,2.2
104902,2023-10-07,North East,Social,,True,True,0,4.5
104903,2023-01-08,Wales,Organic,67.0,False,False,4,2.8
104904,2025-01-24,Wales,Paid Search,51.0,False,True,0,3.4
104905,2023-08-12,North West,Referral,39.0,True,False,1,3.3
104906,2023-07-17,East of England,Email,34.0,True,False,2,3.3
104907,2023-08-22,Scotland,Social,33.0,True,True,3,3.9
104908,2025-01-24,North West,Email,58.0,False,False,0,3.6
104909,2024-06-06,Yorkshire,Paid Search,64.0,False,False,0,5.0
104910,2024-03-31,South East,Affiliate,54.0,False,True,1,4.0
104911,2023-12-07,North East,Organic,18.0,True,True,0,2.7
104912,2023-04-16,South East,Referral,18.0,True,True,0,3.4
104913,2024-05-08,West Midlands,Email,41.0,True,True,5,3.4
104914,2024-05-28,North West,Organic,39.0,False,False,1,4.6
104915,2024-07-20,Yorkshire,Social,41.0,False,False,0,3.1
104916,2024-12-11,East of England,Affiliate,57.0,True,True,1,3.1
104917,2024-07-05,North East,Paid Search,57.0,True,False,2,4.4
104918,2023-08-09,West Midlands,Organic,43.0,True,False,0,3.3
104919,2024-07-20,North West,Social,21.0,True,False,3,
104920,2024-05-17,London,Organic,25.0,False,True,1,3.4
104921,2025-01-24,Yorkshire,Organic,,True,False,1,4.7
104922,2024-07-01,North East,Email,46.0,False,False,0,4.7
104923,2023-02-01,London,Referral,25.0,False,True,2,3.8
104924,2023-09-05,North East,Social,,True,True,1,3.6
104925,2023-03-30,North West,Affiliate,18.0,True,False,0,3.6
104926,2023-09-20,North East,Paid Search,18.0,True,True,0,3.8
104927,2025-01-24,London,Paid Search,30.0,False,False,1,2.4
104928,2025-01-24,Wales,Paid Search,59.0,True,False,3,3.6
104929,2023-04-14,West Midlands,Organic,,False,False,0,4.8
104930,2024-02-14,North West,Social,20.0,False,False,2,3.2
104931,2023-08-05,North West,Paid Search,21.0,False,False,1,5.0
104932,2025-01-14,South East,Organic,51.0,False,False,3,2.8
104933,2024-07-31,South West,Email,35.0,True,False,1,3.1
104934,2024-04-14,LONDON,Social,59.0,False,True,2,3.4
104935,2023-12-06,Scotland,Social,51.0,False,False,0,4.5
104936,2023-06-30,North East,Social,53.0,True,False,0,
104937,2024-10-22,Scotland,Affiliate,30.0,True,True,0,2.9
104938,2024-04-03,Wales,Email,47.0,True,True,0,4.5
104939,2023-11-25,East of England,Referral,67.0,True,False,1,4.2
104940,2023-05-11,South West,Affiliate,43.0,True,False,1,2.5
104941,2023-01-30,North East,Referral,40.0,True,False,0,5.0
104942,2024-08-15,LONDON,Paid Search,35.0,False,False,1,4.6
104943,2024-01-28,West Midlands,Social,20.0,True,True,1,3.7
104944,2023-08-04,West Midlands,Organic,27.0,True,True,1,3.4
104945,2025-01-24,London,Paid Search,29.0,True,False,4,3.1
104946,2023-06-17,South East,Social,20.0,True,True,1,
104947,2025-01-24,South East,Paid Search,21.0,False,True,0,
104948,2024-07-21,North East,Social,18.0,True,True,0,4.5
104949,2024-06-11,WALES,Email,31.0,True,True,0,4.8
104950,2023-12-08,Yorkshire,Organic,50.0,True,False,0,2.7
104951,2025-01-24,Wales,Affiliate,37.0,True,True,0,
104952,2023-09-23,WEST MIDLANDS,Email,37.0,False,False,3,3.1
104953,2023-07-09,Scotland,Email,51.0,True,False,2,3.5
104954,2024-01-16,Wales,Paid Search,63.0,False,True,0,3.2
104955,2024-03-30,SOUTH EAST,Affiliate,71.0,False,True,0,3.2
104956,2023-07-28,South East,Paid Search,43.0,False,True,2,2.0
104957,2024-03-22,Yorkshire,Referral,37.0,True,False,1,3.9
104958,2023-01-24,North West,Paid Search,36.0,True,True,1,2.5
104959,2025-01-15,East of England,Paid Search,49.0,True,False,1,5.0
104960,2024-02-14,East of England,Organic,39.0,True,False,0,
104961,2024-03-15,West Midlands,Email,39.0,True,False,0,4.7
104962,2023-05-23,South East,Referral,40.0,False,False,2,3.9
104963,2024-09-29,LONDON,Social,29.0,False,True,1,4.3
104964,2023-10-05,Scotland,Email,18.0,False,True,0,2.8
104965,2023-07-05,West Midlands,Organic,32.0,True,True,1,4.5
104966,2024-12-19,LONDON,Affiliate,60.0,True,False,0,2.9
104967,2024-05-04,East of England,Organic,59.0,False,False,0,5.0
104968,2023-03-26,North East,Referral,53.0,True,False,0,3.5
104969,2024-09-09,North East,Email,35.0,True,False,1,4.6
104970,2024-02-20,South East,Organic,31.0,False,False,1,2.9
104971,2022-07-15,South East,Organic,62.0,True,False,0,4.6
104972,2023-11-08,Scotland,Social,27.0,False,True,0,2.4
104973,2024-04-08,North East,Affiliate,42.0,True,True,2,1.7
104974,2024-09-06,Yorkshire,Social,63.0,False,True,0,4.9
104975,2024-05-28,Scotland,Referral,43.0,True,False,0,4.8
104976,2024-06-09,North East,Affiliate,37.0,False,True,1,3.6
104977,2023-11-11,East of England,Organic,56.0,True,False,1,3.6
104978,2024-10-07,North East,Social,42.0,True,False,1,3.8
104979,2022-09-13,Wales,Social,44.0,False,True,1,3.4
104980,2023-07-22,North East,Paid Search,61.0,False,False,2,4.1
104981,2024-07-03,Yorkshire,Email,18.0,True,False,1,3.7
104982,2023-05-15,West Midlands,Paid Search,46.0,True,False,2,2.6
104983,2023-04-25,London,Email,31.0,True,False,1,
104984,2023-10-28,South West,Social,38.0,False,False,1,3.3
104985,2024-01-22,NORTH WEST,Referral,42.0,False,False,1,5.0
104986,2023-12-16,London,Social,32.0,True,True,2,3.6
104987,2024-01-15,Wales,Social,44.0,True,True,1,
104988,2024-07-26,Scotland,Paid Search,46.0,True,False,2,3.1
104989,2023-02-10,Yorkshire,Email,44.0,False,False,0,3.4
104990,2022-12-13,South West,Organic,42.0,True,False,0,
104991,2022-11-04,West Midlands,Social,39.0,True,True,1,2.5
104992,2025-01-24,Wales,Referral,40.0,True,False,1,4.0
104993,2023-10-29,Yorkshire,Organic,42.0,False,False,1,3.7
104994,2024-02-22,,Paid Search,29.0,False,False,1,3.2
104995,2023-11-23,North West,Paid Search,58.0,False,True,2,4.2
104996,2023-11-18,SOUTH WEST,Social,40.0,False,False,1,3.4
104997,2024-03-31,North West,Organic,36.0,False,False,0,3.2
104998,2023-10-31,East of England,Organic,46.0,False,False,1,3.8
104999,2023-11-25,WALES,Paid Search,40.0,True,False,0,3.4
105000,2023-05-03,South East,Organic,57.0,True,True,2,3.6
105001,2025-01-24,Scotland,Organic,53.0,True,True,0,3.8
105002,2025-01-03,East of England,Social,42.0,False,False,2,4.5
105003,2024-02-23,North West,Social,,True,False,2,3.5
105004,2023-09-01,London,Social,44.0,True,False,0,2.8
105005,2025-01-22,Scotland,Organic,26.0,False,True,1,4.4
105006,2024-11-28,Scotland,Referral,53.0,True,True,0,
105007,2024-01-11,North East,Social,18.0,False,False,0,4.3
105008,2024-12-30,Wales,Referral,18.0,False,False,1,4.9
105009,2024-04-08,South East,Social,50.0,False,True,0,3.9
105010,2023-09-24,North West,Organic,47.0,False,False,0,3.2
105011,2023-07-27,South East,Email,,True,False,1,3.7
105012,2024-02-22,North East,Paid Search,59.0,True,False,2,3.3
105013,2025-01-24,West Midlands,Affiliate,41.0,True,True,0,3.2
105014,2023-12-25,Wales,Social,36.0,True,False,2,3.6
105015,2023-01-03,London,Paid Search,51.0,False,False,1,2.8
105016,2024-11-01,Yorkshire,Organic,32.0,False,False,0,3.0
105017,2023-12-11,London,Email,38.0,False,False,2,
105018,2023-09-11,Yorkshire,Paid Search,44.0,False,True,2,
105019,2025-01-24,London,Paid Search,45.0,False,True,0,4.2
105020,2023-05-09,South East,Affiliate,37.0,False,False,0,3.8
105021,2024-08-16,South East,Organic,35.0,True,False,3,2.3
105022,2023-09-08,SOUTH WEST,Paid Search,26.0,True,False,2,2.9
105023,2024-08-01,East of England,Paid Search,31.0,True,False,2,5.0
105024,2024-07-22,Yorkshire,Social,65.0,False,True,0,
105025,2024-06-05,South East,Social,38.0,False,True,0,3.3
105026,2024-05-31,North West,Social,43.0,False,False,3,3.1
105027,2024-03-06,West Midlands,Affiliate,22.0,True,False,1,2.1
105028,2024-06-08,North East,Paid Search,74.0,False,True,2,3.6
105029,2022-10-20,South West,Paid Search,30.0,False,False,0,
105030,2023-12-27,London,Paid Search,26.0,True,True,0,
105031,2024-05-31,London,Organic,40.0,False,True,1,1.9
105032,2022-10-17,West Midlands,Paid Search,29.0,False,False,1,3.7
105033,2024-05-11,NORTH WEST,Organic,46.0,True,True,2,3.4
105034,2024-06-15,Scotland,Email,21.0,False,True,2,2.9
105035,2023-12-29,North East,Paid Search,56.0,True,False,0,3.4
105036,2023-06-14,South East,Referral,53.0,True,True,0,3.9
105037,2024-03-12,Yorkshire,Referral,39.0,True,True,2,4.3
105038,2023-04-21,Scotland,Social,19.0,True,False,2,3.4
105039,2025-01-24,East of England,Referral,30.0,False,False,0,5.0
105040,2024-02-01,Yorkshire,Email,42.0,True,False,1,3.8
105041,2025-01-10,Yorkshire,Organic,25.0,True,False,0,3.8
105042,2023-05-11,,Social,27.0,False,True,2,4.3
105043,2024-05-08,North East,Paid Search,55.0,True,False,2,3.0
105044,2023-08-10,North West,Organic,43.0,True,True,2,4.7
105045,2023-04-27,South East,Referral,43.0,False,True,3,
105046,2023-09-01,London,Social,48.0,False,True,1,4.2
105047,2024-12-04,London,Organic,39.0,False,True,1,3.3
105048,2023-09-30,West Midlands,Social,40.0,True,False,1,
105049,2024-01-11,Wales,Affiliate,47.0,True,False,1,
105050,2024-07-06,South East,Paid Search,,False,False,0,4.4
105051,2024-04-25,London,Organic,47.0,False,True,1,3.4
105052,2024-08-07,YORKSHIRE,Paid Search,60.0,False,False,2,
105053,2022-09-08,Yorkshire,Affiliate,41.0,True,True,1,4.3
105054,2024-09-26,Yorkshire,Social,23.0,False,False,0,5.0
105055,2024-04-15,London,Paid Search,55.0,False,False,0,3.1
105056,2024-05-25,North West,Social,38.0,False,False,1,3.3
105057,2024-03-14,West Midlands,Social,31.0,True,True,0,4.6
105058,2024-04-19,South West,Paid Search,50.0,True,False,0,1.6
105059,2023-04-04,EAST OF ENGLAND,Referral,46.0,True,True,0,5.0
105060,2023-11-26,Wales,Email,24.0,False,False,0,5.0
105061,2024-08-15,YORKSHIRE,Paid Search,50.0,False,True,0,3.3
105062,2024-12-30,Scotland,Affiliate,65.0,True,False,1,
105063,2024-02-14,Yorkshire,Paid Search,45.0,True,False,3,4.0
105064,2023-04-12,West Midlands,Paid Search,38.0,False,False,1,2.9
105065,2024-06-11,South East,Organic,19.0,True,True,1,3.1
105066,2023-08-28,Yorkshire,Paid Search,68.0,False,False,0,4.9
105067,2023-12-17,North West,Social,34.0,True,False,2,4.6
105068,2023-04-08,North West,Organic,23.0,False,True,0,4.2
105069,2023-09-12,South West,Paid Search,42.0,True,True,0,2.9
105070,2023-06-02,London,Affiliate,54.0,False,False,2,4.4
105071,2024-07-12,London,Organic,57.0,True,False,1,4.8
105072,2024-04-03,West Midlands,Organic,32.0,True,True,1,
105073,2023-08-30,,Organic,40.0,True,False,0,3.8
105074,2023-06-02,Wales,Referral,41.0,True,False,1,2.7
105075,2023-08-31,Yorkshire,Paid Search,54.0,False,True,2,3.0
105076,2024-12-12,North West,Paid Search,49.0,False,True,2,4.1
105077,2022-12-28,West Midlands,Referral,45.0,True,True,0,4.7
105078,2024-04-29,West Midlands,Paid Search,53.0,False,True,0,5.0
105079,2025-01-24,West Midlands,Referral,23.0,True,False,4,4.4
105080,2024-02-10,East of England,Social,46.0,True,True,2,5.0
105081,2025-01-24,South West,Referral,44.0,True,True,1,4.1
105082,2024-10-19,South West,Paid Search,40.0,False,False,2,4.6
105083,2022-02-16,West Midlands,Affiliate,38.0,True,False,0,3.5
105084,2023-09-28,North West,Organic,43.0,True,False,1,3.4
105085,2024-12-20,London,Paid Search,34.0,True,False,3,3.1
105086,2024-11-28,South West,Email,76.0,True,False,0,5.0
105087,2024-09-15,North East,Paid Search,59.0,True,True,1,
105088,2023-02-16,,Organic,55.0,True,False,1,
105089,2024-05-17,South East,Social,34.0,False,True,0,3.6
105090,2024-02-18,North West,Paid Search,29.0,True,False,0,5.0
105091,2025-01-24,South West,Paid Search,38.0,True,True,2,5.0
105092,2022-08-28,North West,Organic,42.0,False,False,2,5.0
105093,2024-01-07,London,Organic,22.0,True,False,1,4.4
105094,2023-08-17,WEST MIDLANDS,Social,47.0,True,True,1,2.3
105095,2024-05-29,West Midlands,Email,55.0,False,True,0,3.8
105096,2025-01-24,West Midlands,Organic,18.0,True,False,3,4.1
105097,2024-08-21,Yorkshire,Organic,29.0,False,False,0,4.0
105098,2025-01-24,North West,Paid Search,57.0,False,False,2,3.0
105099,2022-09-22,London,Organic,46.0,False,False,2,3.2
105100,2024-07-15,South East,Paid Search,30.0,True,False,0,3.0
105101,2024-12-26,South West,Social,51.0,False,True,2,2.8
105102,2023-12-18,East of England,Paid Search,33.0,False,False,0,3.3
105103,2023-10-23,North West,Email,38.0,False,True,0,3.7
105104,2025-01-17,North East,Paid Search,26.0,True,False,0,3.8
105105,2024-05-01,Yorkshire,Paid Search,41.0,False,True,0,3.9
105106,2023-05-12,South West,Organic,54.0,True,False,2,5.0
105107,2024-04-26,SOUTH WEST,Organic,35.0,True,False,2,3.9
105108,2023-12-15,West Midlands,Email,49.0,True,True,2,2.3
105109,2025-01-24,Yorkshire,Email,40.0,False,False,1,3.7
105110,2023-08-27,Yorkshire,Affiliate,55.0,False,True,1,3.7
105111,2024-06-16,Scotland,Organic,35.0,False,True,1,1.9
105112,2025-01-15,,Paid Search,61.0,False,False,1,3.9
105113,2023-02-24,West Midlands,Referral,50.0,True,False,6,2.7
105114,2023-01-08,London,Email,44.0,True,True,1,
105115,2023-08-20,London,Paid Search,45.0,False,True,1,3.3
105116,2024-06-30,Scotland,Paid Search,35.0,False,False,0,3.8
105117,2024-02-19,North East,Organic,,False,True,1,3.8
105118,2023-02-05,North West,Organic,,True,False,2,3.5
105119,2024-06-16,Yorkshire,Social,25.0,False,False,2,4.4
105120,2024-08-02,South East,Paid Search,33.0,False,True,2,3.6
105121,2023-06-07,EAST OF ENGLAND,Affiliate,29.0,True,True,1,4.5
105122,2024-03-17,,Social,48.0,False,False,1,2.9
105123,2024-05-06,Scotland,Email,49.0,True,False,1,3.5
105124,2024-03-17,Wales,Paid Search,57.0,True,False,5,4.3
105125,2023-03-23,West Midlands,Social,37.0,False,False,1,2.9
105126,2024-04-17,North East,Referral,30.0,True,False,3,3.4
105127,2023-05-06,London,Paid Search,22.0,False,True,0,4.4
105128,2022-12-07,London,Social,45.0,False,False,1,2.4
105129,2023-04-17,South East,Paid Search,59.0,True,False,2,4.2
105130,2023-04-05,North West,Organic,40.0,False,False,2,3.9
105131,2023-12-07,Scotland,Email,41.0,True,False,1,
105132,2023-08-06,North East,Email,41.0,True,False,1,4.4
105133,2023-10-09,North West,Email,,True,False,0,4.0
105134,2023-01-19,West Midlands,Paid Search,54.0,False,True,3,3.2
105135,2023-10-25,London,Referral,,True,False,1,3.8
105136,2023-01-29,South West,Social,47.0,True,False,0,3.8
105137,2022-06-04,,Paid Search,48.0,False,False,0,
105138,2024-03-15,London,Referral,,False,True,1,4.5
105139,2024-12-30,Scotland,Paid Search,40.0,False,True,0,3.4
105140,2024-05-15,North West,Paid Search,39.0,True,True,2,4.8
105141,2024-06-12,Scotland,Referral,36.0,False,False,1,3.1
105142,2024-11-30,North West,Paid Search,43.0,False,False,2,5.0
105143,2022-11-16,South West,Paid Search,49.0,True,False,3,2.4
105144,2024-06-10,London,Paid Search,42.0,True,True,1,4.6
105145,2024-11-02,Yorkshire,Referral,37.0,True,False,0,
105146,2024-04-02,South West,Paid Search,43.0,False,False,1,3.3
105147,2023-12-17,London,Organic,29.0,False,False,0,3.4
105148,2023-12-10,North East,Paid Search,51.0,True,False,1,
105149,2024-06-30,South West,Organic,36.0,True,False,1,3.6
105150,2024-03-03,North West,Organic,26.0,False,False,2,4.5
105151,2023-09-26,SCOTLAND,Referral,47.0,False,False,1,
105152,2024-07-19,East of England,Email,48.0,False,False,1,4.4
105153,2023-11-08,Yorkshire,Referral,30.0,True,True,2,
105154,2022-12-30,South West,Email,49.0,False,False,0,5.0
105155,2023-10-17,Wales,Organic,49.0,True,False,1,3.2
105156,2024-06-04,West Midlands,Paid Search,67.0,True,False,1,3.8
105157,2024-04-02,SOUTH EAST,Social,38.0,False,False,0,1.7
105158,2023-12-31,Scotland,Organic,40.0,True,False,3,
105159,2023-03-20,Yorkshire,Social,33.0,False,False,1,3.1
105160,2024-01-30,South West,Paid Search,47.0,True,True,0,3.1
105161,2023-09-17,North West,Email,41.0,False,False,2,2.5
105162,2022-10-23,North East,Organic,54.0,True,False,2,
105163,2023-04-17,London,Organic,35.0,True,False,0,4.1
105164,2024-10-02,Yorkshire,Affiliate,47.0,True,True,1,
105165,2025-01-24,Scotland,Paid Search,38.0,False,False,1,4.2
105166,2024-01-29,East of England,Paid Search,18.0,False,False,2,3.5
105167,2025-01-24,North West,Paid Search,49.0,False,False,2,3.3
105168,2023-10-06,North East,Organic,18.0,False,False,0,4.5
105169,2023-10-25,London,Social,39.0,False,True,2,4.1
105170,2024-02-28,Wales,Affiliate,39.0,True,True,2,2.4
105171,2024-11-28,Scotland,Referral,,True,True,0,3.6
105172,2024-03-08,YORKSHIRE,Email,42.0,False,True,1,3.0
105173,2023-09-03,West Midlands,Email,41.0,True,False,0,
105174,2023-10-07,West Midlands,Organic,46.0,True,False,0,
105175,2022-08-09,SCOTLAND,Affiliate,40.0,True,False,0,3.4
105176,2023-10-11,West Midlands,Social,75.0,False,True,0,4.0
105177,2023-07-15,London,Paid Search,37.0,True,True,3,4.4
105178,2023-11-29,Scotland,Affiliate,25.0,True,False,2,3.3
105179,2024-05-08,SCOTLAND,Social,23.0,False,False,0,
105180,2024-01-04,South West,Paid Search,50.0,False,True,1,4.2
105181,2024-05-13,Scotland,Email,20.0,True,True,1,2.5
105182,2022-12-18,Yorkshire,Paid Search,25.0,False,False,1,4.3
105183,2025-01-24,Scotland,Paid Search,23.0,True,True,1,3.5
105184,2023-11-21,Scotland,Paid Search,47.0,True,False,1,2.9
105185,2024-03-31,SOUTH WEST,Social,58.0,False,False,2,4.7
105186,2023-06-02,East of England,Organic,29.0,False,True,1,3.2
105187,2025-01-07,North East,Paid Search,46.0,False,False,1,4.6
105188,2023-11-23,Scotland,Organic,18.0,True,False,2,3.5
105189,2024-10-23,London,Paid Search,31.0,True,False,1,2.5
105190,2023-07-15,Yorkshire,Social,49.0,True,True,1,
105191,2025-01-24,West Midlands,Organic,37.0,True,True,2,3.0
105192,2024-01-09,London,Paid Search,54.0,True,False,5,
105193,2024-10-19,Wales,Paid Search,18.0,True,True,1,4.6
105194,2022-09-21,East of England,Organic,31.0,True,False,2,4.5
105195,2023-08-11,East of England,Organic,47.0,True,False,6,2.3
105196,2024-04-13,East of England,Referral,47.0,True,False,0,5.0
105197,2023-04-20,North East,Paid Search,48.0,True,False,1,4.8
105198,2024-06-27,EAST OF ENGLAND,Paid Search,,True,False,1,5.0
105199,2024-01-21,South West,Paid Search,26.0,True,False,1,4.1
105200,2024-03-22,South West,Social,31.0,True,False,0,3.7
105201,2023-09-17,South West,Organic,71.0,True,True,0,3.2
105202,2024-08-09,South West,Social,25.0,True,True,1,5.0
105203,2024-07-28,London,Email,23.0,True,False,1,3.8
105204,2023-03-26,Scotland,Paid Search,50.0,False,True,3,3.8
105205,2022-09-30,North West,Organic,,True,False,1,
105206,2023-03-05,Wales,Affiliate,64.0,False,False,0,4.7
105207,2024-07-03,Yorkshire,Paid Search,77.0,False,False,1,
105208,2023-12-26,Yorkshire,Social,38.0,False,False,0,4.1
105209,2023-09-22,Yorkshire,Social,45.0,False,False,0,4.2
105210,2024-05-07,East of England,Paid Search,18.0,True,False,1,4.0
105211,2024-07-21,South West,Email,54.0,True,False,2,5.0
105212,2023-09-04,North West,Paid Search,18.0,True,False,2,3.6
105213,2022-09-06,North East,Paid Search,24.0,True,False,0,
105214,2024-01-25,South West,Social,43.0,True,False,1,5.0
105215,2024-02-27,North West,Referral,48.0,True,True,0,3.4
105216,2024-10-07,East of England,Paid Search,22.0,True,False,0,3.9
105217,2024-03-13,Scotland,Social,34.0,False,False,0,3.8
105218,2024-07-17,West Midlands,Paid Search,19.0,True,False,3,3.6
105219,2024-03-20,,Social,37.0,True,False,0,3.7
105220,2023-05-09,North West,Organic,31.0,False,False,2,4.8
105221,2024-01-28,Wales,Organic,,False,True,1,
105222,2023-11-12,East of England,Affiliate,49.0,True,False,1,5.0
105223,2023-04-26,Wales,Email,45.0,False,False,1,
105224,2023-07-17,South West,Paid Search,,True,False,1,3.4
105225,2023-04-20,East of England,Affiliate,39.0,False,False,1,2.8
105226,2023-01-04,South East,Paid Search,50.0,False,True,1,2.8
105227,2023-06-23,North East,Email,41.0,True,False,0,3.3
105228,2023-07-29,East of England,Email,35.0,False,True,1,3.3
105229,2023-04-09,West Midlands,Referral,48.0,True,False,0,3.5
105230,2025-01-24,North West,Organic,35.0,True,False,0,
105231,2022-10-28,South East,Email,37.0,True,False,2,2.4
105232,2024-07-14,West Midlands,Social,55.0,False,True,0,5.0
105233,2024-07-12,South East,Organic,54.0,False,False,1,3.9
105234,2025-01-24,,Referral,,True,True,1,4.7
105235,2024-02-09,Scotland,Paid Search,52.0,False,False,1,3.2
105236,2024-06-26,East of England,Paid Search,24.0,False,False,2,3.6
105237,2023-07-13,Wales,Social,37.0,True,True,1,4.3
105238,2024-01-03,North East,Paid Search,31.0,False,False,3,4.4
105239,2024-02-27,Scotland,Referral,41.0,False,False,0,4.8
105240,2023-03-15,London,Organic,51.0,False,False,0,2.8
105241,2024-02-05,East of England,Organic,48.0,True,False,0,5.0
105242,2023-08-06,North East,Email,46.0,False,False,2,5.0
105243,2023-06-01,West Midlands,Referral,43.0,False,True,1,4.2
105244,2023-10-10,South East,Email,39.0,True,True,2,
105245,2024-01-21,South West,Paid Search,57.0,True,True,0,4.2
105246,2023-10-20,East of England,Organic,21.0,False,True,1,
105247,2023-07-05,South East,Email,32.0,True,True,0,2.8
105248,2022-01-26,London,Referral,46.0,False,True,1,3.0
105249,2024-04-27,Yorkshire,Social,61.0,True,False,0,2.8
105250,2024-04-22,South East,Social,37.0,True,True,1,
105251,2023-11-03,South East,Organic,38.0,False,True,2,3.5
105252,2024-01-25,West Midlands,Organic,24.0,True,False,2,5.0
105253,2025-01-24,Scotland,Organic,34.0,True,True,1,3.8
105254,2024-09-01,WALES,Paid Search,50.0,True,True,1,3.9
105255,2023-11-25,SCOTLAND,Paid Search,62.0,False,False,1,3.0
105256,2023-09-05,Wales,Social,37.0,True,False,0,3.5
105257,2024-12-13,East of England,Social,31.0,False,True,0,5.0
105258,2025-01-24,West Midlands,Paid Search,42.0,False,False,1,4.1
105259,2024-01-02,,Referral,,False,True,1,5.0
105260,2024-09-05,South East,Paid Search,57.0,True,False,1,4.2
105261,2024-11-19,North East,Email,25.0,True,True,0,5.0
105262,2024-04-01,West Midlands,Email,45.0,True,False,0,4.1
105263,2023-12-06,North East,Referral,45.0,True,False,0,
105264,2024-04-05,East of England,Referral,49.0,True,True,1,2.7
105265,2023-09-11,North West,Email,44.0,True,False,0,4.7
105266,2024-03-15,Scotland,Organic,41.0,False,False,2,5.0
105267,2023-07-22,South East,Social,47.0,False,True,4,4.1
105268,2023-01-20,East of England,Referral,52.0,False,False,0,2.8
105269,2023-07-17,LONDON,Organic,64.0,True,True,1,4.7
105270,2023-06-25,East of England,Social,27.0,True,True,1,2.2
105271,2023-06-11,,Paid Search,18.0,False,True,1,2.3
105272,2025-01-04,South East,Social,,False,False,1,3.4
105273,2023-04-26,North West,Paid Search,18.0,True,False,0,2.6
105274,2024-01-27,London,Social,25.0,True,False,0,4.5
105275,2024-04-08,Wales,Organic,24.0,False,False,0,4.7
105276,2025-01-24,North East,Paid Search,36.0,True,False,1,
105277,2025-01-14,North East,Organic,52.0,True,True,1,5.0
105278,2023-10-08,South West,Email,49.0,True,False,1,3.5
105279,2024-12-07,North West,Referral,,True,False,1,5.0
105280,2024-01-07,South West,Paid Search,34.0,True,True,3,2.9
105281,2024-07-29,South West,Paid Search,67.0,True,False,0,4.0
105282,2023-02-26,North West,Email,49.0,True,True,0,3.3
105283,2024-08-21,Wales,Social,43.0,False,False,0,4.8
105284,2024-10-19,North East,Organic,43.0,False,False,2,3.8
105285,2022-12-19,West Midlands,Social,37.0,True,False,0,2.5
105286,2024-09-11,Yorkshire,Referral,67.0,True,True,0,4.7
105287,2024-04-27,Wales,Paid Search,39.0,True,True,0,4.0
105288,2024-05-21,North West,Organic,43.0,False,False,1,5.0
105289,2024-04-27,North East,Paid Search,20.0,True,True,1,2.8
105290,2023-05-04,West Midlands,Affiliate,33.0,False,True,3,3.8
105291,2025-01-22,,Email,34.0,False,False,2,2.5
105292,2024-04-28,North West,Social,47.0,False,False,5,3.3
105293,2025-01-24,South West,Affiliate,31.0,True,False,0,4.1
105294,2024-12-07,Yorkshire,Paid Search,42.0,False,True,2,
105295,2024-07-05,West Midlands,Email,33.0,True,False,1,4.4
105296,2023-03-28,Scotland,Email,27.0,False,False,2,
105297,2023-05-27,North West,Referral,26.0,False,False,0,4.1
105298,2023-10-19,East of England,Email,39.0,False,True,2,4.9
105299,2023-02-11,North East,Paid Search,42.0,False,True,0,
105300,2024-02-18,,Paid Search,38.0,False,False,0,4.5
105301,2024-04-05,North West,Paid Search,30.0,True,True,1,3.4
105302,2025-01-24,East of England,Referral,39.0,False,True,1,3.7
105303,2024-06-11,Scotland,Organic,37.0,True,False,1,
105304,2024-01-21,North East,Social,27.0,True,False,1,
105305,2024-05-03,North West,Paid Search,42.0,True,False,5,2.6
105306,2023-06-10,Yorkshire,Organic,65.0,True,True,4,3.8
105307,2024-08-25,Scotland,Organic,39.0,True,True,3,3.6
105308,2023-11-25,Wales,Social,22.0,True,True,2,4.0
105309,2024-05-14,South East,Organic,60.0,True,True,0,4.2
105310,2024-10-16,East of England,Paid Search,57.0,False,True,2,2.9
105311,2024-03-30,Wales,Paid Search,60.0,True,True,1,3.3
105312,2024-06-27,West Midlands,Affiliate,40.0,False,True,0,3.2
105313,2023-12-19,Yorkshire,Social,31.0,True,True,4,1.9
105314,2024-01-08,North West,Social,29.0,True,False,1,3.8
105315,2023-11-12,Scotland,Referral,56.0,False,False,2,3.9
105316,2023-08-10,North East,Social,62.0,False,False,3,4.4
105317,2023-10-03,West Midlands,Social,,True,False,1,3.5
105318,2023-05-05,North West,Social,18.0,True,False,0,2.4
105319,2024-09-26,Yorkshire,Paid Search,41.0,False,False,0,2.5
105320,2022-10-03,Scotland,Organic,29.0,False,False,1,3.4
105321,2023-06-14,South West,Referral,32.0,False,True,3,4.2
105322,2023-03-06,London,Organic,38.0,True,False,4,2.7
105323,2023-07-21,North East,Paid Search,46.0,True,True,0,3.3
105324,2023-03-27,South West,Referral,31.0,True,False,0,5.0
105325,2024-02-04,Wales,Paid Search,43.0,False,True,0,4.5
105326,2024-08-12,Scotland,Social,39.0,True,True,0,4.6
105327,2023-09-29,Scotland,Email,18.0,True,False,1,3.5
105328,2024-07-18,West Midlands,Organic,48.0,False,True,1,3.0
105329,2024-05-27,Wales,Paid Search,35.0,True,False,1,4.7
105330,2024-05-17,London,Organic,25.0,True,False,0,5.0
105331,2025-01-24,Yorkshire,Email,32.0,False,False,1,4.5
105332,2023-12-14,North West,Referral,44.0,False,True,0,3.9
105333,2024-08-24,East of England,Email,42.0,False,False,1,2.6
105334,2023-12-03,North East,Paid Search,49.0,True,True,1,3.3
105335,2025-01-24,East of England,Paid Search,47.0,False,True,2,4.6
105336,2025-01-24,LONDON,Social,26.0,False,False,0,4.6
105337,2024-12-22,West Midlands,Email,18.0,False,True,0,3.1
105338,2024-05-26,London,Paid Search,43.0,True,False,1,4.4
105339,2023-09-20,Scotland,Paid Search,49.0,False,False,2,3.1
105340,2023-09-08,South East,Paid Search,,True,False,0,4.8
105341,2023-06-15,East of England,Organic,50.0,True,False,3,
105342,2023-09-20,Yorkshire,Email,28.0,True,True,1,4.1
105343,2023-11-16,West Midlands,Affiliate,37.0,True,False,2,
105344,2024-03-19,Wales,Paid Search,29.0,False,False,1,4.7
105345,2022-12-23,SOUTH WEST,Social,50.0,True,True,0,4.1
105346,2024-04-24,East of England,Organic,29.0,True,False,1,
105347,2025-01-24,West Midlands,Organic,68.0,True,False,1,4.1
105348,2025-01-24,North West,Paid Search,34.0,False,True,1,3.2
105349,2024-03-16,Yorkshire,Organic,,False,False,1,4.3
105350,2024-04-11,South West,Paid Search,35.0,False,False,1,3.6
105351,2025-01-24,Wales,Email,58.0,False,False,1,3.0
105352,2023-08-16,South West,Social,58.0,False,True,0,4.5
105353,2024-10-12,London,Social,37.0,False,True,0,4.5
105354,2022-11-25,North East,Social,45.0,False,False,1,2.6
105355,2023-10-08,North West,Organic,58.0,True,True,1,3.4
105356,2023-03-23,London,Paid Search,45.0,True,True,0,3.4
105357,2024-08-07,Yorkshire,Paid Search,29.0,True,False,1,4.5
105358,2024-05-02,Scotland,Paid Search,42.0,False,False,0,
105359,2025-01-24,South East,Paid Search,31.0,False,True,0,5.0
105360,2024-08-08,North West,Affiliate,43.0,True,False,0,5.0
105361,2022-09-24,North West,Affiliate,31.0,False,True,0,4.7
105362,2023-09-14,Scotland,Email,46.0,False,False,0,5.0
105363,2023-01-17,South West,Social,18.0,True,False,0,4.5
105364,2024-03-14,East of England,Social,26.0,False,True,1,4.0
105365,2023-03-26,London,Social,31.0,True,False,3,4.6
105366,2024-09-28,South East,Social,39.0,True,False,2,3.9
105367,2025-01-24,East of England,Paid Search,21.0,False,False,1,3.5
105368,2024-10-21,Wales,Affiliate,30.0,True,True,1,4.9
105369,2023-10-28,LONDON,Email,51.0,False,False,1,3.9
105370,2023-11-29,West Midlands,Paid Search,53.0,False,False,0,4.8
105371,2023-03-14,South East,Social,18.0,True,True,3,2.5
105372,2022-12-16,Scotland,Email,33.0,True,False,0,3.4
105373,2023-07-17,West Midlands,Referral,58.0,True,False,1,2.7
105374,2024-11-07,South East,Organic,46.0,True,False,0,
105375,2024-03-07,North East,Organic,46.0,False,True,1,4.3
105376,2023-01-04,South West,Organic,48.0,False,True,1,2.7
105377,2025-01-24,Yorkshire,Organic,29.0,False,False,0,3.1
105378,2024-10-04,South West,Paid Search,44.0,True,False,1,3.3
105379,2025-01-24,,Paid Search,47.0,True,False,0,
105380,2024-03-01,North East,Organic,42.0,True,True,0,4.1
105381,2023-12-06,Scotland,Organic,36.0,False,True,0,5.0
105382,2024-11-29,West Midlands,Email,40.0,True,False,2,4.7
105383,2024-03-29,Yorkshire,Social,26.0,True,True,0,3.5
105384,2024-04-10,Yorkshire,Organic,49.0,True,True,2,4.0
105385,2025-01-24,East of England,Organic,22.0,False,False,1,3.5
105386,2022-12-16,Wales,Email,30.0,True,True,1,4.8
105387,2023-12-25,North West,Organic,50.0,True,False,0,4.5
105388,2023-03-26,,Social,45.0,False,False,0,3.5
105389,2023-03-30,South East,Paid Search,,False,True,0,
105390,2023-11-09,North West,Paid Search,19.0,True,False,1,
105391,2024-05-20,Scotland,Affiliate,40.0,False,False,1,4.0
105392,2024-02-03,Yorkshire,Paid Search,33.0,False,False,0,3.6
105393,2024-09-11,East of England,Organic,47.0,False,False,2,4.5
105394,2024-12-09,South East,Paid Search,34.0,False,True,2,5.0
105395,2023-10-26,WALES,Social,18.0,False,False,2,5.0
105396,2024-02-16,Yorkshire,Email,23.0,False,False,1,
105397,2023-06-20,Yorkshire,Email,35.0,True,True,3,4.2
105398,2024-11-08,South West,Referral,42.0,True,False,1,5.0
105399,2023-07-14,East of England,Organic,26.0,False,False,1,4.3
105400,2025-01-24,Scotland,Organic,31.0,True,True,0,5.0
105401,2023-10-15,Scotland,Affiliate,51.0,True,False,0,5.0
105402,2024-05-16,North West,Organic,55.0,True,True,1,3.2
105403,2023-06-29,Yorkshire,Referral,45.0,False,True,1,3.9
105404,2024-08-13,North West,Social,37.0,False,False,2,4.1
105405,2024-08-14,East of England,Paid Search,33.0,False,False,1,
105406,2023-02-16,Scotland,Affiliate,48.0,True,False,1,5.0
105407,2023-10-20,North West,Organic,37.0,False,False,2,4.3
105408,2023-07-20,Scotland,Social,53.0,True,False,2,2.5
105409,2024-08-22,North East,Paid Search,54.0,False,False,2,4.3
105410,2023-01-01,Yorkshire,Social,46.0,True,False,0,3.3
105411,2024-09-27,West Midlands,Social,35.0,True,True,1,4.0
105412,2023-08-05,Scotland,Paid Search,36.0,True,True,2,1.8
105413,2023-12-15,East of England,Affiliate,20.0,False,False,2,3.8
105414,2025-01-24,South East,Paid Search,40.0,False,False,0,4.8
105415,2024-11-10,Yorkshire,Organic,40.0,False,False,3,3.6
105416,2022-10-06,London,Paid Search,23.0,False,False,0,
105417,2024-01-19,Wales,Email,72.0,True,True,0,3.1
105418,2023-07-27,East of England,Organic,48.0,True,True,0,3.8
105419,2023-09-25,South East,Social,30.0,True,True,2,
105420,2023-10-24,Scotland,Email,68.0,False,False,2,
105421,2024-07-08,Wales,Email,35.0,True,True,0,3.8
105422,2025-01-24,North East,Affiliate,52.0,True,True,1,2.9
105423,2023-03-15,South East,Referral,42.0,False,False,1,4.0
105424,2023-09-12,North West,Organic,35.0,True,False,1,4.9
105425,2024-11-14,South East,Email,37.0,False,True,3,4.3
105426,2022-08-07,West Midlands,Paid Search,,True,True,1,3.8
105427,2025-01-24,WALES,Paid Search,52.0,True,False,1,1.8
105428,2024-01-16,South West,Organic,39.0,True,True,3,4.0
105429,2024-05-20,North West,Organic,18.0,False,True,2,4.1
105430,2023-04-27,West Midlands,Social,45.0,True,False,1,
105431,2025-01-24,East of England,Organic,25.0,True,False,3,4.2
105432,2023-09-09,Yorkshire,Social,48.0,True,False,1,
105433,2024-09-18,Scotland,Affiliate,32.0,False,False,0,3.8
105434,2024-10-16,Scotland,Paid Search,33.0,True,True,1,3.6
105435,2023-09-21,North East,Organic,33.0,False,False,1,2.7
105436,2023-12-10,Yorkshire,Paid Search,54.0,True,True,2,
105437,2023-11-16,South West,Paid Search,18.0,False,True,1,5.0
105438,2023-11-26,North East,Affiliate,51.0,True,True,1,
105439,2024-02-01,West Midlands,Paid Search,45.0,True,False,0,4.7
105440,2023-05-06,South West,Paid Search,40.0,False,False,1,
105441,2024-11-01,Wales,Organic,35.0,True,False,0,2.8
105442,2024-09-15,North West,Organic,47.0,False,False,3,3.6
105443,2024-12-03,North West,Social,35.0,False,True,3,4.8
105444,2024-03-25,,Affiliate,35.0,True,False,4,1.9
105445,2024-02-08,East of England,Email,42.0,False,True,1,5.0
105446,2024-08-15,South West,Organic,63.0,True,True,1,5.0
105447,2024-04-07,South West,Email,21.0,True,True,0,4.6
105448,2023-12-07,West Midlands,Referral,48.0,True,True,0,3.5
105449,2024-04-01,South West,Paid Search,39.0,False,False,2,
105450,2023-07-01,London,Email,38.0,True,False,0,3.4
105451,2023-09-05,East of England,Social,21.0,True,False,1,3.4
105452,2025-01-24,Scotland,Email,18.0,False,False,3,3.8
105453,2024-04-08,Wales,Paid Search,,True,True,1,2.4
105454,2022-12-12,North East,Email,24.0,True,False,1,3.5
105455,2023-05-13,Yorkshire,Email,54.0,True,True,0,3.0
105456,2022-10-23,East of England,Email,28.0,True,True,1,3.2
105457,2024-03-28,North East,Paid Search,48.0,True,False,4,3.3
105458,2023-09-17,West Midlands,Paid Search,34.0,True,False,0,4.3
105459,2022-12-26,South East,Email,33.0,False,False,0,
105460,2024-04-17,Yorkshire,Social,29.0,False,True,2,3.1
105461,2023-03-27,West Midlands,Affiliate,47.0,False,False,1,5.0
105462,2022-12-07,East of England,Organic,50.0,False,False,0,3.0
105463,2024-09-11,South West,Paid Search,37.0,False,True,2,3.3
105464,2023-02-17,Yorkshire,Email,49.0,True,True,0,4.8
105465,2025-01-24,WEST MIDLANDS,Email,41.0,True,False,1,2.5
105466,2025-01-24,Yorkshire,Social,,True,True,2,3.5
105467,2024-03-12,Scotland,Email,,True,True,1,
105468,2024-11-07,South East,Organic,37.0,False,True,0,3.6
105469,2024-03-15,,Paid Search,18.0,True,True,1,3.4
105470,2024-06-22,West Midlands,Paid Search,36.0,False,True,1,2.4
105471,2023-07-09,Yorkshire,Organic,19.0,True,False,1,4.5
105472,2023-07-03,North East,Social,25.0,False,False,0,3.5
105473,2023-08-30,South East,Paid Search,38.0,False,True,1,4.8
105474,2024-10-30,Scotland,Referral,40.0,True,False,1,3.6
105475,2023-07-08,South East,Paid Search,30.0,False,True,1,3.9
105476,2024-05-21,Scotland,Email,48.0,False,False,0,4.8
105477,2023-11-01,West Midlands,Social,40.0,True,False,0,
105478,2024-04-25,NORTH EAST,Paid Search,35.0,True,False,2,4.8
105479,2023-10-08,West Midlands,Social,42.0,False,True,0,4.0
105480,2023-06-25,East of England,Affiliate,57.0,False,False,0,4.0
105481,2023-10-01,South East,Affiliate,18.0,True,False,0,4.1
105482,2024-03-13,Scotland,Organic,58.0,False,True,1,
105483,2024-07-17,Wales,Social,33.0,True,True,3,
105484,2023-09-11,East of England,Paid Search,31.0,True,False,0,
105485,2023-03-25,North West,Organic,36.0,True,True,3,3.5
105486,2023-05-09,North East,Organic,29.0,True,True,0,3.4
105487,2023-03-05,Wales,Affiliate,27.0,True,True,0,3.5
105488,2023-09-01,Scotland,Social,52.0,False,False,1,4.3
105489,2023-12-16,North East,Paid Search,43.0,False,False,0,5.0
105490,2023-08-30,South East,Affiliate,18.0,False,False,0,4.0
105491,2024-08-27,West Midlands,Email,,True,False,3,
105492,2024-03-05,North East,Paid Search,48.0,False,True,1,4.2
105493,2023-07-13,North East,Email,22.0,False,True,1,2.3
105494,2023-11-17,Wales,Social,43.0,True,False,1,2.9
105495,2024-08-29,South East,Organic,49.0,True,True,2,5.0
105496,2022-10-20,North West,Paid Search,20.0,True,False,1,3.2
105497,2024-07-20,East of England,Paid Search,45.0,True,False,0,3.2
105498,2023-03-05,London,Paid Search,32.0,False,False,0,4.0
105499,2024-05-15,North East,Email,48.0,True,True,0,
105500,2023-05-20,NORTH EAST,Paid Search,29.0,True,True,1,4.2
105501,2023-08-23,Wales,Organic,55.0,False,False,0,4.2
105502,2023-02-16,North East,Affiliate,38.0,False,True,1,3.9
105503,2023-08-26,North West,Affiliate,33.0,True,True,1,4.8
105504,2023-07-20,Wales,Email,32.0,False,True,2,
105505,2023-03-01,North West,Email,52.0,True,False,1,4.3
105506,2023-07-27,South East,Affiliate,,True,False,1,4.9
105507,2024-09-16,North West,Email,55.0,True,False,0,3.8
105508,2024-11-20,South West,Organic,44.0,False,True,0,
105509,2024-05-04,North East,Paid Search,23.0,True,False,3,3.8
105510,2023-07-07,East of England,Paid Search,41.0,True,False,1,3.0
105511,2025-01-24,North West,Organic,42.0,False,True,1,2.3
105512,2024-01-28,EAST OF ENGLAND,Paid Search,23.0,False,False,2,3.5
105513,2024-08-14,YORKSHIRE,Organic,41.0,True,False,2,3.7
105514,2024-08-19,Yorkshire,Paid Search,48.0,True,False,0,5.0
105515,2023-09-21,West Midlands,Social,56.0,True,True,4,3.2
105516,2024-04-23,South East,Organic,,True,True,1,3.5
105517,2024-05-12,West Midlands,Paid Search,72.0,True,True,1,4.5
105518,2025-01-24,Wales,Social,41.0,False,False,1,3.6
105519,2024-09-07,Scotland,Paid Search,48.0,True,False,0,4.9
105520,2024-05-08,London,Organic,33.0,True,False,0,5.0
105521,2024-04-01,West Midlands,Paid Search,65.0,False,False,1,
105522,2024-01-28,Scotland,Email,29.0,True,False,1,2.4
105523,2024-03-27,Yorkshire,Referral,65.0,True,True,1,3.9
105524,2023-09-07,East of England,Paid Search,63.0,False,False,1,3.9
105525,2023-01-18,Scotland,Email,31.0,True,False,1,4.7
105526,2023-05-23,South East,Referral,54.0,False,False,0,4.4
105527,2024-06-09,SCOTLAND,Affiliate,47.0,True,False,0,3.6
105528,2023-05-03,London,Referral,36.0,True,True,3,4.5
105529,2024-06-06,Yorkshire,Social,39.0,True,False,0,3.9
105530,2024-02-25,Scotland,Paid Search,44.0,False,False,4,3.9
105531,2025-01-24,West Midlands,Paid Search,46.0,True,True,0,
105532,2024-01-02,East of England,Paid Search,60.0,False,False,0,5.0
105533,2024-08-31,South West,Organic,48.0,False,False,0,3.5
105534,2025-01-24,North West,Affiliate,31.0,True,False,0,4.6
105535,2025-01-24,Yorkshire,Paid Search,51.0,True,True,1,4.4
105536,2023-09-18,Yorkshire,Social,18.0,True,False,2,4.1
105537,2024-02-27,Yorkshire,Affiliate,36.0,False,False,2,4.8
105538,2023-10-04,Scotland,Paid Search,37.0,True,True,2,5.0
105539,2023-11-04,,Paid Search,50.0,True,False,0,2.9
105540,2024-01-13,South East,Paid Search,64.0,True,False,0,3.1
105541,2024-01-03,London,Paid Search,44.0,True,False,0,3.8
105542,2024-08-28,London,Organic,36.0,True,False,3,4.1
105543,2024-07-24,Wales,Organic,32.0,True,False,0,3.5
105544,2025-01-24,London,Social,52.0,False,False,1,3.1
105545,2023-10-17,Wales,Paid Search,38.0,True,True,1,3.9
105546,2022-10-17,Wales,Email,34.0,False,False,1,4.1
105547,2024-10-09,North West,Paid Search,53.0,True,False,0,3.8
105548,2024-06-02,Scotland,Organic,56.0,True,False,0,4.4
105549,2024-04-17,West Midlands,Paid Search,29.0,False,True,0,5.0
105550,2024-10-21,West Midlands,Email,22.0,False,False,0,4.1
105551,2023-10-31,West Midlands,Social,40.0,False,False,2,4.9
105552,2024-05-29,West Midlands,Paid Search,26.0,True,False,2,5.0
105553,2024-02-03,East of England,Social,24.0,False,False,1,5.0
105554,2024-09-18,Scotland,Organic,27.0,False,True,2,5.0
105555,2022-08-23,South East,Referral,55.0,False,False,0,3.1
105556,2024-08-22,West Midlands,Affiliate,49.0,False,False,0,4.8
105557,2024-03-05,North East,Paid Search,73.0,True,False,3,4.2
105558,2025-01-24,North East,Organic,33.0,False,False,0,4.4
105559,2024-07-24,London,Paid Search,58.0,True,True,0,4.4
105560,2023-07-04,Yorkshire,Email,47.0,True,False,1,4.3
105561,2024-04-06,North East,Paid Search,34.0,False,True,0,3.5
105562,2024-04-13,South East,Social,39.0,True,True,1,4.4
105563,2023-12-05,London,Referral,34.0,True,False,0,2.9
105564,2024-02-23,North West,Organic,44.0,True,False,2,2.5
105565,2023-12-06,West Midlands,Referral,54.0,True,True,1,
105566,2024-04-18,North East,Paid Search,36.0,False,False,0,4.5
105567,2023-09-16,North West,Referral,52.0,False,False,1,4.4
105568,2023-11-07,West Midlands,Email,58.0,False,True,1,5.0
105569,2023-10-25,North West,Organic,60.0,False,False,1,4.1
105570,2023-11-26,WEST MIDLANDS,Paid Search,26.0,True,False,0,4.0
105571,2023-02-10,North East,Social,40.0,False,False,2,5.0
105572,2024-01-14,London,Social,,True,False,1,4.2
105573,2023-08-08,Scotland,Paid Search,27.0,False,False,5,1.9
105574,2023-10-30,East of England,Affiliate,24.0,False,True,0,2.9
105575,2024-01-14,South East,Email,41.0,False,False,1,4.6
105576,2023-12-01,London,Affiliate,36.0,False,False,0,1.8
105577,2024-07-28,North East,Organic,39.0,True,True,1,4.2
105578,2023-02-20,North West,Organic,35.0,False,True,2,2.9
105579,2024-11-16,North West,Paid Search,69.0,True,True,0,5.0
105580,2024-03-11,West Midlands,Paid Search,35.0,True,False,2,2.9
105581,2024-01-06,London,Paid Search,49.0,True,True,0,4.9
105582,2024-01-19,South East,Paid Search,48.0,True,False,0,
105583,2025-01-24,London,Social,19.0,False,False,1,3.6
105584,2024-03-19,Yorkshire,Paid Search,60.0,True,False,2,5.0
105585,2023-03-05,Scotland,Paid Search,49.0,True,False,2,2.7
105586,2023-05-19,North West,Social,43.0,True,False,2,3.2
105587,2022-11-13,North East,Email,55.0,True,False,0,3.6
105588,2024-11-24,West Midlands,Email,40.0,True,False,2,3.1
105589,2024-11-24,London,Social,52.0,False,False,0,2.6
105590,2025-01-24,London,Paid Search,18.0,False,False,0,3.3
105591,2024-06-20,South West,Social,52.0,True,False,0,2.5
105592,2023-12-10,Yorkshire,Social,43.0,True,True,1,3.2
105593,2023-05-05,North West,Paid Search,44.0,True,False,0,3.2
105594,2024-11-13,North West,Paid Search,30.0,False,True,1,4.2
105595,2024-04-23,North West,Affiliate,38.0,True,False,0,2.8
105596,2023-06-18,Scotland,Paid Search,38.0,True,False,3,
105597,2023-11-18,South West,Paid Search,26.0,True,False,1,
105598,2024-02-17,East of England,Paid Search,46.0,True,False,3,
105599,2023-12-09,South West,Referral,61.0,True,False,2,3.8
105600,2024-04-29,London,Social,23.0,False,False,1,3.6
105601,2022-10-22,Yorkshire,Affiliate,47.0,True,True,1,4.0
105602,2023-03-30,,Referral,36.0,False,True,3,2.0
105603,2024-02-20,North West,Email,,True,False,4,
105604,2023-07-31,Yorkshire,Paid Search,42.0,True,False,1,5.0
105605,2023-08-30,LONDON,Organic,42.0,True,False,2,1.7
105606,2023-02-28,North East,Referral,43.0,True,True,2,4.5
105607,2024-02-16,South West,Affiliate,26.0,True,True,0,3.7
105608,2023-06-13,East of England,Referral,55.0,True,False,0,3.9
105609,2025-01-24,Yorkshire,Affiliate,42.0,False,True,1,3.9
105610,2022-10-11,East of England,Social,49.0,False,True,1,3.3
105611,2025-01-24,Scotland,Organic,57.0,False,False,0,3.9
105612,2023-05-25,North East,Social,18.0,True,True,1,5.0
105613,2024-03-16,North West,Organic,49.0,True,False,1,5.0
105614,2024-11-16,Wales,Paid Search,39.0,True,True,1,3.9
105615,2024-03-07,South West,Organic,54.0,True,False,0,2.5
105616,2023-10-06,Wales,Paid Search,31.0,True,False,0,3.8
105617,2025-01-09,London,Paid Search,53.0,True,True,0,
105618,2024-07-27,Scotland,Organic,27.0,False,False,0,5.0
105619,2023-09-13,East of England,Social,46.0,True,False,0,2.9
105620,2023-12-13,East of England,Social,45.0,True,False,2,2.3
105621,2023-01-27,East of England,Social,39.0,False,True,0,3.4
105622,2025-01-24,East of England,Email,28.0,False,False,0,4.6
105623,2022-11-19,North West,Organic,36.0,True,False,0,
105624,2023-04-16,Wales,Organic,53.0,True,True,1,3.8
105625,2023-12-24,Scotland,Social,60.0,True,True,1,4.7
105626,2025-01-24,North East,Paid Search,66.0,True,False,0,2.6
105627,2024-12-03,Yorkshire,Social,48.0,True,True,3,3.9
105628,2023-04-18,Yorkshire,Email,44.0,False,False,0,4.2
105629,2024-06-14,Yorkshire,Paid Search,47.0,False,False,0,4.6
105630,2024-08-30,Wales,Referral,66.0,False,False,0,3.6
105631,2023-05-09,North East,Paid Search,48.0,True,False,3,5.0
105632,2025-01-11,Yorkshire,Social,42.0,False,True,0,3.5
105633,2023-03-04,Yorkshire,Referral,37.0,True,True,1,4.7
105634,2023-07-28,London,Email,39.0,True,True,0,5.0
105635,2025-01-24,London,Social,46.0,True,False,0,1.7
105636,2022-12-19,South West,Social,31.0,True,False,0,
105637,2025-01-24,West Midlands,Paid Search,33.0,False,False,0,3.0
105638,2023-12-12,Scotland,Email,,True,False,0,3.6
105639,2024-05-10,East of England,Social,35.0,True,True,2,
105640,2024-08-23,North West,Paid Search,49.0,False,True,0,3.6
105641,2024-12-01,West Midlands,Paid Search,50.0,True,False,1,3.9
105642,2024-11-05,London,Affiliate,44.0,False,False,1,4.8
105643,2024-02-24,South West,Paid Search,47.0,False,False,1,4.1
105644,2024-04-29,Yorkshire,Referral,43.0,True,False,0,3.1
105645,2024-04-13,South East,Paid Search,18.0,True,False,2,5.0
105646,2023-12-13,Yorkshire,Organic,30.0,True,False,1,4.3
105647,2023-06-12,South East,Social,50.0,False,False,1,2.6
105648,2024-07-05,South West,Social,30.0,False,False,0,3.9
105649,2023-03-17,North West,Organic,52.0,False,False,1,4.3
105650,2023-08-12,North West,Organic,53.0,False,True,3,2.8
105651,2023-09-23,Wales,Organic,38.0,True,False,0,2.5
105652,2023-08-30,South West,Email,33.0,False,False,1,2.7
105653,2023-08-19,East of England,Organic,41.0,False,False,2,3.4
105654,2023-08-06,East of England,Social,40.0,True,True,2,4.3
105655,2023-12-09,Yorkshire,Organic,49.0,False,True,2,5.0
105656,2023-08-02,South East,Organic,18.0,False,True,4,1.9
105657,2025-01-15,West Midlands,Organic,31.0,False,False,1,3.5
105658,2024-06-16,North East,Paid Search,28.0,False,False,0,2.1
105659,2024-07-26,North East,Email,18.0,False,False,0,3.9
105660,2024-02-22,South West,Affiliate,35.0,False,False,2,5.0
105661,2022-12-25,Wales,Paid Search,22.0,True,True,2,4.9
105662,2024-04-28,Wales,Paid Search,36.0,False,False,1,
105663,2023-01-23,West Midlands,Affiliate,35.0,False,False,1,3.7
105664,2024-08-12,South West,Organic,,False,True,0,
105665,2025-01-24,South West,Organic,38.0,False,False,0,3.7
105666,2025-01-24,South East,Social,19.0,True,True,0,4.0
105667,2023-08-15,North East,Organic,,True,True,4,
105668,2024-08-24,Scotland,Organic,72.0,True,False,1,4.0
105669,2025-01-24,West Midlands,Referral,55.0,True,False,3,3.0
105670,2024-02-06,Scotland,Social,50.0,False,False,1,
105671,2023-10-06,West Midlands,Social,38.0,True,False,1,3.7
105672,2024-12-20,West Midlands,Paid Search,35.0,True,True,1,5.0
105673,2023-01-04,Yorkshire,Paid Search,34.0,False,True,0,
105674,2024-04-13,North East,Referral,44.0,False,False,0,3.8
105675,2024-02-01,Scotland,Referral,26.0,True,False,3,4.6
105676,2024-04-07,North West,Email,44.0,True,False,2,5.0
105677,2024-05-08,South West,Paid Search,32.0,False,True,1,3.3
105678,2025-01-03,,Email,19.0,True,True,2,5.0
105679,2023-08-16,Yorkshire,Paid Search,32.0,False,True,0,4.3
105680,2023-08-05,North West,Social,57.0,False,True,0,1.9
105681,2023-05-09,North West,Social,43.0,False,True,1,3.3
105682,2024-02-24,North West,Organic,18.0,True,False,0,3.4
105683,2024-01-21,West Midlands,Organic,32.0,False,False,1,5.0
105684,2023-10-06,North East,Email,53.0,True,False,1,4.2
105685,2022-10-19,East of England,Referral,37.0,False,True,0,4.1
105686,2022-09-28,East of England,Paid Search,48.0,True,True,1,3.9
105687,2024-01-26,London,Paid Search,36.0,True,False,3,5.0
105688,2024-12-03,London,Social,43.0,False,True,3,3.8
105689,2024-10-10,West Midlands,Paid Search,41.0,True,False,0,2.8
105690,2024-05-12,Wales,Paid Search,33.0,True,False,1,5.0
105691,2022-11-07,London,Paid Search,48.0,True,False,1,4.1
105692,2023-10-28,South West,Paid Search,61.0,False,True,0,5.0
105693,2023-08-06,Wales,Organic,46.0,True,True,3,2.8
105694,2024-02-01,North West,Affiliate,42.0,True,True,0,4.2
105695,2024-02-16,South East,Referral,30.0,True,False,1,5.0
105696,2023-09-28,South East,Social,53.0,False,True,0,3.5
105697,2023-10-14,London,Paid Search,34.0,False,True,3,
105698,2024-02-09,Wales,Social,,True,True,3,1.8
105699,2023-01-30,South West,Organic,51.0,True,True,1,4.7
105700,2024-10-12,East of England,Email,54.0,False,False,1,3.4
105701,2023-02-02,London,Organic,54.0,True,False,2,4.8
105702,2023-08-05,North East,Social,,False,False,1,3.0
105703,2024-12-13,East of England,Paid Search,25.0,True,False,2,4.9
105704,2025-01-24,Wales,Referral,30.0,True,True,2,3.9
105705,2024-01-30,West Midlands,Email,23.0,True,False,1,4.4
105706,2023-07-04,South East,Organic,22.0,False,False,2,3.3
105707,2025-01-24,Wales,Affiliate,61.0,True,True,4,3.9
105708,2023-06-10,London,Paid Search,28.0,True,False,0,3.4
105709,2024-05-23,South East,Paid Search,26.0,True,False,2,3.1
105710,2024-01-20,,Email,40.0,True,False,0,
105711,2024-10-15,London,Social,31.0,True,False,0,3.0
105712,2023-05-23,Yorkshire,Paid Search,70.0,True,False,1,
105713,2025-01-24,North West,Paid Search,37.0,False,False,2,3.1
105714,2023-08-31,North East,Paid Search,47.0,True,False,0,
105715,2023-10-20,North East,Paid Search,31.0,True,False,3,2.3
105716,2025-01-10,South East,Organic,19.0,False,False,1,5.0
105717,2023-07-23,Wales,Paid Search,32.0,False,True,1,3.8
105718,2023-03-24,London,Social,32.0,False,False,0,3.9
105719,2023-08-19,North West,Social,32.0,True,True,1,4.1
105720,2024-06-26,East of England,Email,20.0,True,True,1,5.0
105721,2023-07-16,North West,Affiliate,43.0,True,True,0,3.5
105722,2023-06-09,London,Paid Search,37.0,False,True,0,5.0
105723,2023-05-17,South East,Paid Search,21.0,False,False,1,2.5
105724,2024-10-23,East of England,Paid Search,42.0,False,False,0,3.9
105725,2023-03-28,North West,Organic,51.0,True,True,2,1.9
105726,2024-02-09,North West,Social,57.0,True,True,1,5.0
105727,2023-09-15,North West,Paid Search,,False,False,0,3.7
105728,2023-09-18,Wales,Email,31.0,False,True,0,3.5
105729,2024-06-18,Wales,Affiliate,23.0,False,False,0,3.3
105730,2024-08-21,Wales,Paid Search,33.0,False,False,3,3.8
105731,2024-05-17,London,Paid Search,,True,False,0,2.3
105732,2024-01-20,North West,Email,32.0,False,True,1,3.2
105733,2024-08-23,Wales,Email,35.0,True,True,0,1.7
105734,2023-05-08,Yorkshire,Paid Search,30.0,False,False,1,3.7
105735,2023-12-16,London,Social,,True,True,0,
105736,2023-09-06,North West,Paid Search,18.0,False,False,1,5.0
105737,2025-01-24,Wales,Social,34.0,True,False,1,3.0
105738,2023-09-02,Wales,Email,30.0,True,False,0,2.5
105739,2023-07-20,Scotland,Paid Search,19.0,False,False,0,4.6
105740,2024-07-27,South East,Paid Search,55.0,False,False,0,
105741,2024-06-06,London,Social,18.0,False,False,1,3.8
105742,2025-01-24,North West,Social,35.0,False,False,0,4.6
105743,2024-03-16,SOUTH WEST,Referral,40.0,True,False,2,3.7
105744,2024-03-27,Wales,Social,31.0,True,True,0,4.0
105745,2023-07-24,North West,Email,18.0,True,False,0,3.9
105746,2023-12-21,North East,Email,39.0,True,False,0,4.8
105747,2023-05-31,Wales,Social,,True,False,2,
105748,2024-03-12,North East,Paid Search,52.0,True,False,2,3.2
105749,2023-05-09,South West,Paid Search,48.0,False,True,2,3.6
105750,2023-08-06,Yorkshire,Social,66.0,True,False,0,3.5
105751,2024-02-14,North East,Paid Search,42.0,False,True,0,5.0
105752,2025-01-24,East of England,Paid Search,49.0,False,False,1,4.6
105753,2025-01-24,Wales,Paid Search,36.0,False,True,3,3.6
105754,2023-08-07,Scotland,Affiliate,63.0,False,True,2,
105755,2023-12-13,North West,Email,41.0,False,False,2,5.0
105756,2023-09-29,Yorkshire,Referral,40.0,False,True,1,3.5
105757,2024-04-01,Scotland,Affiliate,48.0,True,True,0,3.7
105758,2023-06-30,West Midlands,Email,33.0,True,True,1,2.8
105759,2023-06-28,East of England,Social,35.0,False,True,0,4.9
105760,2023-05-12,East of England,Organic,48.0,True,False,1,
105761,2023-10-16,West Midlands,Email,51.0,False,False,1,3.2
105762,2024-06-13,NORTH WEST,Referral,49.0,True,True,0,
105763,2023-05-30,Yorkshire,Referral,40.0,False,True,3,5.0
105764,2024-07-16,West Midlands,Organic,45.0,True,True,1,5.0
105765,2024-12-31,North West,Email,53.0,True,True,2,
105766,2023-05-24,North West,Organic,27.0,False,True,0,3.4
105767,2024-08-18,East of England,Organic,41.0,True,True,0,4.1
105768,2023-11-26,Scotland,Organic,18.0,True,False,0,3.9
105769,2023-10-06,West Midlands,Paid Search,,True,False,1,5.0
105770,2024-07-11,South East,Paid Search,31.0,True,True,0,5.0
105771,2022-10-04,London,Email,31.0,True,True,2,3.4
105772,2024-03-14,East of England,Paid Search,39.0,False,False,2,4.7
105773,2023-09-27,North East,Referral,49.0,True,False,0,5.0
105774,2023-12-04,West Midlands,Paid Search,72.0,True,False,1,4.4
105775,2023-03-18,WALES,Paid Search,21.0,False,False,1,
105776,2023-12-05,East of England,Organic,30.0,True,False,0,3.9
105777,2024-05-27,West Midlands,Paid Search,44.0,True,True,0,4.0
105778,2024-11-29,YORKSHIRE,Paid Search,32.0,False,True,0,
105779,2023-11-01,South East,Paid Search,52.0,False,False,0,4.0
105780,2023-02-12,West Midlands,Social,39.0,True,True,1,1.8
105781,2023-10-30,South West,Paid Search,53.0,True,False,1,1.4
105782,2023-10-05,Wales,Social,38.0,False,False,0,
105783,2024-05-13,NORTH WEST,Paid Search,48.0,False,False,1,3.0
105784,2023-09-01,North East,Paid Search,29.0,False,True,3,5.0
105785,2025-01-24,,Paid Search,66.0,True,True,0,3.5
105786,2023-03-12,North West,Paid Search,,False,False,0,3.5
105787,2024-12-05,South West,Email,32.0,False,False,3,3.6
105788,2025-01-24,Wales,Organic,23.0,True,False,1,2.3
105789,2024-06-15,North West,Social,51.0,False,True,0,3.9
105790,2025-01-24,South East,Referral,48.0,True,True,3,4.2
105791,2024-07-05,North West,Paid Search,25.0,True,False,0,3.5
105792,2023-11-27,South West,Referral,54.0,False,True,0,3.8
105793,2023-07-10,London,Email,32.0,True,False,0,4.8
105794,2024-10-01,North West,Email,46.0,False,True,0,3.7
105795,2023-06-21,West Midlands,Referral,49.0,False,True,0,5.0
105796,2024-04-08,London,Paid Search,38.0,False,False,0,4.2
105797,2023-09-03,Yorkshire,Social,53.0,True,True,1,4.1
105798,2024-02-17,Wales,Organic,,False,True,0,5.0
105799,2025-01-24,South East,Social,45.0,False,True,0,3.2
105800,2024-11-08,Wales,Paid Search,37.0,True,False,1,5.0
105801,2024-06-13,North East,Paid Search,18.0,False,True,2,5.0
105802,2025-01-24,Wales,Affiliate,39.0,True,False,1,5.0
105803,2025-01-20,SOUTH WEST,Organic,30.0,False,False,2,3.8
105804,2023-11-04,Scotland,Paid Search,59.0,False,True,0,1.5
105805,2024-10-17,North West,Paid Search,23.0,False,True,3,5.0
105806,2024-11-07,North East,Social,57.0,True,True,1,2.6
105807,2025-01-24,YORKSHIRE,Paid Search,39.0,False,False,1,5.0
105808,2023-05-08,Scotland,Paid Search,46.0,True,False,0,3.0
105809,2024-09-01,West Midlands,Affiliate,23.0,False,False,2,2.9
105810,2024-05-24,North West,Paid Search,37.0,False,False,1,4.1
105811,2023-03-03,West Midlands,Paid Search,32.0,False,True,0,3.9
105812,2025-01-24,SOUTH WEST,Social,68.0,False,True,2,5.0
105813,2024-11-15,Yorkshire,Paid Search,32.0,False,True,0,3.4
105814,2023-09-14,West Midlands,Paid Search,56.0,False,False,1,
105815,2024-04-25,South East,Social,,False,True,0,4.5
105816,2023-04-14,Scotland,Email,56.0,True,False,2,3.2
105817,2023-10-18,North West,Organic,33.0,False,False,0,4.5
105818,2023-12-03,WEST MIDLANDS,Email,64.0,False,True,1,3.9
105819,2024-06-26,South East,Email,67.0,False,False,2,5.0
105820,2025-01-24,North East,Social,46.0,True,False,2,3.8
105821,2025-01-24,South East,Social,35.0,True,False,1,5.0
105822,2025-01-02,South East,Email,30.0,True,False,2,
105823,2023-12-28,East of England,Paid Search,47.0,False,False,1,2.9
105824,2023-07-27,West Midlands,Social,42.0,True,True,0,
105825,2023-04-16,North East,Paid Search,43.0,False,False,1,5.0
105826,2025-01-24,Scotland,Paid Search,23.0,True,False,1,4.0
105827,2023-07-14,East of England,Affiliate,41.0,False,False,1,3.9
105828,2024-07-01,Wales,Paid Search,56.0,True,False,0,4.2
105829,2024-08-02,North East,Organic,52.0,False,False,1,4.0
105830,2024-07-10,Wales,Paid Search,36.0,False,False,2,4.1
105831,2023-04-29,Yorkshire,Social,40.0,False,False,1,2.5
105832,2024-03-06,Wales,Referral,22.0,True,False,2,4.8
105833,2023-10-07,North West,Organic,32.0,False,False,0,4.2
105834,2025-01-24,Wales,Referral,37.0,False,True,0,4.6
105835,2022-10-01,Wales,Organic,49.0,True,True,3,3.5
105836,2023-07-26,West Midlands,Referral,32.0,True,True,2,3.2
105837,2024-04-07,,Referral,28.0,False,False,1,2.7
105838,2025-01-24,East of England,Paid Search,51.0,False,True,2,5.0
105839,2024-02-16,South East,Referral,36.0,False,False,0,3.9
105840,2023-08-07,London,Paid Search,30.0,False,True,1,1.8
105841,2024-02-23,North East,Organic,52.0,True,False,0,3.7
105842,2023-08-02,Yorkshire,Paid Search,47.0,True,True,1,4.4
105843,2024-03-31,East of England,Organic,38.0,False,False,1,5.0
105844,2023-09-28,Wales,Affiliate,36.0,True,False,0,2.7
105845,2023-06-17,North East,Email,46.0,False,False,2,4.4
105846,2024-01-05,North East,Social,48.0,False,True,0,3.8
105847,2023-11-28,South East,Affiliate,44.0,True,False,1,3.6
105848,2022-08-07,West Midlands,Organic,43.0,True,False,1,4.8
105849,2024-09-04,South West,Paid Search,,True,False,2,4.3
105850,2023-08-11,London,Referral,34.0,True,True,3,2.7
105851,2022-06-10,North West,Paid Search,39.0,True,False,2,4.2
105852,2022-10-26,YORKSHIRE,Email,29.0,True,False,0,
105853,2023-07-14,West Midlands,Paid Search,,True,False,0,2.7
105854,2023-03-26,South East,Organic,40.0,True,True,0,
105855,2024-07-24,WALES,Organic,54.0,False,False,0,3.9
105856,2023-11-21,Scotland,Organic,18.0,False,False,1,4.4
105857,2025-01-24,Scotland,Paid Search,36.0,True,False,1,3.7
105858,2024-01-26,East of England,Paid Search,45.0,False,False,2,
105859,2024-01-06,,Paid Search,55.0,False,True,0,
105860,2024-07-05,Scotland,Email,64.0,False,True,0,4.2
105861,2023-06-27,Wales,Organic,38.0,False,True,1,3.5
105862,2025-01-12,North West,Paid Search,67.0,False,False,2,3.8
105863,2025-01-24,Wales,Paid Search,47.0,True,False,0,2.3
105864,2024-04-22,Wales,Paid Search,52.0,False,False,1,5.0
105865,2023-09-16,London,Organic,27.0,False,False,1,2.7
105866,2025-01-24,South West,Organic,47.0,True,False,1,4.4
105867,2025-01-24,South East,Paid Search,53.0,False,False,1,3.5
105868,2022-12-15,Scotland,Affiliate,32.0,True,False,0,3.8
105869,2024-01-28,North East,Paid Search,18.0,False,True,1,4.5
105870,2023-08-26,South East,Organic,43.0,False,True,1,
105871,2023-06-03,Yorkshire,Email,38.0,False,True,1,2.8
105872,2024-01-22,South West,Organic,58.0,True,False,0,3.6
105873,2024-01-03,Scotland,Paid Search,34.0,True,False,2,4.3
105874,2024-02-27,London,Organic,32.0,False,False,0,4.0
105875,2024-12-13,London,Social,26.0,True,True,1,4.8
105876,2024-12-24,Yorkshire,Referral,33.0,False,False,0,5.0
105877,2024-05-02,London,Organic,76.0,True,False,0,3.4
105878,2025-01-24,London,Referral,20.0,False,False,1,3.2
105879,2023-10-19,North East,Social,24.0,True,True,1,
105880,2023-06-04,YORKSHIRE,Email,40.0,False,False,2,
105881,2023-09-07,Scotland,Paid Search,67.0,False,True,4,4.4
105882,2024-07-20,South East,Referral,51.0,False,False,0,4.0
105883,2023-09-07,South West,Paid Search,61.0,True,True,2,3.1
105884,2023-12-20,Yorkshire,Organic,36.0,False,False,2,4.6
105885,2023-06-18,,Social,23.0,True,False,0,3.6
105886,2024-02-26,South West,Affiliate,35.0,False,True,0,5.0
105887,2023-01-01,North West,Organic,39.0,True,False,4,3.7
105888,2025-01-24,Yorkshire,Paid Search,41.0,True,False,3,3.3
105889,2024-04-24,Yorkshire,Affiliate,38.0,False,False,0,5.0
105890,2023-05-14,North West,Email,49.0,True,False,1,3.2
105891,2024-05-24,Wales,Social,32.0,True,False,1,3.0
105892,2024-12-21,South West,Organic,29.0,True,True,2,3.9
105893,2025-01-24,North West,Organic,25.0,True,True,0,5.0
105894,2023-11-05,South East,Affiliate,44.0,False,True,0,4.2
105895,2024-06-25,West Midlands,Paid Search,42.0,False,True,0,3.2
105896,2022-10-16,Scotland,Email,55.0,False,False,1,4.9
105897,2024-02-11,YORKSHIRE,Social,61.0,False,True,1,4.6
105898,2025-01-18,SCOTLAND,Affiliate,25.0,True,False,1,
105899,2024-01-24,London,Social,41.0,False,False,0,2.5
105900,2025-01-24,East of England,Organic,38.0,True,True,1,3.1
105901,2022-10-03,West Midlands,Email,21.0,True,True,0,2.6
105902,2023-03-08,WEST MIDLANDS,Affiliate,34.0,True,False,0,3.7
105903,2024-11-18,Yorkshire,Referral,61.0,True,False,1,5.0
105904,2024-02-25,Wales,Organic,33.0,False,False,1,
105905,2023-08-01,LONDON,Organic,31.0,True,False,1,2.1
105906,2024-10-25,NORTH EAST,Email,40.0,True,False,0,2.5
105907,2024-01-05,East of England,Social,53.0,False,False,1,4.7
105908,2024-01-11,Yorkshire,Paid Search,37.0,False,False,3,5.0
105909,2023-12-25,London,Paid Search,43.0,True,False,0,4.2
105910,2023-04-09,South West,Paid Search,18.0,True,True,0,3.6
105911,2023-08-07,South West,Paid Search,48.0,False,True,2,4.0
105912,2024-02-26,Yorkshire,Organic,44.0,False,True,0,3.8
105913,2023-12-31,Wales,Affiliate,53.0,True,True,0,4.6
105914,2023-07-01,Wales,Social,18.0,True,True,0,3.2
105915,2024-02-27,Wales,Paid Search,37.0,True,True,2,4.6
105916,2025-01-24,West Midlands,Social,54.0,True,False,4,3.7
105917,2024-10-06,East of England,Organic,34.0,False,True,1,
105918,2023-05-19,London,Email,42.0,False,False,2,2.7
105919,2023-09-07,Yorkshire,Referral,36.0,False,False,1,2.1
105920,2023-10-03,South East,Paid Search,36.0,True,False,0,4.7
105921,2023-09-10,West Midlands,Affiliate,56.0,False,False,0,3.9
105922,2024-08-04,East of England,Paid Search,22.0,True,False,2,3.9
105923,2024-10-14,Scotland,Email,40.0,False,True,2,5.0
105924,2024-04-28,Wales,Referral,44.0,False,False,0,4.1
105925,2024-01-27,London,Email,53.0,False,False,1,3.3
105926,2024-03-17,North East,Paid Search,39.0,True,False,3,
105927,2024-12-31,South West,Paid Search,54.0,True,True,1,3.7
105928,2023-04-03,Scotland,Paid Search,40.0,True,False,3,3.6
105929,2024-04-04,London,Paid Search,43.0,True,True,0,2.7
105930,2023-09-23,London,Paid Search,42.0,True,False,1,4.2
105931,2024-05-09,Scotland,Paid Search,,True,True,0,
105932,2022-09-19,Yorkshire,Social,48.0,True,False,0,3.8
105933,2024-04-07,Yorkshire,Paid Search,27.0,False,False,1,4.0
105934,2023-11-25,North West,Organic,44.0,True,True,0,2.7
105935,2024-03-15,East of England,Email,48.0,False,True,0,3.5
105936,2024-09-20,East of England,Paid Search,60.0,True,False,1,4.4
105937,2024-07-10,West Midlands,Social,28.0,False,False,0,3.9
105938,2024-01-25,West Midlands,Email,48.0,False,True,1,3.5
105939,2024-11-17,Scotland,Social,36.0,False,False,0,3.7
105940,2025-01-24,South West,Organic,43.0,True,False,0,
105941,2024-07-18,Yorkshire,Email,27.0,True,False,0,5.0
105942,2023-06-08,South East,Social,,True,True,2,3.8
105943,2024-08-19,North East,Social,45.0,False,False,0,3.2
105944,2022-10-15,North West,Email,,True,False,1,5.0
105945,2024-06-03,East of England,Referral,60.0,False,True,3,4.9
105946,2022-10-04,LONDON,Organic,21.0,True,True,0,3.9
105947,2024-12-10,North West,Organic,48.0,True,True,0,3.4
105948,2023-06-25,Yorkshire,Email,18.0,True,True,2,5.0
105949,2024-04-06,Wales,Social,38.0,True,False,0,3.2
105950,2024-12-11,Yorkshire,Email,47.0,True,True,1,4.0
105951,2023-11-06,London,Paid Search,50.0,True,False,0,4.6
105952,2024-06-25,North East,Paid Search,40.0,True,False,1,4.2
105953,2023-07-29,North West,Social,38.0,True,True,0,3.1
105954,2024-12-24,West Midlands,Email,48.0,False,False,2,3.6
105955,2023-06-20,South East,Organic,53.0,True,True,2,4.0
105956,2024-07-09,East of England,Affiliate,59.0,True,False,0,2.9
105957,2022-08-12,Scotland,Email,,True,True,0,
105958,2025-01-24,North West,Email,,False,False,2,5.0
105959,2024-05-23,East of England,Referral,18.0,True,False,2,5.0
105960,2022-09-27,South East,Paid Search,23.0,False,False,0,
105961,2023-12-22,Yorkshire,Organic,32.0,True,True,1,3.9
105962,2024-04-18,East of England,Paid Search,52.0,True,False,3,
105963,2024-07-26,Wales,Organic,35.0,True,False,0,2.1
105964,2025-01-24,East of England,Paid Search,37.0,True,False,0,4.4
105965,2023-09-22,YORKSHIRE,Email,45.0,True,False,0,4.2
105966,2025-01-24,London,Email,32.0,True,False,2,4.9
105967,2024-03-15,North West,Paid Search,18.0,False,False,0,4.9
105968,2024-06-21,Yorkshire,Organic,31.0,False,False,0,4.5
105969,2024-11-21,Yorkshire,Social,39.0,False,False,3,4.6
105970,2023-07-15,Yorkshire,Email,47.0,False,False,1,3.1
105971,2023-07-15,South West,Affiliate,38.0,True,False,2,4.1
105972,2024-08-09,North East,Paid Search,47.0,False,False,0,2.7
105973,2022-03-14,Yorkshire,Paid Search,53.0,True,False,2,
105974,2023-10-07,,Referral,56.0,False,False,1,4.7
105975,2024-01-12,Scotland,Paid Search,43.0,False,False,0,4.5
105976,2025-01-24,North West,Email,26.0,False,True,0,4.2
105977,2024-01-27,Yorkshire,Paid Search,25.0,True,False,0,4.0
105978,2023-11-25,Yorkshire,Organic,26.0,True,False,0,4.0
105979,2024-06-20,Yorkshire,Social,,False,False,0,4.1
105980,2024-01-25,Yorkshire,Email,42.0,True,False,0,4.1
105981,2023-09-26,West Midlands,Paid Search,66.0,True,False,0,4.6
105982,2024-05-29,South East,Referral,44.0,True,True,1,5.0
105983,2023-11-01,Wales,Referral,40.0,False,False,2,
105984,2024-09-26,Scotland,Email,54.0,True,True,0,3.6
105985,2023-09-20,NORTH WEST,Affiliate,30.0,False,True,1,3.4
105986,2023-12-09,North East,Referral,55.0,False,False,0,3.5
105987,2023-01-13,London,Email,54.0,False,True,3,3.4
105988,2023-10-22,West Midlands,Social,42.0,True,True,1,1.6
105989,2024-06-09,South West,Email,68.0,True,True,0,4.1
105990,2023-12-27,Scotland,Affiliate,55.0,False,True,1,3.6
105991,2025-01-24,Wales,Social,42.0,True,True,2,4.0
105992,2023-01-27,West Midlands,Paid Search,39.0,True,True,1,2.7
105993,2022-06-08,East of England,Paid Search,,False,True,1,3.2
105994,2024-07-18,Scotland,Email,39.0,False,False,1,
105995,2024-02-04,Scotland,Affiliate,40.0,False,False,0,
105996,2024-02-27,Scotland,Paid Search,37.0,False,True,3,5.0
105997,2024-06-05,North East,Affiliate,38.0,True,False,3,2.9
105998,2022-06-17,South West,Paid Search,25.0,False,False,3,5.0
105999,2024-03-04,West Midlands,Organic,34.0,False,True,1,2.8
106000,2024-05-19,Scotland,Referral,20.0,True,True,4,3.2
106001,2023-02-16,SCOTLAND,Affiliate,46.0,True,True,2,
106002,2023-12-15,SOUTH WEST,Social,42.0,True,False,1,3.6
106003,2023-12-12,Yorkshire,Affiliate,39.0,False,False,0,1.0
106004,2023-12-06,Yorkshire,Referral,53.0,True,False,0,4.9
106005,2024-08-28,Scotland,Referral,30.0,True,False,1,
106006,2023-09-13,West Midlands,Referral,32.0,True,True,0,4.3
106007,2022-12-08,Yorkshire,Organic,22.0,False,True,3,4.8
106008,2025-01-09,Wales,Paid Search,54.0,True,False,1,3.5
106009,2023-06-05,North East,Paid Search,49.0,True,True,0,3.5
106010,2024-05-01,London,Paid Search,58.0,False,False,1,3.2
106011,2025-01-24,North West,Paid Search,62.0,False,True,0,4.7
106012,2023-08-11,East of England,Paid Search,35.0,True,False,1,4.3
106013,2023-04-09,South East,Paid Search,32.0,True,False,1,2.9
106014,2023-03-30,East of England,Social,18.0,True,True,1,5.0
106015,2023-12-12,Scotland,Paid Search,27.0,True,False,1,
106016,2023-11-17,South East,Organic,37.0,True,False,0,3.8
106017,2024-06-02,Yorkshire,Paid Search,18.0,True,False,1,4.6
106018,2025-01-24,YORKSHIRE,Paid Search,27.0,True,False,1,4.9
106019,2023-06-20,South West,Social,40.0,False,False,2,2.3
106020,2023-09-27,Wales,Referral,53.0,True,False,0,4.0
106021,2024-05-12,North East,Email,32.0,False,True,2,3.2
106022,2023-05-08,Scotland,Email,,True,False,0,3.8
106023,2023-08-15,East of England,Affiliate,65.0,True,True,1,2.6
106024,2024-12-07,South West,Email,18.0,False,False,2,4.2
106025,2023-09-22,North East,Paid Search,55.0,False,False,3,1.9
106026,2024-06-09,East of England,Paid Search,46.0,True,True,0,3.2
106027,2024-02-08,North West,Social,57.0,False,True,0,2.5
106028,2023-11-23,West Midlands,Social,54.0,False,False,0,4.0
106029,2023-07-07,North West,Referral,,True,False,0,4.1
106030,2024-02-25,South East,Paid Search,41.0,False,False,0,
106031,2024-04-19,West Midlands,Affiliate,22.0,True,True,2,3.6
106032,2023-11-26,Scotland,Social,34.0,True,True,0,3.8
106033,2023-07-29,South West,Affiliate,41.0,True,True,0,3.8
106034,2023-03-11,North West,Social,45.0,True,False,1,3.5
106035,2023-04-22,South East,Paid Search,51.0,True,False,1,1.8
106036,2023-10-15,South East,Organic,62.0,True,False,0,3.3
106037,2025-01-24,South East,Paid Search,35.0,True,False,3,4.4
106038,2024-04-08,,Paid Search,56.0,True,True,1,4.4
106039,2024-07-02,Scotland,Referral,44.0,False,False,2,5.0
106040,2024-09-17,West Midlands,Organic,24.0,False,False,1,4.2
106041,2023-08-05,WEST MIDLANDS,Paid Search,39.0,False,True,1,4.8
106042,2024-07-09,Scotland,Organic,43.0,False,False,0,4.9
106043,2023-07-28,East of England,Social,30.0,False,False,4,2.5
106044,2023-10-11,London,Paid Search,27.0,True,True,1,4.7
106045,2025-01-03,Wales,Paid Search,27.0,True,False,0,2.3
106046,2024-05-31,West Midlands,Referral,34.0,False,True,1,3.3
106047,2024-05-06,South East,Paid Search,30.0,True,False,0,4.6
106048,2024-02-23,South East,Affiliate,57.0,True,True,0,3.0
106049,2024-10-12,Yorkshire,Paid Search,18.0,False,True,1,5.0
106050,2023-08-20,Yorkshire,Social,42.0,True,False,1,4.9
106051,2024-01-24,London,Social,48.0,True,False,1,4.4
106052,2024-06-03,Scotland,Paid Search,28.0,False,True,4,4.3
106053,2024-02-24,North West,Social,38.0,False,True,1,3.8
106054,2023-11-22,North East,Organic,37.0,False,False,1,4.2
106055,2023-11-28,West Midlands,Organic,40.0,False,False,2,4.9
106056,2023-04-05,NORTH EAST,Referral,50.0,True,False,0,5.0
106057,2023-05-17,Yorkshire,Affiliate,48.0,False,False,0,4.1
106058,2024-09-19,North East,Paid Search,33.0,True,True,1,2.8
106059,2023-09-27,YORKSHIRE,Email,21.0,False,False,1,3.0
106060,2024-05-10,South East,Paid Search,43.0,True,True,1,4.2
106061,2024-04-12,East of England,Paid Search,32.0,True,False,1,4.7
106062,2022-12-09,Scotland,Paid Search,34.0,False,True,2,4.4
106063,2023-08-28,Wales,Social,44.0,False,True,2,5.0
106064,2023-10-23,West Midlands,Email,35.0,True,True,1,3.4
106065,2023-07-02,South East,Social,45.0,True,False,1,2.6
106066,2024-02-13,South East,Affiliate,74.0,True,True,2,4.9
106067,2023-09-11,South West,Email,50.0,False,False,2,3.2
106068,2024-02-21,North West,Paid Search,58.0,False,True,3,3.1
106069,2023-10-21,East of England,Paid Search,48.0,True,True,0,4.1
106070,2023-01-17,South East,Social,42.0,False,False,0,3.9
106071,2023-05-19,London,Organic,48.0,True,False,1,4.2
106072,2022-12-03,South West,Paid Search,47.0,False,True,2,1.6
106073,2023-02-15,West Midlands,Paid Search,52.0,False,True,3,3.9
106074,2024-08-31,Yorkshire,Organic,42.0,False,False,0,3.3
106075,2024-02-02,London,Social,24.0,True,False,2,5.0
106076,2022-09-08,South East,Social,22.0,False,False,1,
106077,2023-11-01,London,Email,47.0,False,False,0,
106078,2023-12-05,North West,Affiliate,26.0,True,True,1,4.0
106079,2023-09-10,North West,Referral,50.0,False,False,1,3.4
106080,2023-03-04,West Midlands,Organic,,False,False,1,4.7
106081,2024-01-10,North West,Social,38.0,False,False,0,3.8
106082,2024-08-20,Scotland,Paid Search,57.0,False,False,2,4.1
106083,2022-11-04,North East,Affiliate,44.0,False,True,0,5.0
106084,2023-07-10,London,Social,41.0,True,False,0,4.9
106085,2024-12-22,Wales,Paid Search,42.0,True,False,0,4.8
106086,2023-09-26,Scotland,Email,30.0,True,False,1,4.8
106087,2024-04-16,Yorkshire,Organic,29.0,False,False,1,
106088,2024-08-29,East of England,Affiliate,20.0,True,False,0,4.5
106089,2025-01-24,South West,Paid Search,31.0,True,True,3,4.1
106090,2023-02-07,North East,Organic,69.0,True,True,1,4.6
106091,2023-04-06,North East,Affiliate,22.0,False,True,1,3.5
106092,2024-08-09,London,Organic,26.0,False,True,1,4.8
106093,2024-11-01,Scotland,Organic,31.0,True,False,0,4.9
106094,2023-09-08,Yorkshire,Social,31.0,True,True,3,2.9
106095,2023-09-19,Yorkshire,Social,45.0,False,True,1,3.9
106096,2023-10-20,North East,Paid Search,,True,True,1,4.3
106097,2024-08-04,East of England,Paid Search,38.0,False,False,0,
106098,2024-11-07,Scotland,Organic,30.0,False,False,0,3.1
106099,2023-07-28,North East,Paid Search,35.0,False,True,0,3.8
106100,2024-02-06,South West,Organic,40.0,True,False,0,4.1
106101,2022-11-23,South West,Organic,39.0,False,False,0,4.6
106102,2024-10-24,East of England,Email,67.0,False,False,2,4.5
106103,2024-12-12,London,Social,41.0,True,False,1,4.0
106104,2023-11-03,North East,Organic,38.0,False,True,0,4.5
106105,2023-03-18,,Paid Search,18.0,False,False,1,2.7
106106,2023-11-02,SOUTH EAST,Organic,44.0,True,True,0,1.8
106107,2022-04-03,North West,Paid Search,18.0,True,True,1,3.8
106108,2024-04-11,West Midlands,Affiliate,48.0,True,True,1,4.2
106109,2024-02-24,North West,Paid Search,43.0,True,True,1,3.5
106110,2023-02-12,East of England,Referral,51.0,True,True,0,2.7
106111,2024-02-04,Yorkshire,Social,33.0,True,True,0,
106112,2023-03-09,North West,Email,41.0,False,True,0,2.9
106113,2023-11-05,,Referral,50.0,False,False,1,2.0
106114,2023-11-17,North West,Email,29.0,False,False,0,4.1
106115,2024-11-03,South East,Social,49.0,False,True,0,5.0
106116,2023-10-13,North East,Paid Search,48.0,False,False,2,
106117,2023-06-30,West Midlands,Social,39.0,True,True,0,5.0
106118,2023-09-23,North West,Paid Search,62.0,True,False,1,1.0
106119,2023-01-11,South West,Organic,48.0,False,True,0,4.2
106120,2023-03-19,South West,Referral,,False,False,0,4.5
106121,2024-09-01,South East,Social,54.0,True,True,2,
106122,2024-04-04,London,Paid Search,32.0,False,True,1,3.2
106123,2023-07-30,Wales,Referral,51.0,False,False,1,3.7
106124,2023-06-05,Yorkshire,Paid Search,45.0,False,False,1,4.8
106125,2024-03-02,Scotland,Referral,18.0,False,False,2,2.9
106126,2023-10-04,Scotland,Email,49.0,False,True,0,3.3
106127,2023-01-24,Yorkshire,Paid Search,38.0,False,False,1,2.8
106128,2025-01-18,East of England,Paid Search,35.0,True,False,0,4.5
106129,2023-03-16,London,Affiliate,36.0,False,False,0,3.4
106130,2023-08-13,North West,Paid Search,,False,True,2,3.9
106131,2025-01-24,North East,Affiliate,29.0,True,False,1,4.4
106132,2024-10-28,South East,Organic,55.0,False,False,1,3.6
106133,2023-08-05,North East,Organic,21.0,True,False,0,2.7
106134,2023-08-26,Scotland,Social,45.0,False,True,0,4.5
106135,2023-07-17,South East,Organic,51.0,False,True,3,4.5
106136,2023-09-18,Yorkshire,Organic,51.0,True,False,1,4.6
106137,2024-06-13,East of England,Social,43.0,False,False,2,4.3
106138,2024-10-27,West Midlands,Organic,38.0,True,True,1,4.1
106139,2023-09-23,South West,Paid Search,34.0,False,False,1,4.3
106140,2023-08-04,London,Referral,25.0,False,True,2,3.8
106141,2023-05-12,South East,Social,32.0,True,False,0,4.0
106142,2023-09-30,East of England,Email,29.0,False,True,0,3.5
106143,2023-11-14,Yorkshire,Social,26.0,True,False,0,4.2
106144,2025-01-02,East of England,Social,64.0,True,False,0,4.3
106145,2024-09-10,Wales,Paid Search,,False,False,0,3.9
106146,2024-11-10,North East,Affiliate,56.0,True,True,0,3.2
106147,2023-08-11,Yorkshire,Organic,25.0,True,True,0,2.7
106148,2022-09-22,Yorkshire,Affiliate,28.0,False,False,2,2.7
106149,2025-01-15,North East,Email,27.0,True,False,0,3.4
106150,2025-01-24,North East,Email,27.0,True,False,2,3.6
106151,2025-01-24,London,Organic,53.0,False,False,1,3.6
106152,2024-04-10,Yorkshire,Paid Search,,True,False,1,5.0
106153,2022-11-04,North East,Organic,38.0,True,False,0,3.6
106154,2023-11-22,London,Social,76.0,True,False,1,2.8
106155,2022-11-03,North East,Organic,41.0,True,False,0,4.0
106156,2024-05-20,SOUTH WEST,Paid Search,42.0,False,False,2,3.7
106157,2023-05-23,South East,Social,32.0,True,False,0,5.0
106158,2023-01-17,East of England,Paid Search,31.0,False,False,1,4.3
106159,2023-10-21,Scotland,Organic,34.0,True,False,5,4.0
106160,2025-01-24,West Midlands,Social,52.0,True,False,0,4.0
106161,2024-08-06,East of England,Paid Search,48.0,False,False,1,4.2
106162,2024-02-27,South West,Paid Search,58.0,True,False,2,
106163,2024-03-29,Wales,Paid Search,32.0,False,False,2,
106164,2023-12-16,Scotland,Social,49.0,True,True,0,2.4
106165,2024-02-15,South East,Affiliate,45.0,False,False,0,3.6
106166,2024-02-15,Wales,Paid Search,47.0,True,True,0,4.3
106167,2024-05-09,West Midlands,Email,30.0,True,True,1,4.3
106168,2024-05-05,South West,Paid Search,27.0,False,True,1,4.2
106169,2024-11-14,South West,Social,48.0,True,False,0,3.4
106170,2023-10-20,London,Paid Search,52.0,False,False,1,5.0
106171,2024-03-29,Scotland,Referral,33.0,False,False,3,3.9
106172,2023-09-22,London,Email,49.0,False,False,0,4.2
106173,2024-11-18,East of England,Email,,True,False,2,5.0
106174,2023-03-12,South West,Paid Search,36.0,False,False,1,3.2
106175,2023-08-04,Yorkshire,Referral,22.0,True,True,1,
106176,2024-09-19,West Midlands,Paid Search,24.0,True,True,0,5.0
106177,2024-04-22,North East,Social,32.0,True,True,0,4.4
106178,2023-09-14,London,Email,35.0,True,False,1,4.7
106179,2024-04-29,South East,Social,41.0,True,False,1,3.7
106180,2023-08-01,West Midlands,Email,41.0,False,False,1,3.6
106181,2024-07-19,North East,Email,37.0,True,False,1,3.0
106182,2025-01-20,Wales,Email,50.0,True,False,0,5.0
106183,2024-09-18,Yorkshire,Organic,31.0,True,False,2,
106184,2023-11-07,North East,Organic,57.0,False,True,2,2.8
106185,2024-12-10,North East,Social,53.0,False,False,0,
106186,2025-01-24,,Social,52.0,True,False,0,3.4
106187,2024-04-25,South East,Email,32.0,False,True,1,4.6
106188,2024-06-28,Wales,Social,39.0,False,True,3,4.6
106189,2024-01-15,East of England,Email,50.0,True,False,1,4.9
106190,2024-08-05,South East,Paid Search,38.0,False,False,1,2.7
106191,2022-12-30,Wales,Organic,32.0,False,True,0,4.3
106192,2023-12-09,West Midlands,Referral,31.0,False,True,2,3.0
106193,2024-01-28,South West,Paid Search,32.0,True,False,1,4.1
106194,2023-06-22,North West,Paid Search,26.0,True,True,3,4.8
106195,2025-01-24,London,Email,78.0,False,False,1,2.5
106196,2025-01-10,Scotland,Paid Search,,True,False,0,3.6
106197,2024-02-14,Scotland,Organic,28.0,True,True,0,
106198,2024-10-11,Wales,Email,49.0,True,False,1,4.1
106199,2023-11-01,South East,Organic,32.0,True,False,4,2.2
106200,2024-03-13,North East,Referral,36.0,True,True,0,4.6
106201,2024-10-27,South East,Referral,46.0,True,False,0,3.8
106202,2024-08-12,North East,Social,54.0,False,True,0,4.0
106203,2023-03-05,South West,Affiliate,37.0,True,False,0,4.2
106204,2024-09-22,West Midlands,Organic,53.0,True,False,0,1.5
106205,2025-01-04,North East,Paid Search,19.0,False,False,1,3.0
106206,2024-11-02,West Midlands,Social,33.0,False,True,2,5.0
106207,2024-04-22,East of England,Social,47.0,True,False,2,2.9
106208,2023-06-27,London,Paid Search,67.0,True,False,0,3.1
106209,2025-01-24,South East,Organic,28.0,False,False,1,3.7
106210,2023-02-08,West Midlands,Paid Search,26.0,False,True,0,4.7
106211,2024-04-03,North West,Paid Search,45.0,False,True,0,2.8
106212,2023-11-07,North West,Organic,42.0,True,True,0,3.8
106213,2023-10-05,West Midlands,Affiliate,32.0,False,True,0,5.0
106214,2024-08-13,East of England,Referral,25.0,True,False,1,4.3
106215,2024-01-21,South East,Social,34.0,False,True,1,3.1
106216,2024-01-13,South West,Organic,,True,False,1,4.9
106217,2024-06-29,Wales,Paid Search,37.0,True,True,1,3.7
106218,2023-01-27,Wales,Organic,56.0,False,True,0,4.4
106219,2023-09-27,South East,Social,39.0,False,True,0,3.3
106220,2023-10-28,Wales,Email,49.0,False,False,2,4.9
106221,2022-08-21,South East,Organic,45.0,True,True,0,3.7
106222,2024-03-20,South East,Referral,36.0,False,False,2,4.2
106223,2024-01-30,South West,Referral,52.0,False,True,0,2.4
106224,2024-03-06,South West,Paid Search,25.0,True,False,1,5.0
106225,2023-11-03,South East,Referral,34.0,False,True,0,5.0
106226,2024-03-25,Scotland,Paid Search,36.0,True,False,2,2.9
106227,2024-10-14,SCOTLAND,Affiliate,46.0,False,False,1,5.0
106228,2024-07-11,South West,Social,49.0,True,False,0,2.8
106229,2024-04-27,Yorkshire,Organic,30.0,True,False,1,2.9
106230,2023-02-01,East of England,Organic,29.0,True,True,2,3.0
106231,2023-09-20,London,Social,42.0,True,True,0,4.2
106232,2025-01-24,North East,Referral,21.0,True,False,3,4.8
106233,2022-11-30,Yorkshire,Referral,54.0,True,False,1,3.9
106234,2023-11-12,East of England,Organic,38.0,False,False,2,3.0
106235,2023-04-09,Scotland,Referral,26.0,True,True,0,5.0
106236,2025-01-23,North West,Organic,26.0,False,True,1,
106237,2025-01-24,East of England,Organic,45.0,True,True,1,4.6
106238,2024-05-28,North West,Paid Search,45.0,True,False,0,4.9
106239,2024-03-07,North West,Referral,31.0,True,True,0,3.5
106240,2024-03-18,Yorkshire,Social,40.0,False,False,1,3.8
106241,2023-10-29,West Midlands,Organic,26.0,True,False,1,4.6
106242,2024-02-06,Wales,Social,38.0,False,False,1,4.9
106243,2024-12-20,East of England,Referral,60.0,False,False,1,
106244,2023-03-30,West Midlands,Paid Search,69.0,False,False,3,4.0
106245,2022-11-08,London,Organic,38.0,True,False,1,2.8
106246,2023-08-13,West Midlands,Organic,47.0,False,False,4,2.8
106247,2022-10-13,South East,Paid Search,46.0,False,False,0,4.5
106248,2024-11-19,North West,Organic,19.0,True,False,2,2.4
106249,2024-09-28,NORTH WEST,Email,26.0,False,False,1,
106250,2024-01-02,East of England,Paid Search,18.0,True,False,1,5.0
106251,2023-08-26,South East,Email,47.0,True,False,1,2.9
106252,2024-05-28,South East,Affiliate,66.0,False,True,0,3.1
106253,2023-12-18,London,Paid Search,55.0,True,False,4,4.0
106254,2023-12-14,North East,Organic,42.0,True,True,2,2.8
106255,2023-06-02,North East,Paid Search,40.0,False,True,1,4.2
106256,2024-03-02,North West,Email,36.0,True,False,1,4.7
106257,2023-05-19,Scotland,Organic,55.0,False,False,3,3.9
106258,2024-11-01,West Midlands,Social,44.0,True,False,0,2.8
106259,2023-10-22,Yorkshire,Email,42.0,False,False,3,3.8
106260,2023-10-25,Yorkshire,Email,27.0,True,False,0,5.0
106261,2023-11-16,North West,Social,49.0,True,False,1,4.2
106262,2022-10-06,East of England,Referral,39.0,True,False,2,5.0
106263,2023-11-08,LONDON,Affiliate,46.0,False,False,0,4.4
106264,2023-04-23,East of England,Social,54.0,True,False,0,5.0
106265,2024-08-07,South West,Paid Search,20.0,True,True,0,
106266,2023-07-09,London,Email,37.0,True,True,0,5.0
106267,2024-12-15,South West,Referral,35.0,True,True,0,4.9
106268,2023-03-10,South West,Social,34.0,False,True,1,
106269,2023-08-06,NORTH EAST,Email,26.0,False,True,0,4.1
106270,2023-08-13,Wales,Organic,32.0,True,False,1,2.7
106271,2024-12-09,London,Social,27.0,True,False,2,3.7
106272,2024-05-30,London,Email,52.0,False,False,0,5.0
106273,2022-12-29,South East,Referral,46.0,False,True,0,5.0
106274,2023-10-22,Yorkshire,Paid Search,45.0,True,True,0,3.9
106275,2025-01-15,South West,Paid Search,18.0,False,False,0,3.3
106276,2023-08-24,,Organic,66.0,True,False,0,5.0
106277,2023-07-08,West Midlands,Organic,36.0,True,False,0,4.3
106278,2025-01-24,North West,Email,64.0,False,False,0,4.5
106279,2024-01-24,London,Paid Search,51.0,False,True,0,
106280,2025-01-24,West Midlands,Email,38.0,True,False,1,5.0
106281,2024-09-10,West Midlands,Social,68.0,False,True,3,4.3
106282,2024-12-26,West Midlands,Email,48.0,False,True,0,4.6
106283,2023-11-14,London,Social,38.0,False,False,3,3.1
106284,2024-04-24,North West,Email,36.0,False,False,0,3.3
106285,2024-06-02,Wales,Organic,54.0,False,False,1,3.0
106286,2024-04-01,North West,Organic,34.0,True,True,0,4.4
106287,2024-01-09,Wales,Social,36.0,True,False,1,3.3
106288,2023-08-16,London,Organic,33.0,True,True,1,2.8
106289,2022-08-18,East of England,Organic,31.0,False,False,0,3.5
106290,2025-01-24,South East,Referral,32.0,True,False,1,4.1
106291,2022-09-14,West Midlands,Email,64.0,False,True,2,1.5
106292,2023-05-17,North East,Paid Search,54.0,True,False,5,2.6
106293,2023-07-18,South West,Email,44.0,True,True,0,3.4
106294,2023-03-11,Yorkshire,Paid Search,34.0,True,False,1,3.1
106295,2024-09-23,East of England,Organic,34.0,True,False,2,
106296,2024-01-03,East of England,Paid Search,36.0,True,True,1,3.3
106297,2024-01-04,South West,Paid Search,64.0,True,False,1,2.6
106298,2023-09-02,Yorkshire,Organic,45.0,False,False,0,2.1
106299,2023-10-05,Yorkshire,Social,51.0,True,False,5,2.1
106300,2023-07-10,London,Organic,44.0,True,False,0,5.0
106301,2024-09-26,North East,Paid Search,29.0,True,False,2,2.9
106302,2024-03-18,,Paid Search,42.0,True,False,2,3.8
106303,2022-07-08,North West,Paid Search,27.0,False,False,1,3.9
106304,2025-01-24,South East,Social,57.0,False,True,0,5.0
106305,2023-04-11,East of England,Organic,31.0,True,False,0,
106306,2024-10-15,South West,Social,34.0,True,True,1,3.3
106307,2025-01-13,Wales,Organic,52.0,True,False,1,
106308,2024-01-14,Wales,Paid Search,32.0,False,True,2,3.9
106309,2024-11-16,Wales,Email,38.0,True,False,1,3.6
106310,2024-01-23,East of England,Social,18.0,False,True,0,4.5
106311,2024-10-24,North East,Email,37.0,True,False,0,
106312,2023-10-17,London,Organic,49.0,False,True,1,2.9
106313,2022-12-09,West Midlands,Organic,33.0,True,False,0,3.5
106314,2025-01-17,Scotland,Social,48.0,True,True,0,4.8
106315,2023-12-26,East of England,Affiliate,41.0,True,False,2,2.1
106316,2024-08-05,NORTH WEST,Organic,55.0,False,False,0,3.8
106317,2024-06-18,North West,Social,31.0,False,True,2,3.8
106318,2023-11-26,North East,Organic,38.0,False,True,1,3.6
106319,2024-01-22,East of England,Affiliate,,True,False,0,3.4
106320,2024-06-10,East of England,Paid Search,40.0,False,False,1,3.8
106321,2024-08-20,South East,Organic,36.0,True,False,0,4.9
106322,2022-09-21,Yorkshire,Organic,53.0,False,False,4,3.7
106323,2023-10-07,Scotland,Email,33.0,False,False,3,3.3
106324,2023-12-13,East of England,Email,35.0,True,False,0,3.3
106325,2024-05-27,North East,Email,32.0,False,True,1,3.0
106326,2024-06-04,NORTH WEST,Email,41.0,False,True,3,4.9
106327,2024-08-08,Wales,Organic,67.0,False,False,1,3.4
106328,2024-09-27,East of England,Paid Search,18.0,True,False,0,
106329,2024-04-15,Scotland,Referral,40.0,False,False,0,4.0
106330,2024-07-15,North East,Organic,56.0,True,True,1,4.2
106331,2023-05-10,South East,Paid Search,34.0,True,False,0,2.9
106332,2024-03-25,East of England,Paid Search,48.0,True,True,0,4.0
106333,2024-10-21,West Midlands,Organic,56.0,True,False,0,3.8
106334,2024-12-08,East of England,Organic,37.0,True,True,0,4.4
106335,2024-10-29,South East,Social,33.0,False,False,1,4.2
106336,2023-12-13,South West,Social,53.0,True,True,1,3.3
106337,2023-07-13,London,Paid Search,47.0,True,False,0,4.5
106338,2023-12-13,West Midlands,Organic,40.0,False,False,2,3.2
106339,2024-10-15,North East,Referral,49.0,True,False,2,3.0
106340,2022-09-09,East of England,Email,53.0,False,False,3,3.3
106341,2023-08-19,Scotland,Referral,40.0,False,False,0,3.5
106342,2024-01-07,West Midlands,Paid Search,45.0,True,True,1,3.9
106343,2023-12-24,London,Referral,48.0,True,True,1,5.0
106344,2024-06-29,South East,Referral,35.0,True,False,2,
106345,2024-05-14,,Organic,56.0,False,False,1,3.4
106346,2023-11-06,North West,Social,28.0,True,False,2,3.2
106347,2025-01-24,London,Paid Search,39.0,True,False,1,5.0
106348,2024-05-22,Scotland,Social,51.0,False,True,1,3.6
106349,2024-06-24,West Midlands,Email,,False,True,1,2.4
106350,2024-05-17,North East,Organic,52.0,False,False,0,2.9
106351,2023-02-05,NORTH WEST,Paid Search,43.0,True,True,0,
106352,2024-10-03,North West,Organic,58.0,False,True,3,4.3
106353,2024-05-23,,Email,49.0,False,False,0,5.0
106354,2025-01-24,South East,Email,39.0,True,False,3,3.3
106355,2024-01-31,Yorkshire,Organic,,False,True,2,
106356,2025-01-22,North West,Affiliate,44.0,True,True,0,4.9
106357,2024-07-02,South West,Paid Search,67.0,True,True,3,2.6
106358,2024-05-06,Wales,Paid Search,42.0,True,False,0,5.0
106359,2024-02-19,Scotland,Paid Search,39.0,True,False,1,3.4
106360,2024-02-28,North West,Email,38.0,True,True,2,3.0
106361,2023-07-05,Wales,Email,43.0,True,False,1,5.0
106362,2024-01-14,North East,Email,26.0,True,False,1,3.9
106363,2023-07-06,North East,Referral,36.0,False,False,0,2.9
106364,2022-11-14,North East,Organic,28.0,True,False,2,2.7
106365,2023-03-02,Wales,Organic,30.0,False,False,0,3.3
106366,2024-01-05,South West,Social,51.0,True,False,1,3.4
106367,2024-04-26,North East,Organic,41.0,True,True,1,4.1
106368,2024-07-15,West Midlands,Social,31.0,True,False,1,3.6
106369,2025-01-24,North East,Paid Search,,False,False,0,5.0
106370,2023-07-29,London,Organic,38.0,False,True,0,2.8
106371,2023-11-28,Wales,Organic,42.0,True,False,1,3.8
106372,2023-09-19,West Midlands,Paid Search,21.0,True,False,2,4.4
106373,2024-10-17,North West,Affiliate,27.0,True,False,1,5.0
106374,2024-11-30,East of England,Paid Search,22.0,True,True,1,4.6
106375,2024-07-23,South East,Referral,29.0,True,True,1,3.5
106376,2024-03-09,North East,Paid Search,32.0,False,True,1,5.0
106377,2023-07-31,South West,Referral,28.0,True,False,1,2.8
106378,2024-03-06,London,Social,51.0,False,True,0,
106379,2024-05-25,Wales,Paid Search,65.0,True,False,0,
106380,2025-01-24,South East,Paid Search,52.0,True,False,0,
106381,2024-04-07,Wales,Organic,34.0,False,True,2,2.9
106382,2024-07-12,Wales,Email,44.0,True,False,1,4.1
106383,2025-01-10,East of England,Paid Search,40.0,False,False,1,
106384,2024-02-02,East of England,Paid Search,33.0,True,False,0,4.6
106385,2023-07-01,Wales,Email,58.0,True,True,1,
106386,2023-09-24,Wales,Social,67.0,False,True,0,3.1
106387,2023-01-20,South West,Organic,22.0,True,False,1,3.7
106388,2023-11-13,SOUTH EAST,Paid Search,60.0,True,False,3,1.9
106389,2024-09-17,East of England,Social,33.0,True,False,0,
106390,2022-10-06,North West,Paid Search,38.0,True,True,0,
106391,2024-01-28,London,Social,45.0,True,False,1,4.1
106392,2024-05-28,South East,Paid Search,61.0,False,False,0,3.3
106393,2023-04-03,Scotland,Affiliate,45.0,True,False,1,4.2
106394,2023-09-27,North East,Social,46.0,False,True,1,3.8
106395,2024-01-26,London,Social,,False,False,0,3.5
106396,2024-10-18,,Referral,54.0,False,False,0,5.0
106397,2023-06-01,London,Affiliate,48.0,False,False,2,2.4
106398,2024-11-10,South East,Email,54.0,False,False,1,4.5
106399,2024-12-09,Yorkshire,Social,,True,True,2,2.9
106400,2024-02-07,Wales,Referral,18.0,True,False,2,
106401,2023-10-08,London,Paid Search,65.0,False,True,0,3.5
106402,2022-08-05,Wales,Email,28.0,True,True,1,3.7
106403,2024-02-22,North East,Social,34.0,True,True,1,3.9
106404,2024-05-25,London,Social,37.0,False,False,2,4.0
106405,2025-01-24,Scotland,Referral,34.0,True,False,1,3.4
106406,2022-09-28,Wales,Email,32.0,True,False,2,1.0
106407,2023-09-07,East of England,Email,47.0,True,False,1,3.2
106408,2024-01-17,South East,Referral,47.0,True,True,0,4.6
106409,2024-02-08,South East,Email,49.0,True,False,0,
106410,2023-04-04,Scotland,Paid Search,48.0,False,True,0,4.4
106411,2025-01-24,Wales,Paid Search,36.0,True,True,0,
106412,2024-01-28,North East,Social,36.0,True,False,1,4.3
106413,2024-02-18,Scotland,Paid Search,56.0,True,False,4,2.7
106414,2024-06-10,Yorkshire,Email,34.0,True,False,1,3.6
106415,2024-04-02,Yorkshire,Referral,34.0,True,False,1,3.4
106416,2025-01-24,Scotland,Organic,53.0,True,True,1,4.8
106417,2024-02-09,EAST OF ENGLAND,Referral,41.0,False,False,1,1.6
106418,2023-12-30,North West,Email,34.0,True,False,1,
106419,2025-01-09,Yorkshire,Affiliate,35.0,True,True,1,
106420,2023-12-08,East of England,Paid Search,56.0,False,False,1,4.1
106421,2023-05-24,Yorkshire,Organic,49.0,True,True,2,3.8
106422,2024-10-09,North East,Social,44.0,True,False,0,5.0
106423,2024-10-03,South West,Email,26.0,True,False,2,3.9
106424,2023-02-22,South West,Referral,44.0,True,False,1,3.7
106425,2022-12-17,,Referral,,True,True,0,
106426,2023-03-02,Yorkshire,Paid Search,29.0,True,True,0,2.5
106427,2024-02-16,West Midlands,Organic,,True,False,1,3.2
106428,2023-11-30,Yorkshire,Email,50.0,True,True,0,4.8
106429,2024-08-01,North East,Paid Search,,True,False,2,4.1
106430,2023-03-27,Wales,Affiliate,27.0,False,False,1,2.6
106431,2023-06-25,West Midlands,Email,,True,False,2,5.0
106432,2023-04-13,Scotland,Referral,50.0,True,True,0,
106433,2024-04-01,NORTH WEST,Referral,36.0,False,False,1,2.4
106434,2023-09-02,London,Paid Search,48.0,False,False,0,2.6
106435,2024-08-09,West Midlands,Organic,36.0,True,False,1,
106436,2024-01-01,South East,Social,49.0,True,False,1,3.0
106437,2024-07-26,West Midlands,Referral,23.0,False,False,2,3.5
106438,2022-06-16,London,Email,48.0,False,False,0,3.4
106439,2024-12-22,West Midlands,Paid Search,18.0,False,True,2,2.1
106440,2024-03-25,South West,Social,53.0,False,False,1,4.6
106441,2024-08-06,Wales,Organic,41.0,False,True,4,2.3
106442,2024-12-10,Wales,Organic,47.0,True,True,0,4.9
106443,2025-01-24,Yorkshire,Affiliate,44.0,False,False,2,4.1
106444,2023-05-18,Yorkshire,Paid Search,19.0,True,False,0,4.9
106445,2024-02-23,North East,Paid Search,59.0,True,False,0,4.1
106446,2024-05-12,YORKSHIRE,Organic,45.0,True,True,0,4.8
106447,2024-10-08,London,Referral,51.0,False,False,1,
106448,2025-01-22,North East,Paid Search,31.0,True,False,3,3.8
106449,2025-01-19,East of England,Paid Search,44.0,False,False,2,4.2
106450,2023-09-10,East of England,Organic,24.0,False,True,1,1.2
106451,2023-10-03,London,Social,43.0,True,False,0,3.4
106452,2023-11-28,Scotland,Paid Search,29.0,True,True,2,5.0
106453,2023-10-21,Scotland,Email,85.0,True,True,3,2.7
106454,2024-08-05,Wales,Referral,49.0,True,False,0,3.4
106455,2025-01-24,West Midlands,Social,58.0,True,False,1,2.5
106456,2024-01-28,West Midlands,Paid Search,38.0,False,True,2,
106457,2024-02-17,East of England,Social,46.0,False,True,1,3.5
106458,2025-01-24,London,Paid Search,53.0,True,False,0,4.3
106459,2024-09-05,South West,Organic,27.0,True,False,1,3.6
106460,2023-08-09,London,Email,32.0,True,False,2,2.7
106461,2024-03-14,North West,Paid Search,54.0,True,False,2,
106462,2024-07-25,Scotland,Paid Search,38.0,False,True,1,3.0
106463,2023-11-20,South East,Paid Search,31.0,True,False,2,3.6
106464,2024-01-20,,Paid Search,33.0,True,False,1,
106465,2023-12-01,Scotland,Paid Search,25.0,True,False,0,4.1
106466,2024-02-16,South West,Organic,18.0,False,False,0,3.2
106467,2025-01-24,North West,Email,19.0,True,False,1,3.4
106468,2022-10-27,North West,Paid Search,42.0,True,True,4,3.5
106469,2023-05-01,East of England,Organic,50.0,True,True,0,1.2
106470,2024-09-18,North East,Affiliate,74.0,False,True,0,5.0
106471,2024-02-18,Yorkshire,Social,40.0,True,False,2,4.6
106472,2022-12-25,Yorkshire,Referral,24.0,True,False,2,3.8
106473,2023-10-11,Wales,Organic,41.0,False,True,2,3.2
106474,2023-11-05,London,Paid Search,50.0,False,True,1,3.1
106475,2024-12-07,NORTH EAST,Paid Search,54.0,True,False,1,3.3
106476,2024-09-22,Scotland,Email,53.0,True,False,0,3.5
106477,2024-09-13,West Midlands,Referral,48.0,True,False,0,5.0
106478,2023-08-18,East of England,Organic,42.0,False,True,2,2.1
106479,2023-06-20,North East,Organic,51.0,True,True,0,5.0
106480,2024-05-16,North East,Organic,26.0,False,True,0,3.7
106481,2023-05-28,South West,Paid Search,18.0,True,False,0,4.8
106482,2022-12-11,Scotland,Paid Search,68.0,True,False,0,3.4
106483,2024-01-23,South East,Affiliate,40.0,False,False,1,
106484,2022-11-15,South East,Paid Search,48.0,False,False,3,3.9
106485,2022-10-31,Wales,Organic,18.0,False,True,1,3.0
106486,2023-12-16,South East,Email,61.0,True,False,2,3.0
106487,2024-11-25,Scotland,Organic,56.0,True,False,0,
106488,2022-03-02,Scotland,Affiliate,21.0,True,False,0,4.7
106489,2023-07-10,South West,Paid Search,37.0,True,True,1,4.5
106490,2023-05-01,West Midlands,Referral,44.0,True,False,0,3.2
106491,2025-01-24,South West,Paid Search,25.0,True,True,0,4.9
106492,2024-06-12,Yorkshire,Paid Search,47.0,False,False,1,4.7
106493,2025-01-24,Wales,Social,55.0,False,False,1,2.5
106494,2025-01-24,South East,Referral,,False,False,3,4.7
106495,2023-06-09,South West,Organic,21.0,False,True,2,3.3
106496,2024-01-14,South West,Organic,28.0,True,True,2,5.0
106497,2023-09-27,Wales,Organic,39.0,False,False,0,4.1
106498,2024-10-20,Scotland,Paid Search,38.0,True,True,2,5.0
106499,2023-12-10,West Midlands,Referral,38.0,True,True,1,3.9
106500,2022-12-13,Yorkshire,Referral,38.0,True,False,1,2.5
106501,2022-10-12,North East,Social,18.0,True,True,2,4.4
106502,2023-12-01,South East,Organic,51.0,False,False,0,4.6
106503,2023-10-12,East of England,Social,49.0,True,False,0,3.6
106504,2025-01-24,North West,Social,48.0,False,False,2,3.6
106505,2022-06-27,South West,Paid Search,47.0,False,False,1,4.6
106506,2023-03-11,Scotland,Organic,37.0,False,False,0,2.1
106507,2023-05-26,Wales,Social,33.0,True,False,1,1.9
106508,2025-01-23,South East,Referral,28.0,False,False,0,
106509,2024-09-21,South East,Organic,61.0,True,True,3,
106510,2024-08-11,North East,Email,41.0,True,True,0,4.5
106511,2023-10-06,West Midlands,Email,19.0,True,False,2,3.2
106512,2024-11-23,London,Affiliate,41.0,True,True,3,3.6
106513,2024-08-11,Wales,Affiliate,18.0,True,True,1,
106514,2024-09-16,Scotland,Paid Search,44.0,True,True,2,3.1
106515,2023-08-07,,Organic,,True,True,0,3.0
106516,2024-10-26,Scotland,Email,34.0,False,True,0,4.3
106517,2024-06-29,South West,Referral,29.0,False,False,1,4.3
106518,2023-06-13,Yorkshire,Paid Search,48.0,False,True,0,3.1
106519,2023-10-06,Scotland,Social,40.0,True,True,1,2.7
106520,2022-11-25,Scotland,Referral,18.0,False,False,1,2.9
106521,2024-03-23,North West,Paid Search,57.0,False,False,1,3.5
106522,2023-04-28,South West,Organic,29.0,True,False,1,4.5
106523,2024-01-29,Yorkshire,Organic,,True,False,3,3.2
106524,2023-10-22,London,Organic,59.0,True,False,0,4.2
106525,2022-09-19,West Midlands,Social,55.0,True,True,0,3.5
106526,2024-03-08,Scotland,Paid Search,36.0,False,False,1,
106527,2023-01-26,Wales,Email,25.0,True,True,1,3.8
106528,2024-09-12,Scotland,Paid Search,29.0,True,True,1,3.3
106529,2024-05-29,Yorkshire,Email,35.0,False,False,0,3.6
106530,2023-11-01,London,Paid Search,57.0,False,True,1,3.7
106531,2023-05-16,West Midlands,Email,58.0,False,True,4,4.9
106532,2024-12-22,North West,Organic,43.0,True,False,1,3.4
106533,2024-02-16,Scotland,Social,49.0,False,True,2,5.0
106534,2024-02-12,Wales,Paid Search,38.0,True,True,3,3.9
106535,2023-10-22,North East,Social,30.0,False,False,3,3.5
106536,2023-10-29,North West,Organic,21.0,False,True,1,3.3
106537,2024-12-06,East of England,Paid Search,45.0,False,False,1,2.9
106538,2024-05-22,North East,Email,53.0,True,True,0,3.7
106539,2024-08-07,North West,Paid Search,34.0,False,True,0,
106540,2023-05-08,Scotland,Affiliate,56.0,True,False,3,
106541,2024-05-15,Yorkshire,Social,36.0,True,True,2,5.0
106542,2023-06-27,London,Paid Search,42.0,False,False,1,4.3
106543,2023-10-30,Scotland,Affiliate,38.0,True,False,2,4.0
106544,2024-07-07,South East,Paid Search,57.0,True,True,0,3.5
106545,2024-11-21,West Midlands,Referral,47.0,True,False,0,2.6
106546,2022-09-23,South East,Organic,40.0,True,True,0,4.1
106547,2024-11-22,South West,Social,,True,False,0,4.8
106548,2024-05-09,Wales,Referral,26.0,False,False,0,5.0
106549,2023-02-20,North West,Paid Search,18.0,False,True,2,3.4
106550,2023-08-30,London,Email,34.0,False,False,1,1.9
106551,2024-02-08,Scotland,Paid Search,38.0,False,True,0,3.9
106552,2024-05-31,South East,Email,48.0,False,False,0,4.3
106553,2023-06-25,Scotland,Paid Search,39.0,True,True,0,3.6
106554,2025-01-24,Yorkshire,Paid Search,35.0,True,True,2,4.3
106555,2024-04-24,Scotland,Paid Search,18.0,False,True,2,3.8
106556,2023-04-28,Yorkshire,Social,48.0,False,False,3,3.2
106557,2023-07-28,Yorkshire,Affiliate,44.0,False,True,0,4.1
106558,2023-12-27,South East,Affiliate,,False,False,0,3.0
106559,2024-01-26,East of England,Email,41.0,False,False,0,2.7
106560,2023-10-14,East of England,Referral,56.0,True,False,1,5.0
106561,2023-12-19,South East,Referral,34.0,True,False,1,3.4
106562,2024-02-22,Scotland,Social,40.0,True,False,1,1.8
106563,2022-12-11,North West,Paid Search,44.0,False,False,2,3.0
106564,2024-05-15,West Midlands,Social,50.0,True,False,1,4.2
106565,2024-05-20,,Paid Search,46.0,True,False,2,
106566,2024-12-14,YORKSHIRE,Referral,47.0,True,True,1,4.1
106567,2024-04-28,North East,Organic,44.0,True,False,2,3.9
106568,2024-01-06,Yorkshire,Paid Search,38.0,True,False,1,4.0
106569,2023-08-06,London,Referral,53.0,False,True,3,2.4
106570,2025-01-24,South West,Paid Search,19.0,False,False,1,3.6
106571,2025-01-24,London,Affiliate,33.0,True,False,0,4.7
106572,2023-07-07,West Midlands,Affiliate,62.0,True,False,0,3.4
106573,2024-02-22,North East,Social,32.0,True,True,0,4.0
106574,2023-09-09,North East,Email,40.0,True,False,1,
106575,2023-10-22,South East,Paid Search,59.0,False,False,0,3.3
106576,2023-12-21,North East,Organic,39.0,False,False,0,3.7
106577,2025-01-24,North East,Referral,30.0,True,False,1,3.7
106578,2023-04-24,Wales,Paid Search,57.0,False,False,3,2.9
106579,2022-11-06,Wales,Organic,37.0,False,False,3,3.3
106580,2024-11-18,London,Organic,38.0,True,False,0,2.2
106581,2023-04-30,South East,Social,18.0,False,False,1,3.5
106582,2025-01-24,East of England,Email,,True,False,1,4.4
106583,2024-09-23,South East,Paid Search,50.0,True,False,1,5.0
106584,2023-10-12,North West,Paid Search,35.0,True,False,1,2.8
106585,2024-05-04,North East,Referral,24.0,True,False,3,2.9
106586,2022-05-20,North East,Paid Search,35.0,True,False,0,4.1
106587,2022-11-23,North West,Organic,33.0,True,False,0,4.0
106588,2022-10-09,Yorkshire,Paid Search,38.0,True,False,0,2.4
106589,2023-10-30,Yorkshire,Email,34.0,False,False,0,2.2
106590,2024-05-22,North West,Paid Search,,True,False,0,4.1
106591,2025-01-24,North West,Organic,45.0,True,False,1,3.1
106592,2023-07-12,Scotland,Social,18.0,False,True,0,5.0
106593,2025-01-24,East of England,Paid Search,42.0,False,False,1,3.8
106594,2022-10-09,Wales,Affiliate,40.0,False,False,1,2.0
106595,2023-08-10,WALES,Referral,57.0,True,True,2,3.1
106596,2023-12-22,London,Social,39.0,False,True,0,4.0
106597,2023-09-20,East of England,Organic,39.0,True,False,1,3.6
106598,2023-02-28,East of England,Paid Search,65.0,False,False,1,4.0
106599,2024-05-13,London,Social,27.0,True,False,1,5.0
106600,2022-09-08,Wales,Paid Search,51.0,False,True,0,2.9
106601,2022-09-14,Yorkshire,Social,42.0,True,False,0,4.5
106602,2023-11-10,South West,Paid Search,34.0,False,False,3,5.0
106603,2024-03-25,East of England,Email,33.0,False,False,1,4.9
106604,2024-04-11,West Midlands,Organic,59.0,True,False,0,3.0
106605,2024-05-21,North West,Social,47.0,True,False,0,4.0
106606,2023-05-03,West Midlands,Paid Search,49.0,True,False,2,1.8
106607,2023-07-28,South West,Paid Search,53.0,True,True,0,4.6
106608,2023-10-19,East of England,Organic,45.0,True,False,0,3.4
106609,2022-11-28,East of England,Organic,27.0,True,False,0,4.2
106610,2024-12-07,South East,Affiliate,21.0,True,False,2,
106611,2024-03-16,London,Organic,61.0,True,False,0,4.1
106612,2023-10-16,East of England,Paid Search,44.0,True,False,0,4.1
106613,2023-12-04,North East,Social,42.0,True,False,2,3.7
106614,2023-02-15,West Midlands,Organic,64.0,True,False,4,4.2
106615,2024-05-13,Scotland,Referral,27.0,True,False,2,3.4
106616,2024-02-15,NORTH EAST,Paid Search,18.0,True,True,3,4.3
106617,2023-07-14,North West,Referral,18.0,False,False,6,3.6
106618,2024-03-15,Yorkshire,Social,34.0,False,True,3,4.6
106619,2023-09-29,London,Paid Search,43.0,False,True,0,4.2
106620,2024-12-17,North West,Organic,59.0,True,False,1,3.0
106621,2023-06-02,West Midlands,Organic,52.0,True,False,2,3.9
106622,2023-02-11,East of England,Social,18.0,True,True,0,2.4
106623,2024-01-16,West Midlands,Organic,77.0,True,False,2,3.7
106624,2023-03-31,SCOTLAND,Social,36.0,False,False,0,4.5
106625,2023-10-14,NORTH WEST,Email,57.0,False,False,3,4.0
106626,2024-05-31,South East,Social,48.0,False,False,1,3.3
106627,2024-02-22,South West,Social,41.0,False,False,0,5.0
106628,2024-01-09,East of England,Referral,38.0,True,False,1,2.5
106629,2024-05-16,East of England,Organic,27.0,True,True,0,4.3
106630,2024-11-16,Yorkshire,Organic,24.0,True,False,0,4.4
106631,2023-03-16,South East,Paid Search,39.0,False,False,0,4.4
106632,2024-03-30,Yorkshire,Paid Search,23.0,False,True,1,3.5
106633,2023-10-20,South West,Organic,62.0,True,False,1,4.0
106634,2025-01-24,Scotland,Organic,42.0,False,False,0,5.0
106635,2024-06-13,South West,Email,68.0,False,True,0,3.0
106636,2022-07-30,West Midlands,Paid Search,35.0,False,True,0,3.6
106637,2024-07-30,Yorkshire,Email,33.0,True,True,0,4.0
106638,2024-06-10,West Midlands,Paid Search,49.0,False,False,0,3.8
106639,2024-01-16,North East,Paid Search,,False,False,0,3.1
106640,2023-06-08,South East,Organic,54.0,True,True,0,4.5
106641,2025-01-22,North West,Organic,60.0,True,False,1,4.1
106642,2023-07-21,East of England,Paid Search,55.0,True,False,1,5.0
106643,2023-05-19,London,Paid Search,59.0,True,False,1,4.6
106644,2024-04-19,Yorkshire,Social,52.0,False,False,0,4.9
106645,2022-05-14,London,Organic,34.0,False,False,0,4.9
106646,2023-06-27,Yorkshire,Organic,56.0,False,False,2,3.0
106647,2024-01-28,West Midlands,Organic,50.0,True,True,1,3.6
106648,2024-05-26,South East,Organic,33.0,False,True,2,2.8
106649,2024-10-07,Scotland,Paid Search,35.0,True,False,4,4.9
106650,2025-01-24,West Midlands,Paid Search,40.0,True,True,1,4.1
106651,2023-09-01,London,Social,55.0,False,False,1,3.2
106652,2024-08-02,,Social,43.0,False,True,1,3.9
106653,2024-04-12,Yorkshire,Referral,41.0,False,True,0,4.9
106654,2023-11-07,East of England,Referral,39.0,True,False,2,3.1
106655,2024-03-29,North East,Paid Search,36.0,False,True,2,4.0
106656,2024-04-04,South West,Paid Search,26.0,True,False,2,5.0
106657,2023-11-02,South West,Referral,51.0,False,False,1,
106658,2024-03-21,East of England,Organic,28.0,True,False,1,3.6
106659,2025-01-07,East of England,Organic,42.0,True,False,3,4.2
106660,2023-10-15,South West,Social,36.0,False,False,2,2.7
106661,2023-08-23,East of England,Social,,True,True,1,2.6
106662,2023-01-02,Yorkshire,Paid Search,37.0,False,False,0,3.7
106663,2024-12-06,South West,Paid Search,28.0,True,False,0,3.0
106664,2023-12-07,North East,Paid Search,54.0,False,False,0,
106665,2025-01-19,Scotland,Paid Search,30.0,False,False,1,2.9
106666,2024-03-27,North West,Paid Search,43.0,True,False,1,5.0
106667,2024-04-06,Scotland,Social,58.0,True,False,2,4.5
106668,2022-12-19,LONDON,Organic,32.0,False,False,2,3.4
106669,2024-10-14,West Midlands,Paid Search,40.0,True,False,0,3.5
106670,2024-04-03,Wales,Paid Search,35.0,True,False,1,4.0
106671,2024-01-04,London,Affiliate,43.0,True,True,1,4.8
106672,2023-12-27,Wales,Paid Search,40.0,True,False,3,3.9
106673,2024-07-21,Yorkshire,Paid Search,53.0,True,True,2,4.9
106674,2024-11-06,West Midlands,Social,33.0,True,True,3,4.0
106675,2023-05-21,Scotland,Paid Search,58.0,True,False,1,4.6
106676,2024-02-08,Wales,Paid Search,62.0,False,False,0,5.0
106677,2023-05-19,South East,Paid Search,44.0,True,True,2,3.4
106678,2023-03-11,Yorkshire,Affiliate,31.0,True,False,0,3.0
106679,2024-03-20,North West,Social,40.0,False,True,0,3.8
106680,2024-02-24,Yorkshire,Social,39.0,False,True,0,5.0
106681,2023-05-06,SOUTH WEST,Referral,64.0,True,False,1,2.7
106682,2022-12-24,North East,Social,40.0,True,False,2,
106683,2024-11-24,North West,Paid Search,59.0,True,True,0,
106684,2023-06-19,East of England,Organic,42.0,False,False,0,3.8
106685,2024-04-17,Scotland,Organic,42.0,False,True,1,4.4
106686,2022-11-11,Yorkshire,Organic,36.0,True,False,0,
106687,2023-11-25,South East,Email,38.0,True,False,2,2.4
106688,2024-01-15,Wales,Paid Search,53.0,False,False,1,5.0
106689,2024-05-24,South East,Paid Search,32.0,False,False,1,4.6
106690,2024-01-16,London,Organic,53.0,True,True,3,
106691,2023-07-04,South West,Paid Search,60.0,False,True,1,4.9
106692,2023-12-11,Scotland,Affiliate,33.0,False,False,0,2.8
106693,2025-01-20,London,Organic,57.0,True,False,1,5.0
106694,2023-07-04,East of England,Paid Search,55.0,True,True,1,5.0
106695,2023-09-15,North West,Social,52.0,True,False,2,4.1
106696,2024-07-27,North East,Email,33.0,False,False,1,5.0
106697,2022-11-06,North East,Organic,39.0,True,False,0,5.0
106698,2025-01-24,Yorkshire,Organic,39.0,False,True,1,4.9
106699,2023-11-25,,Email,68.0,False,True,1,2.3
106700,2023-08-31,Scotland,Paid Search,41.0,False,True,1,2.5
106701,2023-12-18,East of England,Social,39.0,True,False,2,4.3
106702,2022-08-22,North East,Social,26.0,True,False,0,2.4
106703,2023-10-19,East of England,Email,28.0,True,False,1,3.4
106704,2023-12-19,London,Referral,32.0,True,True,1,4.2
106705,2023-08-24,South East,Affiliate,46.0,False,False,0,3.7
106706,2024-04-02,East of England,Paid Search,22.0,True,False,0,4.8
106707,2024-08-19,West Midlands,Email,32.0,True,False,1,4.9
106708,2024-05-28,Scotland,Social,18.0,False,False,1,3.1
106709,2023-10-11,Scotland,Organic,59.0,True,False,1,4.3
106710,2024-08-18,Yorkshire,Affiliate,42.0,False,False,0,3.6
106711,2023-04-13,North West,Referral,45.0,False,False,1,3.9
106712,2024-08-18,London,Email,27.0,True,False,1,3.8
106713,2023-08-18,North West,Paid Search,56.0,False,False,0,4.8
106714,2024-01-05,East of England,Paid Search,61.0,True,False,3,3.9
106715,2023-12-24,East of England,Referral,42.0,True,True,1,5.0
106716,2024-08-04,Wales,Affiliate,35.0,True,False,0,4.2
106717,2025-01-24,South East,Paid Search,48.0,True,True,1,2.6
106718,2024-08-28,South East,Paid Search,51.0,False,False,1,4.5
106719,2024-02-23,South East,Social,52.0,False,False,2,3.7
106720,2024-04-12,Yorkshire,Paid Search,50.0,False,True,0,2.2
106721,2023-09-06,Yorkshire,Social,54.0,True,False,2,3.7
106722,2024-09-21,South East,Affiliate,32.0,True,True,0,4.5
106723,2022-05-24,Scotland,Organic,53.0,True,True,1,4.7
106724,2023-08-21,LONDON,Email,35.0,True,True,1,4.6
106725,2024-05-13,East of England,Social,18.0,False,True,2,4.0
106726,2022-07-03,Yorkshire,Organic,35.0,True,False,0,3.7
106727,2024-04-27,London,Organic,34.0,True,False,3,3.2
106728,2024-10-26,London,Social,44.0,False,True,1,4.8
106729,2024-11-22,South West,Email,52.0,False,True,1,4.6
106730,2024-01-05,Wales,Social,44.0,False,False,2,3.5
106731,2025-01-24,Wales,Affiliate,67.0,False,True,1,5.0
106732,2024-04-06,Yorkshire,Paid Search,34.0,True,False,3,4.0
106733,2025-01-24,Yorkshire,Affiliate,18.0,False,False,1,
106734,2022-09-26,Wales,Social,45.0,False,False,1,4.0
106735,2023-01-31,Wales,Organic,34.0,False,True,3,
106736,2023-05-01,North East,Paid Search,27.0,False,True,0,3.3
106737,2023-10-06,West Midlands,Organic,37.0,False,True,1,2.1
106738,2024-12-23,Scotland,Organic,31.0,True,False,0,4.8
106739,2023-09-23,London,Affiliate,32.0,False,False,1,4.9
106740,2023-06-14,South East,Email,61.0,True,False,1,4.8
106741,2024-05-21,West Midlands,Paid Search,43.0,False,False,0,5.0
106742,2023-10-07,Wales,Organic,38.0,True,False,0,5.0
106743,2023-02-27,Scotland,Organic,,True,False,1,
106744,2023-01-09,Yorkshire,Referral,37.0,False,True,2,
106745,2023-05-03,WALES,Email,25.0,True,False,1,4.4
106746,2023-10-09,Scotland,Paid Search,24.0,True,False,1,4.1
106747,2024-05-13,West Midlands,Paid Search,40.0,False,True,2,5.0
106748,2024-03-15,South West,Paid Search,20.0,True,True,1,3.4
106749,2024-09-26,West Midlands,Social,26.0,False,True,1,3.9
106750,2023-04-01,West Midlands,Paid Search,36.0,False,False,0,3.1
106751,2023-02-21,Wales,Paid Search,56.0,True,False,1,4.6
106752,2024-09-27,Scotland,Referral,58.0,False,False,2,5.0
106753,2023-09-14,North West,Organic,50.0,True,False,1,2.5
106754,2024-01-02,Wales,Affiliate,41.0,False,True,0,
106755,2022-11-22,East of England,Email,34.0,True,False,2,4.0
106756,2024-07-16,South West,Paid Search,46.0,True,False,1,4.3
106757,2023-03-14,West Midlands,Paid Search,64.0,False,True,0,3.1
106758,2025-01-01,South West,Social,,True,False,0,2.9
106759,2025-01-24,North East,Email,35.0,False,False,1,5.0
106760,2022-10-05,South East,Organic,39.0,True,False,0,4.3
106761,2024-01-19,South East,Referral,38.0,False,False,1,5.0
106762,2023-07-25,Yorkshire,Email,48.0,False,True,3,4.1
106763,2024-07-31,South West,Social,31.0,False,True,0,3.2
106764,2022-12-27,London,Paid Search,46.0,True,False,1,4.4
106765,2023-07-27,Yorkshire,Organic,48.0,False,False,0,4.5
106766,2024-06-12,South East,Organic,45.0,True,True,0,5.0
106767,2024-09-13,North East,Paid Search,27.0,False,False,1,3.5
106768,2025-01-24,South West,Referral,39.0,False,False,0,2.9
106769,2025-01-24,North East,Organic,34.0,False,True,0,
106770,2023-08-16,North West,Paid Search,40.0,True,True,1,3.8
106771,2023-09-20,South West,Email,32.0,False,False,1,3.8
106772,2023-09-05,West Midlands,Social,57.0,False,True,3,4.3
106773,2023-03-22,South East,Paid Search,43.0,False,False,3,1.0
106774,2024-05-04,Scotland,Social,20.0,False,True,2,3.0
106775,2024-07-17,Scotland,Email,24.0,True,False,2,4.1
106776,2024-09-02,Yorkshire,Organic,57.0,True,False,1,3.9
106777,2024-05-06,Wales,Organic,39.0,True,True,1,5.0
106778,2024-06-02,North West,Email,36.0,False,True,1,4.0
106779,2024-01-21,East of England,Email,56.0,True,True,1,2.8
106780,2024-11-27,South East,Paid Search,39.0,False,False,0,3.4
106781,2024-05-12,Wales,Paid Search,25.0,True,True,4,4.9
106782,2025-01-24,Scotland,Social,26.0,False,False,1,3.8
106783,2023-03-30,South West,Paid Search,49.0,True,False,1,2.2
106784,2024-04-07,North West,Affiliate,67.0,True,True,2,4.6
106785,2024-06-10,West Midlands,Paid Search,52.0,True,True,2,5.0
106786,2024-09-21,North East,Email,36.0,False,True,1,3.9
106787,2024-12-02,South East,Affiliate,38.0,True,False,1,
106788,2025-01-24,Yorkshire,Organic,42.0,False,False,0,4.8
106789,2024-12-27,West Midlands,Social,18.0,True,False,2,2.2
106790,2023-04-20,West Midlands,Paid Search,41.0,False,False,2,4.7
106791,2023-11-08,East of England,Social,49.0,True,False,2,4.0
106792,2024-08-29,South West,Affiliate,64.0,True,False,2,4.8
106793,2024-06-29,Scotland,Affiliate,55.0,False,False,1,3.0
106794,2024-08-26,East of England,Organic,66.0,False,True,1,3.9
106795,2024-04-11,London,Referral,63.0,True,False,1,4.9
106796,2023-09-09,North West,Referral,59.0,True,True,2,4.5
106797,2024-01-29,South West,Organic,,False,True,1,1.8
106798,2024-02-01,EAST OF ENGLAND,Referral,45.0,False,False,3,4.8
106799,2024-05-06,London,Paid Search,19.0,True,False,1,5.0
106800,2025-01-24,Wales,Affiliate,43.0,False,True,0,4.4
106801,2025-01-24,Scotland,Referral,48.0,True,True,0,4.1
106802,2023-02-03,West Midlands,Social,37.0,True,True,1,4.9
106803,2023-12-21,Scotland,Organic,21.0,True,True,0,4.1
106804,2022-09-29,West Midlands,Affiliate,62.0,False,False,0,1.6
106805,2025-01-24,Yorkshire,Paid Search,46.0,False,False,3,
106806,2025-01-24,South East,Organic,63.0,False,False,0,
106807,2024-02-06,South East,Organic,51.0,True,False,2,3.0
106808,2024-01-26,North East,Organic,,True,True,1,4.2
106809,2024-10-21,South West,Paid Search,56.0,True,True,1,2.5
106810,2023-12-10,WEST MIDLANDS,Paid Search,32.0,True,True,2,4.5
106811,2024-03-13,Wales,Affiliate,,True,True,1,4.5
106812,2023-06-22,,Email,35.0,False,True,1,5.0
106813,2023-08-21,East of England,Referral,28.0,True,False,1,4.7
106814,2024-02-11,South West,Social,64.0,False,False,4,4.9
106815,2023-11-03,North East,Social,42.0,False,True,0,2.4
106816,2024-06-12,Wales,Social,47.0,True,False,1,3.5
106817,2024-05-15,North West,Social,24.0,False,False,1,5.0
106818,2023-08-07,South West,Referral,52.0,True,False,0,4.8
106819,2022-08-18,South East,Paid Search,36.0,True,False,2,
106820,2023-09-19,Yorkshire,Affiliate,57.0,False,True,3,5.0
106821,2023-01-19,London,Referral,32.0,False,True,1,
106822,2024-08-26,South East,Organic,58.0,True,False,1,4.3
106823,2024-02-05,South West,Affiliate,53.0,True,False,1,4.4
106824,2023-09-22,West Midlands,Referral,35.0,False,False,0,3.9
106825,2023-10-27,South East,Paid Search,59.0,True,False,1,2.7
106826,2023-04-28,North East,Paid Search,56.0,False,False,1,5.0
106827,2023-09-26,North East,Email,47.0,True,False,0,3.3
106828,2024-12-26,North West,Email,28.0,False,True,1,
106829,2024-06-29,Yorkshire,Paid Search,51.0,True,False,1,
106830,2023-09-06,North West,Organic,42.0,False,False,1,3.4
106831,2024-08-07,Wales,Social,42.0,False,False,0,3.7
106832,2024-04-24,East of England,Organic,42.0,False,True,0,
106833,2022-12-10,Scotland,Paid Search,41.0,True,True,3,4.2
106834,2024-07-31,North East,Paid Search,30.0,True,True,0,4.3
106835,2023-01-22,,Email,21.0,True,False,1,3.1
106836,2023-06-11,South East,Paid Search,19.0,False,False,2,2.6
106837,2024-06-15,Scotland,Social,45.0,True,True,0,4.8
106838,2023-07-13,Wales,Social,18.0,True,False,0,4.1
106839,2023-09-29,Yorkshire,Affiliate,50.0,True,False,0,2.9
106840,2024-05-14,London,Affiliate,48.0,False,False,0,3.4
106841,2023-02-12,South West,Affiliate,37.0,False,True,1,3.2
106842,2024-05-21,Scotland,Social,54.0,True,True,1,4.1
106843,2023-11-05,North West,Paid Search,38.0,False,False,0,4.3
106844,2024-06-28,Wales,Paid Search,46.0,True,True,0,5.0
106845,2023-05-24,Wales,Organic,18.0,False,False,2,4.9
106846,2024-02-23,Yorkshire,Paid Search,18.0,False,False,2,4.8
106847,2023-07-18,South West,Paid Search,38.0,True,True,0,3.1
106848,2023-06-11,North West,Organic,46.0,True,False,3,4.5
106849,2023-08-07,South West,Organic,53.0,False,False,1,3.5
106850,2024-01-04,North East,Social,39.0,False,False,2,2.0
106851,2023-07-04,North West,Affiliate,44.0,False,False,3,3.7
106852,2024-11-08,North East,Organic,51.0,True,False,1,4.4
106853,2024-04-30,London,Paid Search,39.0,True,True,3,2.7
106854,2022-08-17,Scotland,Social,49.0,True,False,0,3.5
106855,2024-03-09,London,Organic,26.0,True,False,0,4.1
106856,2024-02-04,Scotland,Referral,19.0,False,False,0,3.6
106857,2024-01-19,East of England,Organic,34.0,False,False,1,5.0
106858,2024-08-01,Wales,Organic,51.0,True,False,0,
106859,2023-03-27,South East,Email,32.0,True,True,0,2.8
106860,2024-04-24,Wales,Organic,49.0,False,False,0,3.2
106861,2023-11-01,North East,Social,28.0,True,False,1,4.2
106862,2023-09-26,London,Paid Search,33.0,False,False,1,4.5
106863,2024-03-23,North East,Organic,44.0,False,True,1,1.4
106864,2024-09-05,North East,Paid Search,32.0,False,False,1,5.0
106865,2023-10-25,London,Email,35.0,True,False,0,
106866,2024-05-05,London,Paid Search,18.0,False,False,0,
106867,2023-05-14,South West,Paid Search,52.0,False,False,1,3.2
106868,2023-02-08,Scotland,Social,39.0,False,False,1,5.0
106869,2024-05-05,North West,Social,29.0,False,True,2,4.5
106870,2024-08-16,Scotland,Organic,65.0,False,True,1,3.9
106871,2023-11-29,West Midlands,Affiliate,31.0,True,True,1,1.5
106872,2024-04-18,NORTH EAST,Social,34.0,True,False,1,3.6
106873,2023-10-20,NORTH WEST,Affiliate,28.0,True,False,3,3.0
106874,2023-12-05,London,Organic,55.0,False,False,2,3.6
106875,2024-03-01,Wales,Social,,True,False,0,3.2
106876,2023-09-05,Wales,Organic,58.0,True,False,2,4.7
106877,2024-03-06,Wales,Organic,58.0,True,False,1,
106878,2024-11-29,North East,Paid Search,33.0,False,False,0,3.9
106879,2024-05-11,London,Paid Search,63.0,False,False,1,3.0
106880,2022-08-26,South West,Referral,38.0,True,False,1,3.7
106881,2023-03-15,North West,Referral,21.0,True,False,1,3.6
106882,2024-03-07,Scotland,Paid Search,35.0,True,False,0,5.0
106883,2024-08-05,Scotland,Paid Search,45.0,False,False,0,4.0
106884,2023-01-08,North East,Paid Search,33.0,False,False,1,4.5
106885,2024-03-16,Yorkshire,Social,43.0,False,False,1,1.9
106886,2023-10-22,North West,Paid Search,48.0,True,False,0,4.0
106887,2024-02-23,London,Email,46.0,False,True,1,3.1
106888,2023-02-19,Yorkshire,Paid Search,50.0,True,False,0,3.9
106889,2024-05-10,Wales,Email,39.0,False,True,1,4.5
106890,2023-10-26,South West,Referral,32.0,True,True,1,2.6
106891,2024-01-10,North East,Paid Search,22.0,True,False,2,3.5
106892,2022-04-22,London,Referral,40.0,True,False,1,3.8
106893,2024-03-10,Scotland,Referral,34.0,True,False,0,4.2
106894,2023-05-13,East of England,Social,39.0,False,True,3,2.6
106895,2023-01-30,Wales,Organic,18.0,False,False,0,4.4
106896,2023-05-10,West Midlands,Social,21.0,False,True,0,3.6
106897,2023-04-11,East of England,Organic,,False,False,1,
106898,2024-08-05,North West,Affiliate,20.0,True,True,2,2.6
106899,2024-10-29,Yorkshire,Social,39.0,True,False,1,2.9
106900,2023-09-26,South West,Email,30.0,False,True,2,4.0
106901,2024-07-03,Wales,Social,29.0,True,True,0,4.2
106902,2024-05-06,Scotland,Organic,42.0,True,False,2,4.1
106903,2023-10-06,Scotland,Social,41.0,True,True,1,3.5
106904,2023-09-03,Wales,Referral,48.0,False,False,0,4.1
106905,2024-07-11,Yorkshire,Organic,27.0,False,True,2,5.0
106906,2025-01-24,West Midlands,Organic,30.0,True,False,1,4.5
106907,2024-08-14,North West,Affiliate,56.0,False,True,1,2.6
106908,2023-09-21,South West,Organic,38.0,False,False,0,4.6
106909,2023-09-10,South West,Referral,46.0,False,True,2,5.0
106910,2024-08-18,Yorkshire,Paid Search,35.0,True,False,2,4.7
106911,2023-12-20,South East,Email,47.0,False,False,1,5.0
106912,2025-01-21,South East,Social,18.0,True,False,0,5.0
106913,2025-01-24,North West,Paid Search,56.0,True,True,0,
106914,2025-01-24,London,Paid Search,35.0,False,False,0,5.0
106915,2024-06-09,Scotland,Organic,25.0,False,False,1,4.6
106916,2024-03-24,,Social,27.0,True,True,2,3.3
106917,2024-12-26,West Midlands,Organic,38.0,True,True,0,5.0
106918,2024-08-23,North East,Paid Search,40.0,True,False,1,4.2
106919,2024-03-17,North West,Social,43.0,False,False,0,4.9
106920,2024-08-28,Wales,Affiliate,25.0,False,True,2,4.8
106921,2024-12-08,South East,Paid Search,52.0,True,True,0,3.4
106922,2024-07-05,EAST OF ENGLAND,Social,34.0,True,False,1,5.0
106923,2024-09-24,WALES,Referral,34.0,False,True,0,3.6
106924,2024-02-04,Wales,Social,38.0,False,False,1,4.2
106925,2024-05-05,Yorkshire,Affiliate,50.0,False,False,4,4.7
106926,2023-12-20,North West,Social,41.0,True,False,2,4.5
106927,2024-04-20,West Midlands,Social,34.0,False,True,0,2.7
106928,2023-08-04,Scotland,Email,37.0,True,False,1,2.8
106929,2023-11-01,Wales,Paid Search,57.0,True,False,1,2.5
106930,2023-10-02,West Midlands,Social,55.0,True,False,0,4.7
106931,2024-06-26,Wales,Social,46.0,False,False,1,4.5
106932,2024-02-07,North East,Paid Search,43.0,True,False,0,3.8
106933,2024-07-12,South East,Organic,71.0,False,False,0,3.8
106934,2025-01-24,,Email,47.0,False,True,0,3.7
106935,2025-01-24,Yorkshire,Paid Search,43.0,False,False,1,3.0
106936,2023-01-04,East of England,Organic,38.0,True,False,1,4.0
106937,2024-01-06,WEST MIDLANDS,Paid Search,46.0,True,False,1,3.0
106938,2022-06-24,West Midlands,Paid Search,18.0,True,False,3,
106939,2023-02-05,Yorkshire,Social,54.0,True,True,1,5.0
106940,2024-10-10,South East,Paid Search,24.0,True,False,1,4.0
106941,2024-05-22,South West,Organic,32.0,False,True,0,5.0
106942,2024-09-26,East of England,Paid Search,23.0,False,False,1,3.0
106943,2024-07-01,London,Affiliate,31.0,False,False,0,2.8
106944,2024-06-19,North West,Referral,37.0,True,False,0,1.9
106945,2025-01-24,Yorkshire,Paid Search,53.0,True,True,0,4.7
106946,2025-01-24,South West,Paid Search,58.0,True,False,0,2.2
106947,2024-09-21,North West,Paid Search,66.0,False,False,1,5.0
106948,2024-02-01,Wales,Paid Search,42.0,True,True,1,5.0
106949,2023-02-04,Yorkshire,Email,38.0,True,False,2,3.4
106950,2024-06-04,Yorkshire,Social,51.0,True,True,1,3.3
106951,2023-01-20,South East,Social,30.0,False,False,2,1.5
106952,2023-03-21,East of England,Referral,28.0,True,False,0,
106953,2024-04-14,Wales,Email,36.0,False,False,0,4.0
106954,2024-12-21,North West,Organic,41.0,False,True,1,4.2
106955,2024-05-12,Yorkshire,Social,18.0,False,False,1,4.5
106956,2023-08-13,London,Organic,55.0,True,False,2,3.0
106957,2024-03-12,North West,Social,44.0,False,False,1,3.8
106958,2024-08-16,London,Paid Search,51.0,True,True,0,4.1
106959,2023-12-08,South West,Organic,21.0,True,True,2,5.0
106960,2023-10-14,North East,Paid Search,32.0,True,False,2,4.7
106961,2023-09-22,London,Paid Search,32.0,False,False,1,4.1
106962,2024-06-02,South West,Organic,38.0,True,False,1,3.1
106963,2024-10-27,Yorkshire,Email,41.0,True,False,0,5.0
106964,2022-10-09,South West,Organic,52.0,False,False,0,5.0
106965,2023-10-03,Yorkshire,Affiliate,42.0,True,False,1,2.6
106966,2025-01-24,North East,Organic,31.0,True,True,0,2.3
106967,2023-04-11,London,Affiliate,69.0,False,False,2,4.1
106968,2024-05-14,South East,Paid Search,38.0,False,False,1,3.8
106969,2024-03-03,North West,Organic,29.0,True,True,0,5.0
106970,2024-05-12,South West,Paid Search,18.0,True,False,2,3.0
106971,2023-06-14,London,Paid Search,42.0,True,False,0,3.2
106972,2023-06-11,South East,Paid Search,50.0,True,False,0,2.6
106973,2023-06-08,SOUTH WEST,Social,26.0,True,True,4,2.3
106974,2024-12-10,Scotland,Paid Search,49.0,True,True,3,4.1
106975,2024-05-21,South West,Paid Search,42.0,False,False,1,2.6
106976,2024-06-27,West Midlands,Paid Search,18.0,True,False,0,5.0
106977,2023-04-11,London,Social,49.0,True,False,0,1.7
106978,2025-01-24,Yorkshire,Organic,38.0,True,False,1,3.5
106979,2025-01-20,South East,Paid Search,26.0,True,True,1,4.2
106980,2023-10-30,Scotland,Paid Search,53.0,False,False,1,4.4
106981,2023-11-04,Wales,Email,53.0,False,True,0,2.3
106982,2023-05-29,South East,Email,26.0,False,False,0,2.3
106983,2024-10-24,North West,Organic,45.0,True,False,1,3.1
106984,2024-01-19,North East,Social,44.0,True,False,0,5.0
106985,2022-12-15,West Midlands,Paid Search,40.0,False,False,1,
106986,2024-12-21,West Midlands,Organic,34.0,True,True,1,
106987,2023-02-13,East of England,Email,39.0,True,False,0,4.3
106988,2023-11-27,South East,Email,53.0,False,True,1,4.4
106989,2023-06-20,London,Organic,46.0,True,True,0,
106990,2023-04-26,Wales,Social,18.0,True,True,0,3.3
106991,2023-07-09,North East,Organic,18.0,True,False,0,4.9
106992,2023-09-07,North East,Email,18.0,True,False,5,3.3
106993,2024-06-12,London,Email,23.0,True,False,1,2.8
106994,2025-01-22,Yorkshire,Email,31.0,True,False,2,3.9
106995,2025-01-24,Wales,Paid Search,35.0,False,False,1,4.0
106996,2024-08-11,Wales,Organic,40.0,True,True,0,1.8
106997,2024-02-16,West Midlands,Paid Search,41.0,True,False,1,3.1
106998,2023-05-04,Scotland,Organic,40.0,True,True,1,3.6
106999,2024-12-15,South East,Organic,56.0,True,True,0,4.1
107000,2025-01-06,South East,Social,19.0,True,False,1,
107001,2022-12-22,West Midlands,Social,45.0,False,False,1,4.4
107002,2023-10-06,North West,Social,45.0,True,False,0,3.2
107003,2023-07-27,North East,Social,25.0,False,False,0,3.3
107004,2023-05-15,London,Paid Search,48.0,False,False,2,1.8
107005,2023-08-07,YORKSHIRE,Paid Search,46.0,True,False,0,4.5
107006,2025-01-24,Yorkshire,Paid Search,40.0,True,False,3,3.5
107007,2023-06-28,London,Email,18.0,True,True,0,5.0
107008,2022-10-19,Scotland,Paid Search,54.0,False,True,2,4.9
107009,2023-11-07,North East,Organic,44.0,False,False,0,4.4
107010,2023-07-14,South East,Organic,46.0,False,False,0,3.6
107011,2024-01-26,South East,Social,18.0,False,False,1,4.2
107012,2023-06-28,South East,Affiliate,34.0,False,False,0,4.0
107013,2025-01-24,London,Referral,22.0,False,False,2,
107014,2023-02-01,Wales,Paid Search,58.0,False,True,1,2.3
107015,2023-03-07,London,Social,27.0,True,False,0,3.5
107016,2024-08-22,NORTH WEST,Paid Search,60.0,True,False,0,4.0
107017,2023-11-27,Wales,Email,53.0,False,False,1,3.9
107018,2023-10-10,North East,Organic,44.0,False,False,0,3.5
107019,2024-07-16,South East,Paid Search,56.0,True,True,1,2.6
107020,2023-08-21,West Midlands,Organic,29.0,True,True,3,3.1
107021,2023-01-02,South East,Organic,31.0,True,False,1,1.2
107022,2024-05-30,South East,Affiliate,53.0,True,True,0,3.8
107023,2023-02-19,North East,Paid Search,29.0,True,True,0,3.5
107024,2023-11-08,West Midlands,Affiliate,24.0,True,True,1,5.0
107025,2024-12-16,East of England,Paid Search,37.0,True,False,1,5.0
107026,2023-06-08,South East,Paid Search,30.0,True,False,2,2.6
107027,2023-04-15,North West,Email,65.0,True,False,0,4.7
107028,2024-05-09,West Midlands,Social,51.0,False,False,1,
107029,2023-05-14,Yorkshire,Referral,34.0,False,True,0,2.8
107030,2023-03-10,North East,Social,28.0,True,False,1,3.6
107031,2023-11-14,North West,Social,45.0,False,True,1,5.0
107032,2024-07-29,East of England,Paid Search,56.0,True,False,0,3.9
107033,2024-08-11,SCOTLAND,Affiliate,45.0,False,False,1,4.4
107034,2024-05-09,South West,Social,29.0,False,True,0,
107035,2023-05-16,West Midlands,Social,22.0,True,False,2,3.0
107036,2022-06-23,Scotland,Email,36.0,True,False,1,3.5
107037,2025-01-19,,Paid Search,45.0,False,False,0,4.0
107038,2024-01-10,Scotland,Referral,35.0,True,False,0,3.8
107039,2023-06-01,South West,Social,54.0,False,True,3,2.7
107040,2024-09-14,London,Email,48.0,False,False,1,5.0
107041,2023-08-22,West Midlands,Email,44.0,True,False,1,3.7
107042,2024-08-19,South East,Organic,48.0,False,False,1,3.4
107043,2022-05-19,South East,Email,23.0,False,True,1,4.8
107044,2022-12-30,London,Email,35.0,False,False,0,3.8
107045,2023-08-26,West Midlands,Paid Search,27.0,True,False,0,1.6
107046,2024-08-14,North West,Email,46.0,True,True,1,5.0
107047,2023-06-14,South West,Social,28.0,True,True,1,3.5
107048,2024-01-08,Yorkshire,Referral,42.0,False,False,0,3.8
107049,2023-11-22,South West,Email,39.0,True,False,0,
107050,2023-04-30,Wales,Paid Search,49.0,True,True,2,2.8
107051,2023-12-29,South West,Paid Search,25.0,True,False,0,2.4
107052,2024-01-25,Scotland,Paid Search,47.0,True,False,0,
107053,2023-11-28,North East,Email,27.0,True,False,0,3.4
107054,2023-03-22,West Midlands,Referral,28.0,True,True,1,3.7
107055,2024-02-14,Wales,Email,39.0,True,False,3,4.9
107056,2022-11-13,South East,Referral,57.0,False,False,2,3.6
107057,2024-09-21,North East,Social,30.0,True,True,1,4.0
107058,2024-08-28,West Midlands,Social,18.0,True,True,0,
107059,2024-04-02,East of England,Affiliate,29.0,True,False,0,2.9
107060,2024-04-18,West Midlands,Paid Search,36.0,True,True,0,4.0
107061,2023-08-02,North West,Organic,65.0,True,False,1,5.0
107062,2023-04-21,West Midlands,Paid Search,46.0,False,False,0,5.0
107063,2023-06-18,East of England,Paid Search,31.0,False,False,0,2.7
107064,2025-01-24,South East,Social,39.0,True,False,0,3.3
107065,2025-01-24,South East,Paid Search,61.0,False,False,1,5.0
107066,2024-11-22,North East,Organic,38.0,False,False,1,
107067,2023-07-14,London,Paid Search,38.0,False,True,4,3.2
107068,2023-12-28,South West,Organic,36.0,True,False,2,3.5
107069,2024-09-08,West Midlands,Paid Search,50.0,True,False,1,4.0
107070,2024-12-27,West Midlands,Referral,34.0,False,True,0,1.0
107071,2024-07-10,West Midlands,Social,52.0,False,False,0,3.6
107072,2024-02-26,West Midlands,Email,55.0,False,False,0,3.9
107073,2024-07-28,South West,Organic,49.0,True,False,0,3.6
107074,2025-01-23,Wales,Paid Search,38.0,True,False,1,4.1
107075,2023-12-04,West Midlands,Email,23.0,False,False,1,2.8
107076,2023-09-27,South East,Paid Search,38.0,True,True,0,4.2
107077,2023-02-23,London,Organic,32.0,False,False,2,4.7
107078,2023-07-31,South West,Social,31.0,True,True,1,5.0
107079,2022-10-23,North East,Email,38.0,True,True,1,3.8
107080,2024-08-03,London,Referral,47.0,False,True,0,4.2
107081,2024-11-12,,Paid Search,33.0,False,False,0,3.4
107082,2024-08-16,North West,Social,23.0,True,False,1,3.6
107083,2024-04-08,North West,Organic,29.0,True,True,1,4.8
107084,2025-01-24,Wales,Email,63.0,True,True,1,
107085,2025-01-24,North West,Affiliate,48.0,False,False,3,5.0
107086,2024-07-21,WEST MIDLANDS,Social,29.0,True,True,1,2.4
107087,2023-11-24,South East,Organic,58.0,True,True,3,3.8
107088,2024-01-02,North East,Email,38.0,True,False,1,3.5
107089,2024-05-09,North East,Social,71.0,False,False,1,4.7
107090,2025-01-24,North East,Referral,44.0,True,True,0,4.9
107091,2023-07-25,North West,Social,48.0,True,True,0,2.8
107092,2025-01-09,South East,Affiliate,52.0,True,False,0,2.8
107093,2025-01-24,North East,Paid Search,60.0,True,False,1,3.3
107094,2025-01-24,East of England,Email,35.0,True,True,0,4.5
107095,2023-04-27,North West,Organic,59.0,False,False,0,4.4
107096,2023-10-31,London,Social,33.0,True,True,0,2.5
107097,2024-05-31,South West,Affiliate,36.0,False,True,1,4.3
107098,2023-05-13,Wales,Social,41.0,True,False,1,4.1
107099,2023-06-18,London,Email,53.0,True,False,0,3.9
107100,2024-03-27,Scotland,Paid Search,37.0,True,False,1,4.5
107101,2024-01-30,Scotland,Paid Search,62.0,False,False,1,4.2
107102,2024-08-25,Scotland,Social,58.0,True,False,2,4.1
107103,2024-01-15,West Midlands,Organic,42.0,True,True,1,5.0
107104,2023-07-22,West Midlands,Paid Search,28.0,True,False,1,5.0
107105,2023-07-01,West Midlands,Email,54.0,True,False,0,3.6
107106,2023-12-17,North East,Email,18.0,True,False,1,3.9
107107,2024-02-15,NORTH EAST,Paid Search,51.0,False,False,1,4.6
107108,2023-09-01,South East,Paid Search,30.0,True,True,0,
107109,2024-12-11,South West,Organic,57.0,False,False,1,4.6
107110,2023-12-25,Yorkshire,Social,23.0,True,False,0,3.3
107111,2023-12-26,North West,Referral,32.0,False,False,1,4.7
107112,2025-01-24,South East,Organic,47.0,False,False,1,4.6
107113,2024-01-30,South West,Paid Search,49.0,True,True,0,3.9
107114,2025-01-24,West Midlands,Referral,33.0,True,False,0,
107115,2023-07-19,South East,Paid Search,37.0,True,False,0,
107116,2023-06-22,NORTH EAST,Social,53.0,True,True,2,5.0
107117,2024-07-16,North East,Organic,54.0,False,False,1,2.3
107118,2024-11-06,Scotland,Referral,36.0,True,False,1,4.6
107119,2023-11-06,Scotland,Email,33.0,False,True,3,
107120,2023-05-14,Scotland,Paid Search,23.0,True,False,0,5.0
107121,2022-01-04,South East,Organic,44.0,False,True,1,3.5
107122,2023-04-27,South East,Paid Search,52.0,False,True,0,3.3
107123,2024-03-23,North West,Organic,43.0,True,False,1,2.8
107124,2023-09-21,West Midlands,Organic,29.0,False,False,1,5.0
107125,2022-10-07,South East,Social,64.0,True,False,2,2.5
107126,2024-01-11,London,Email,18.0,True,False,2,3.6
107127,2023-10-02,North East,Paid Search,52.0,False,False,1,2.7
107128,2023-12-20,Wales,Organic,44.0,True,True,0,1.0
107129,2023-10-02,WEST MIDLANDS,Referral,47.0,False,False,1,4.0
107130,2025-01-24,East of England,Organic,31.0,True,False,3,3.9
107131,2025-01-24,SOUTH EAST,Social,39.0,False,True,2,3.8
107132,2023-05-24,North East,Email,,True,False,0,4.5
107133,2024-06-11,Wales,Email,40.0,True,False,1,4.7
107134,2024-07-30,South East,Social,18.0,True,True,2,3.4
107135,2025-01-24,North West,Affiliate,63.0,False,False,0,4.1
107136,2023-03-24,West Midlands,Paid Search,49.0,False,True,1,3.9
107137,2023-12-24,London,Paid Search,41.0,False,False,0,4.0
107138,2024-11-22,West Midlands,Organic,42.0,True,True,1,5.0
107139,2023-07-30,East of England,Paid Search,63.0,True,True,1,4.4
107140,2024-06-07,South West,Paid Search,31.0,False,False,1,4.9
107141,2024-04-02,London,Paid Search,28.0,True,True,2,3.8
107142,2025-01-24,West Midlands,Email,52.0,True,True,0,3.0
107143,2022-06-09,Wales,Organic,47.0,True,False,1,
107144,2023-01-02,Wales,Referral,28.0,False,False,1,3.9
107145,2025-01-24,,Paid Search,55.0,True,False,1,3.6
107146,2024-01-30,South West,Social,45.0,True,True,2,3.8
107147,2024-10-26,North West,Paid Search,29.0,False,False,1,4.5
107148,2024-08-17,Wales,Paid Search,47.0,True,True,0,4.3
107149,2023-09-22,Scotland,Email,45.0,True,False,1,3.9
107150,2024-12-04,East of England,Paid Search,40.0,True,False,2,3.0
107151,2024-09-15,North West,Email,46.0,False,False,1,5.0
107152,2024-08-05,South East,Email,49.0,False,False,3,
107153,2024-05-08,Yorkshire,Social,,False,False,1,5.0
107154,2024-03-16,Yorkshire,Social,42.0,False,True,2,1.8
107155,2025-01-24,Yorkshire,Referral,37.0,True,True,2,
107156,2024-05-04,Wales,Paid Search,44.0,False,True,4,4.2
107157,2023-06-12,South West,Affiliate,56.0,False,False,4,3.0
107158,2023-04-03,West Midlands,Paid Search,49.0,True,False,2,4.9
107159,2023-10-11,Scotland,Organic,37.0,True,True,2,3.5
107160,2025-01-24,LONDON,Affiliate,42.0,True,True,3,3.9
107161,2025-01-24,South West,Paid Search,,False,True,2,3.3
107162,2024-03-20,South East,Referral,51.0,True,False,1,4.9
107163,2025-01-24,London,Social,43.0,True,True,0,3.7
107164,2023-06-27,Yorkshire,Referral,56.0,False,False,1,3.9
107165,2024-03-02,North East,Paid Search,34.0,True,True,0,5.0
107166,2025-01-24,West Midlands,Social,45.0,True,False,1,3.8
107167,2023-01-16,South East,Paid Search,65.0,True,True,3,3.9
107168,2023-12-22,South East,Paid Search,49.0,False,False,1,3.5
107169,2022-10-16,Wales,Email,62.0,False,True,1,5.0
107170,2023-10-24,East of England,Email,40.0,False,True,0,3.9
107171,2024-05-04,Scotland,Email,35.0,True,False,0,3.8
107172,2025-01-07,North East,Email,56.0,True,False,1,3.0
107173,2024-05-30,South East,Email,18.0,False,False,3,3.5
107174,2023-08-08,East of England,Organic,43.0,False,False,1,3.6
107175,2023-09-17,West Midlands,Organic,54.0,True,True,1,5.0
107176,2022-07-16,North West,Email,48.0,True,False,0,3.7
107177,2023-12-03,North East,Social,18.0,True,True,1,2.9
107178,2023-06-13,North East,Paid Search,24.0,False,False,1,3.9
107179,2024-01-19,Wales,Organic,40.0,True,False,0,4.0
107180,2024-02-28,South East,Paid Search,47.0,True,False,2,
107181,2023-03-12,South West,Email,48.0,True,False,0,5.0
107182,2025-01-24,West Midlands,Paid Search,41.0,False,True,2,3.5
107183,2024-02-01,West Midlands,Social,50.0,True,True,1,4.3
107184,2023-09-19,South East,Email,47.0,False,True,0,4.4
107185,2024-03-30,Yorkshire,Affiliate,39.0,True,False,0,2.0
107186,2023-12-27,Wales,Organic,48.0,False,False,2,3.7
107187,2024-06-27,North West,Referral,33.0,False,False,2,3.5
107188,2024-02-23,Yorkshire,Social,49.0,True,True,1,
107189,2023-12-19,East of England,Paid Search,30.0,True,True,0,3.9
107190,2023-10-05,East of England,Organic,47.0,False,True,0,4.1
107191,2023-12-04,North West,Organic,47.0,False,False,0,
107192,2024-03-27,London,Paid Search,37.0,False,True,1,4.1
107193,2024-06-10,Wales,Organic,49.0,True,False,2,4.0
107194,2025-01-24,Yorkshire,Paid Search,61.0,False,False,0,5.0
107195,2024-01-03,SOUTH WEST,Referral,28.0,False,False,3,2.9
107196,2024-02-27,Yorkshire,Organic,53.0,True,True,0,2.5
107197,2023-11-25,West Midlands,Paid Search,55.0,True,False,1,2.5
107198,2024-06-23,North West,Social,38.0,False,True,3,5.0
107199,2025-01-24,East of England,Referral,51.0,True,False,1,3.8
107200,2024-06-08,Wales,Affiliate,38.0,True,True,1,3.2
107201,2024-02-12,WEST MIDLANDS,Referral,57.0,False,True,1,4.6
107202,2022-10-10,,Referral,18.0,False,False,0,5.0
107203,2024-01-05,South East,Organic,60.0,False,False,2,3.0
107204,2024-02-17,Yorkshire,Social,27.0,False,False,0,4.6
107205,2024-04-19,,Organic,42.0,True,True,0,
107206,2024-03-25,Wales,Affiliate,30.0,False,True,1,5.0
107207,2023-04-09,North West,Paid Search,60.0,True,False,0,4.5
107208,2023-11-28,Scotland,Social,38.0,False,False,1,4.0
107209,2023-11-16,,Paid Search,34.0,True,True,0,3.9
107210,2024-04-12,Scotland,Referral,56.0,True,False,2,2.0
107211,2024-01-24,East of England,Organic,51.0,True,True,2,2.9
107212,2024-03-29,South West,Referral,37.0,True,True,1,4.5
107213,2025-01-24,South West,Affiliate,,True,True,1,
107214,2024-08-10,YORKSHIRE,Paid Search,26.0,True,True,1,
107215,2023-03-13,Scotland,Email,58.0,False,True,1,3.8
107216,2024-11-27,West Midlands,Organic,46.0,True,False,0,4.4
107217,2025-01-18,North East,Organic,43.0,False,False,1,5.0
107218,2024-12-23,South West,Paid Search,47.0,False,True,2,3.3
107219,2024-11-23,Wales,Social,18.0,True,False,0,3.6
107220,2023-02-15,SOUTH WEST,Organic,37.0,True,False,0,4.0
107221,2024-03-23,London,Email,37.0,False,False,0,4.1
107222,2023-10-16,North West,Email,54.0,True,False,1,4.2
107223,2024-03-06,,Organic,22.0,True,False,0,4.4
107224,2024-10-12,West Midlands,Paid Search,55.0,False,True,0,
107225,2023-01-20,North East,Paid Search,64.0,False,False,0,4.3
107226,2023-06-10,Scotland,Paid Search,19.0,False,False,0,
107227,2023-09-03,North West,Affiliate,41.0,False,False,2,2.8
107228,2023-12-11,Yorkshire,Organic,47.0,False,False,2,2.9
107229,2023-08-28,West Midlands,Email,52.0,True,False,3,2.6
107230,2024-04-09,SOUTH EAST,Affiliate,18.0,True,False,1,5.0
107231,2024-07-10,North East,Organic,45.0,False,False,2,5.0
107232,2023-03-31,North East,Social,38.0,False,False,1,2.8
107233,2023-06-29,South West,Referral,37.0,False,False,1,
107234,2024-10-10,West Midlands,Social,68.0,True,False,1,2.6
107235,2025-01-24,Wales,Paid Search,38.0,False,False,0,4.6
107236,2024-06-08,NORTH WEST,Email,47.0,False,False,0,3.6
107237,2024-02-05,Wales,Referral,39.0,True,False,1,2.1
107238,2024-05-09,Wales,Email,44.0,True,True,0,3.1
107239,2024-09-04,South East,Email,48.0,False,False,4,3.5
107240,2024-04-15,West Midlands,Email,53.0,False,False,1,4.4
107241,2023-12-29,East of England,Social,31.0,True,True,1,4.0
107242,2023-09-25,North West,Paid Search,43.0,True,True,2,
107243,2025-01-24,Wales,Referral,43.0,False,False,0,3.8
107244,2023-06-16,East of England,Paid Search,20.0,True,True,1,4.9
107245,2022-11-03,North West,Referral,29.0,True,True,0,2.3
107246,2023-04-22,South West,Organic,53.0,True,True,2,3.7
107247,2024-11-19,London,Social,35.0,False,True,0,5.0
107248,2024-11-27,West Midlands,Email,75.0,True,True,0,4.5
107249,2024-07-08,South East,Email,54.0,True,False,0,4.5
107250,2024-04-03,London,Paid Search,47.0,True,False,3,3.4
107251,2024-10-15,South West,Social,61.0,False,False,0,5.0
107252,2023-03-07,South East,Paid Search,51.0,False,False,2,2.5
107253,2023-10-12,East of England,Paid Search,43.0,False,True,0,4.0
107254,2023-09-09,London,Social,23.0,True,False,0,2.1
107255,2023-07-30,Wales,Affiliate,50.0,False,False,2,3.4
107256,2024-10-14,North East,Affiliate,59.0,False,False,2,
107257,2023-05-19,West Midlands,Social,33.0,True,True,1,3.1
107258,2024-01-21,Scotland,Email,18.0,False,False,1,
107259,2023-05-10,East of England,Paid Search,27.0,True,False,2,4.2
107260,2023-05-01,Yorkshire,Paid Search,,True,False,4,3.7
107261,2025-01-14,London,Email,42.0,False,False,1,4.9
107262,2024-07-06,North East,Email,60.0,True,True,0,2.6
107263,2023-01-24,North East,Email,41.0,False,False,2,4.8
107264,2024-04-26,Scotland,Paid Search,35.0,True,True,1,3.7
107265,2023-03-11,Yorkshire,Organic,69.0,False,True,1,3.6
107266,2023-09-08,South East,Paid Search,36.0,False,False,0,3.1
107267,2024-02-04,South West,Email,38.0,True,False,1,4.4
107268,2023-04-12,Yorkshire,Organic,47.0,False,False,2,3.3
107269,2024-05-10,North West,Organic,37.0,True,True,2,4.8
107270,2024-01-02,West Midlands,Social,51.0,True,False,0,1.8
107271,2023-07-29,London,Paid Search,47.0,True,False,1,4.2
107272,2023-05-26,,Organic,47.0,False,True,0,4.5
107273,2024-03-12,London,Email,33.0,False,True,2,3.2
107274,2024-10-20,Yorkshire,Organic,19.0,False,True,1,4.9
107275,2024-06-22,Wales,Social,30.0,True,False,1,4.4
107276,2023-09-06,London,Affiliate,31.0,False,True,0,2.9
107277,2023-07-27,South East,Paid Search,45.0,False,True,0,4.2
107278,2024-11-29,South West,Paid Search,30.0,False,False,1,
107279,2025-01-24,Wales,Email,22.0,False,True,1,4.6
107280,2025-01-24,London,Social,26.0,True,False,1,3.4
107281,2023-05-08,North West,Affiliate,,False,False,0,2.5
107282,2024-01-20,East of England,Paid Search,,False,False,1,1.9
107283,2023-08-30,Yorkshire,Referral,34.0,True,False,2,4.3
107284,2023-09-14,Yorkshire,Organic,36.0,False,False,1,3.1
107285,2023-04-26,NORTH WEST,Paid Search,49.0,True,False,5,2.9
107286,2025-01-24,YORKSHIRE,Social,43.0,False,True,1,4.2
107287,2022-03-27,London,Organic,56.0,True,True,0,4.0
107288,2024-04-03,Wales,Paid Search,39.0,False,False,1,4.7
107289,2023-06-02,Yorkshire,Paid Search,30.0,True,False,3,
107290,2024-07-20,West Midlands,Organic,55.0,False,False,0,3.6
107291,2023-08-27,West Midlands,Social,37.0,True,True,1,3.6
107292,2024-11-14,West Midlands,Paid Search,31.0,True,True,1,4.2
107293,2023-07-07,Scotland,Paid Search,53.0,True,False,1,4.4
107294,2024-05-12,South East,Organic,60.0,True,False,1,3.5
107295,2022-10-15,East of England,Email,43.0,False,False,1,2.8
107296,2025-01-24,South East,Affiliate,28.0,True,False,2,4.2
107297,2022-12-03,West Midlands,Paid Search,61.0,True,True,0,4.3
107298,2023-06-30,Wales,Affiliate,46.0,False,False,1,2.4
107299,2024-10-07,Yorkshire,Email,44.0,False,False,3,2.9
107300,2023-04-21,North East,Referral,36.0,True,True,0,4.0
107301,2023-05-10,East of England,Social,56.0,True,True,1,4.4
107302,2024-07-29,,Organic,27.0,False,True,2,
107303,2024-03-06,London,Email,,True,False,2,2.7
107304,2023-12-01,Yorkshire,Social,66.0,True,True,1,4.3
107305,2024-01-18,West Midlands,Referral,30.0,True,False,0,4.8
107306,2022-08-23,,Referral,53.0,False,True,0,
107307,2024-04-11,London,Social,59.0,True,False,1,3.4
107308,2023-04-05,South East,Social,,False,False,1,5.0
107309,2023-02-22,London,Organic,30.0,True,False,1,5.0
107310,2023-10-21,Scotland,Email,49.0,False,True,0,3.2
107311,2024-02-10,London,Email,59.0,True,True,2,4.2
107312,2024-07-15,Wales,Social,45.0,False,True,1,3.0
107313,2023-08-27,Yorkshire,Paid Search,31.0,True,False,1,4.4
107314,2024-04-29,North East,Affiliate,45.0,True,True,1,3.6
107315,2024-02-20,London,Organic,23.0,True,False,1,3.1
107316,2023-09-03,London,Paid Search,28.0,True,False,1,1.9
107317,2023-05-18,Wales,Paid Search,38.0,True,True,0,4.3
107318,2024-05-11,West Midlands,Paid Search,42.0,True,False,0,3.6
107319,2024-08-02,South West,Organic,25.0,False,False,1,5.0
107320,2022-10-25,South East,Paid Search,44.0,True,True,3,5.0
107321,2023-08-03,London,Paid Search,48.0,True,True,2,5.0
107322,2023-04-09,Scotland,Paid Search,38.0,True,True,5,2.2
107323,2023-05-28,Yorkshire,Paid Search,18.0,True,False,3,3.1
107324,2024-04-18,South East,Affiliate,42.0,False,True,2,
107325,2023-08-17,London,Social,65.0,True,False,1,4.4
107326,2022-11-27,North West,Paid Search,47.0,False,False,1,3.2
107327,2023-12-26,South East,Social,41.0,True,False,2,5.0
107328,2023-10-27,North East,Social,36.0,True,True,2,3.1
107329,2023-09-23,North East,Social,49.0,False,False,3,4.4
107330,2022-09-17,London,Organic,44.0,False,True,0,4.0
107331,2023-09-08,Scotland,Social,50.0,False,False,1,3.2
107332,2023-11-15,West Midlands,Paid Search,27.0,True,False,0,4.7
107333,2024-04-07,London,Paid Search,43.0,False,False,0,4.4
107334,2024-01-06,East of England,Affiliate,35.0,False,False,1,4.8
107335,2023-07-14,Wales,Organic,46.0,True,False,2,3.7
107336,2025-01-24,East of England,Paid Search,18.0,True,True,1,4.3
107337,2024-05-13,North East,Paid Search,36.0,False,False,0,3.3
107338,2022-11-24,East of England,Email,48.0,True,False,0,3.7
107339,2023-12-06,Yorkshire,Paid Search,50.0,True,False,3,2.3
107340,2023-10-24,North East,Organic,41.0,True,False,0,3.7
107341,2023-11-05,South West,Organic,18.0,True,False,1,4.4
107342,2023-08-25,South West,Paid Search,49.0,True,False,3,1.9
107343,2022-12-10,South West,Organic,62.0,True,False,0,4.7
107344,2023-08-08,London,Paid Search,30.0,True,False,1,3.8
107345,2024-01-22,South West,Organic,35.0,True,False,1,3.9
107346,2023-06-09,South West,Paid Search,51.0,True,True,1,
107347,2024-03-01,Scotland,Affiliate,52.0,False,False,0,
107348,2024-09-30,Yorkshire,Social,55.0,False,False,0,1.8
107349,2023-07-30,Wales,Paid Search,,True,False,0,3.9
107350,2024-04-11,South East,Paid Search,21.0,True,False,0,
107351,2023-08-12,Yorkshire,Email,35.0,False,False,0,3.8
107352,2023-02-10,South West,Email,49.0,False,False,3,3.9
107353,2023-10-20,North West,Organic,40.0,False,True,1,3.6
107354,2024-01-09,North West,Paid Search,46.0,False,False,0,3.3
107355,2023-10-15,,Social,,True,False,0,4.3
107356,2025-01-24,West Midlands,Paid Search,35.0,True,False,1,
107357,2023-12-28,West Midlands,Paid Search,38.0,True,True,1,5.0
107358,2024-08-19,North East,Organic,26.0,True,False,1,5.0
107359,2024-06-10,London,Email,32.0,False,True,0,2.8
107360,2023-06-21,East of England,Organic,40.0,True,True,0,4.6
107361,2024-05-20,London,Paid Search,,False,True,1,
107362,2023-03-24,South West,Paid Search,48.0,False,True,1,2.8
107363,2025-01-04,Scotland,Social,37.0,False,False,1,
107364,2024-06-04,Scotland,Social,63.0,False,False,1,3.5
107365,2023-04-19,North East,Social,57.0,True,False,0,
107366,2023-05-23,SOUTH WEST,Social,34.0,True,False,0,5.0
107367,2024-09-20,South East,Organic,44.0,False,True,0,3.8
107368,2024-05-02,North West,Organic,57.0,True,False,3,4.6
107369,2023-07-03,North West,Affiliate,33.0,False,False,2,2.1
107370,2024-11-17,East of England,Referral,31.0,True,True,1,4.5
107371,2024-07-11,Wales,Organic,58.0,False,False,0,3.2
107372,2024-08-09,East of England,Social,50.0,True,False,0,4.1
107373,2025-01-24,,Paid Search,55.0,False,False,1,3.7
107374,2023-11-11,South West,Paid Search,45.0,False,True,2,3.1
107375,2023-08-30,SOUTH WEST,Organic,38.0,True,False,0,4.3
107376,2023-04-11,London,Email,24.0,False,True,0,2.9
107377,2022-06-22,Yorkshire,Affiliate,43.0,False,False,2,3.8
107378,2023-12-14,South West,Email,57.0,True,False,0,4.7
107379,2024-04-03,East of England,Email,57.0,False,False,2,4.1
107380,2023-09-06,North West,Paid Search,55.0,False,False,0,
107381,2024-05-28,South East,Affiliate,51.0,True,False,2,4.7
107382,2022-12-05,North West,Paid Search,70.0,True,True,1,3.9
107383,2023-04-02,West Midlands,Affiliate,21.0,False,False,0,3.6
107384,2023-03-15,North East,Paid Search,44.0,False,False,0,4.2
107385,2025-01-24,East of England,Paid Search,29.0,True,False,0,3.6
107386,2024-03-26,Wales,Social,61.0,True,False,2,4.4
107387,2023-06-02,London,Paid Search,34.0,True,False,4,
107388,2023-11-23,South West,Paid Search,54.0,True,False,0,4.2
107389,2024-01-17,South East,Social,35.0,True,False,0,3.9
107390,2023-09-21,Yorkshire,Email,46.0,True,False,1,4.8
107391,2023-05-23,West Midlands,Organic,40.0,True,False,0,3.5
107392,2024-08-19,Wales,Social,41.0,False,False,0,
107393,2025-01-21,East of England,Social,45.0,False,False,0,3.6
107394,2023-10-14,Scotland,Paid Search,53.0,False,False,3,1.8
107395,2023-06-17,Yorkshire,Organic,40.0,True,False,1,3.0
107396,2024-03-22,South West,Social,53.0,True,False,0,4.6
107397,2024-02-21,South West,Referral,54.0,False,False,1,4.6
107398,2023-10-11,Yorkshire,Organic,36.0,False,True,1,2.6
107399,2024-11-20,SOUTH WEST,Email,66.0,True,True,2,4.9
107400,2023-10-16,South West,Social,51.0,False,True,1,
107401,2023-10-19,London,Email,35.0,True,False,3,3.2
107402,2023-03-27,West Midlands,Email,49.0,True,False,3,4.1
107403,2023-09-16,North East,Social,,False,True,0,
107404,2023-07-12,West Midlands,Paid Search,49.0,True,False,1,
107405,2022-09-18,Wales,Referral,44.0,True,False,0,4.2
107406,2022-10-13,Yorkshire,Social,18.0,False,True,1,4.2
107407,2024-10-31,North West,Social,28.0,True,True,1,5.0
107408,2023-12-12,West Midlands,Social,50.0,False,True,2,4.5
107409,2023-05-03,Scotland,Paid Search,28.0,True,False,0,3.8
107410,2024-03-26,South East,Organic,,False,False,0,4.3
107411,2025-01-24,West Midlands,Social,53.0,True,False,0,3.4
107412,2023-01-24,East of England,Organic,40.0,False,False,1,3.4
107413,2024-03-24,North East,Paid Search,18.0,True,False,1,2.6
107414,2023-05-10,North East,Email,31.0,False,True,2,4.8
107415,2025-01-24,West Midlands,Organic,50.0,False,False,2,5.0
107416,2024-04-25,South West,Email,57.0,True,True,1,2.3
107417,2024-06-11,West Midlands,Paid Search,18.0,False,False,0,2.8
107418,2024-03-11,Wales,Social,42.0,True,False,0,3.5
107419,2022-04-10,North East,Paid Search,22.0,True,True,0,
107420,2023-05-30,Scotland,Email,42.0,True,True,1,4.0
107421,2023-11-20,East of England,Social,39.0,False,False,4,4.6
107422,2023-08-31,Wales,Organic,72.0,True,True,2,4.0
107423,2024-04-27,South East,Affiliate,34.0,False,False,1,4.2
107424,2024-09-28,North West,Organic,55.0,False,False,2,4.0
107425,2023-09-29,East of England,Organic,54.0,True,False,1,5.0
107426,2023-12-21,South East,Email,38.0,True,False,0,2.3
107427,2023-12-25,South West,Social,43.0,False,False,1,3.3
107428,2023-11-25,,Social,41.0,True,True,0,3.2
107429,2023-02-04,WEST MIDLANDS,Affiliate,31.0,True,False,4,
107430,2024-04-13,Wales,Email,30.0,True,False,0,2.5
107431,2024-02-06,Yorkshire,Paid Search,36.0,True,True,0,2.3
107432,2024-09-29,South West,Paid Search,26.0,False,False,0,4.6
107433,2023-01-07,East of England,Referral,34.0,True,False,0,2.8
107434,2023-09-07,Yorkshire,Paid Search,38.0,False,False,2,
107435,2024-07-30,Yorkshire,Social,43.0,False,False,0,
107436,2023-06-14,,Referral,47.0,False,True,0,3.4
107437,2024-07-25,North East,Email,38.0,False,False,1,5.0
107438,2023-09-26,London,Paid Search,31.0,True,False,0,3.7
107439,2023-01-14,Yorkshire,Email,47.0,True,True,1,3.2
107440,2023-11-26,South West,Organic,51.0,True,False,2,2.3
107441,2024-09-15,East of England,Referral,35.0,False,False,0,
107442,2025-01-24,Scotland,Social,28.0,False,False,0,4.9
107443,2024-06-08,South West,Social,35.0,True,False,0,4.1
107444,2022-05-17,Scotland,Paid Search,39.0,False,False,1,5.0
107445,2024-10-04,South East,Paid Search,56.0,True,True,1,3.3
107446,2024-11-23,North West,Organic,50.0,False,False,0,
107447,2024-02-28,London,Email,41.0,True,False,0,4.4
107448,2024-02-18,South West,Social,66.0,True,False,1,4.4
107449,2023-12-08,North East,Referral,41.0,True,False,2,
107450,2022-12-13,West Midlands,Paid Search,59.0,False,False,1,2.8
107451,2024-04-26,South West,Organic,57.0,False,True,0,3.5
107452,2024-07-20,North East,Social,56.0,True,False,0,4.2
107453,2023-06-22,West Midlands,Social,45.0,True,False,0,4.2
107454,2023-02-02,Wales,Social,43.0,True,True,0,3.8
107455,2023-11-14,LONDON,Organic,41.0,True,False,0,3.1
107456,2025-01-24,East of England,Paid Search,52.0,False,False,1,2.3
107457,2024-05-14,South East,Email,31.0,True,False,1,3.8
107458,2022-12-29,South West,Referral,38.0,True,False,1,4.6
107459,2024-03-03,LONDON,Email,63.0,True,False,2,2.8
107460,2024-07-21,Wales,Email,49.0,False,False,2,5.0
107461,2024-03-18,West Midlands,Social,53.0,True,False,1,3.7
107462,2022-07-30,North West,Email,25.0,True,True,0,5.0
107463,2024-02-03,YORKSHIRE,Email,35.0,True,False,0,4.8
107464,2023-12-12,North East,Paid Search,45.0,False,False,3,
107465,2023-09-13,South East,Organic,40.0,False,True,1,4.4
107466,2024-02-20,West Midlands,Referral,25.0,True,False,2,5.0
107467,2023-12-11,East of England,Referral,51.0,True,False,1,3.6
107468,2024-06-13,London,Email,55.0,False,False,1,5.0
107469,2024-01-14,North East,Organic,37.0,True,False,2,4.9
107470,2023-11-28,Yorkshire,Email,51.0,True,False,0,3.7
107471,2024-10-14,North East,Paid Search,67.0,True,False,0,4.0
107472,2023-08-18,Scotland,Paid Search,61.0,True,False,1,2.6
107473,2025-01-24,Wales,Social,38.0,False,True,2,3.4
107474,2023-09-27,West Midlands,Social,27.0,True,False,0,4.6
107475,2024-09-02,Scotland,Organic,44.0,True,False,1,3.8
107476,2024-06-25,West Midlands,Social,72.0,True,True,0,4.3
107477,2023-10-08,Yorkshire,Email,58.0,True,False,1,5.0
107478,2024-04-20,North West,Paid Search,41.0,False,False,2,5.0
107479,2023-04-25,YORKSHIRE,Organic,61.0,True,False,1,3.6
107480,2024-03-12,Wales,Email,,False,False,0,3.5
107481,2023-09-12,South East,Affiliate,18.0,False,False,1,3.4
107482,2023-07-06,South West,Referral,55.0,True,False,0,4.2
107483,2024-07-28,Wales,Paid Search,43.0,False,False,0,3.4
107484,2023-10-15,London,Social,30.0,True,True,1,
107485,2024-07-31,East of England,Email,42.0,True,False,2,3.3
107486,2024-04-13,Scotland,Paid Search,46.0,False,True,2,4.0
107487,2022-04-26,EAST OF ENGLAND,Social,31.0,True,True,0,3.5
107488,2024-06-21,North West,Organic,,False,False,2,3.6
107489,2023-05-02,North West,Social,37.0,False,False,1,4.8
107490,2023-09-11,North West,Paid Search,51.0,False,False,2,4.0
107491,2023-09-18,South East,Organic,37.0,True,False,3,3.0
107492,2025-01-24,Scotland,Organic,19.0,False,False,2,5.0
107493,2023-10-08,Wales,Organic,35.0,False,False,0,4.7
107494,2022-12-20,South West,Paid Search,29.0,True,True,1,3.7
107495,2025-01-24,South East,Organic,24.0,True,False,1,3.9
107496,2023-06-14,Yorkshire,Social,56.0,False,True,1,4.6
107497,2023-12-12,London,Paid Search,51.0,True,False,0,3.6
107498,2025-01-24,London,Organic,28.0,False,False,1,4.2
107499,2023-02-16,East of England,Paid Search,24.0,True,True,0,5.0
107500,2024-05-05,West Midlands,Affiliate,,False,False,0,
107501,2025-01-24,South West,Paid Search,24.0,True,False,0,3.5
107502,2024-06-22,South East,Social,38.0,True,False,0,5.0
107503,2023-12-11,South East,Organic,42.0,False,True,1,2.9
107504,2023-12-20,South West,Organic,45.0,True,False,1,4.0
107505,2024-10-20,North West,Referral,45.0,False,False,2,5.0
107506,2023-09-30,London,Social,31.0,True,True,1,2.5
107507,2025-01-06,South West,Social,42.0,True,False,1,
107508,2024-06-04,South West,Paid Search,58.0,False,True,3,
107509,2025-01-24,North East,Paid Search,18.0,True,False,0,5.0
107510,2024-03-26,Yorkshire,Paid Search,45.0,True,False,0,3.6
107511,2024-01-03,Scotland,Organic,26.0,True,False,0,4.8
107512,2023-05-10,East of England,Affiliate,59.0,True,True,0,3.4
107513,2024-01-19,South West,Organic,52.0,False,True,0,3.7
107514,2025-01-24,East of England,Organic,51.0,True,False,1,4.0
107515,2024-08-03,West Midlands,Paid Search,30.0,True,False,2,3.9
107516,2023-06-28,WALES,Organic,44.0,True,True,1,4.1
107517,2024-10-20,South West,Paid Search,46.0,True,False,2,5.0
107518,2025-01-24,Wales,Organic,18.0,False,False,1,4.0
107519,2023-02-03,Yorkshire,Affiliate,43.0,True,True,1,4.0
107520,2023-04-08,Scotland,Social,49.0,True,False,0,
107521,2024-12-24,Wales,Paid Search,23.0,True,True,0,5.0
107522,2024-04-28,East of England,Organic,49.0,True,False,1,3.9
107523,2024-05-02,South West,Social,42.0,False,False,0,4.3
107524,2024-02-28,Wales,Paid Search,59.0,False,False,0,2.8
107525,2024-08-05,North West,Referral,36.0,True,False,1,3.3
107526,2024-09-19,South East,Social,43.0,True,True,2,
107527,2024-01-20,South East,Organic,45.0,False,False,2,3.7
107528,2024-02-19,Yorkshire,Email,18.0,True,False,1,5.0
107529,2024-12-31,Wales,Paid Search,36.0,True,True,1,3.2
107530,2023-04-01,North East,Paid Search,42.0,False,False,1,3.4
107531,2023-06-27,London,Social,18.0,False,True,0,
107532,2024-10-22,London,Paid Search,50.0,True,False,1,2.6
107533,2023-03-20,East of England,Paid Search,42.0,True,False,0,4.3
107534,2023-07-03,North West,Affiliate,42.0,False,True,1,1.8
107535,2023-11-19,Scotland,Email,50.0,False,False,3,3.0
107536,2025-01-24,London,Paid Search,36.0,True,True,0,2.6
107537,2025-01-24,London,Referral,42.0,True,True,3,3.3
107538,2023-09-19,Yorkshire,Paid Search,52.0,False,True,0,3.9
107539,2024-01-05,East of England,Email,42.0,True,False,0,
107540,2023-10-22,Wales,Organic,18.0,False,False,3,3.0
107541,2024-08-07,Scotland,Social,42.0,False,False,1,5.0
107542,2023-12-26,East of England,Social,42.0,True,False,1,4.7
107543,2023-04-29,Wales,Paid Search,53.0,False,True,0,1.7
107544,2024-03-02,Scotland,Referral,37.0,True,False,1,2.8
107545,2023-07-15,North West,Paid Search,28.0,False,True,0,
107546,2024-08-03,Wales,Affiliate,28.0,True,False,2,4.0
107547,2023-12-06,London,Paid Search,60.0,True,False,2,5.0
107548,2023-08-25,North West,Paid Search,45.0,False,True,1,4.9
107549,2023-09-06,South East,Paid Search,59.0,False,True,1,3.8
107550,2024-07-25,East of England,Organic,61.0,True,True,2,
107551,2025-01-24,North West,Social,31.0,True,True,2,3.5
107552,2023-05-24,West Midlands,Social,30.0,True,False,1,4.9
107553,2023-07-17,East of England,Referral,39.0,False,False,3,4.1
107554,2024-08-30,North West,Social,49.0,False,False,1,5.0
107555,2023-06-28,West Midlands,Social,23.0,True,False,4,2.6
107556,2023-03-23,Scotland,Organic,47.0,True,True,0,3.8
107557,2024-06-16,South East,Social,46.0,False,True,1,3.5
107558,2024-01-11,NORTH EAST,Referral,26.0,False,False,0,4.6
107559,2022-12-31,North East,Organic,27.0,False,False,7,3.2
107560,2023-07-17,South West,Organic,47.0,False,True,1,
107561,2024-04-07,South East,Organic,68.0,True,False,1,3.8
107562,2023-02-12,Scotland,Paid Search,37.0,True,True,2,
107563,2024-06-24,West Midlands,Social,45.0,True,False,2,
107564,2024-05-07,SOUTH EAST,Paid Search,33.0,True,True,1,5.0
107565,2023-12-24,Wales,Referral,44.0,False,True,3,
107566,2023-03-26,Scotland,Paid Search,33.0,False,False,0,
107567,2024-02-29,East of England,Paid Search,38.0,False,False,1,3.5
107568,2022-10-21,East of England,Paid Search,73.0,True,False,1,
107569,2023-09-12,West Midlands,Organic,42.0,False,False,1,1.1
107570,2024-06-01,West Midlands,Email,21.0,False,True,1,3.4
107571,2022-11-04,North East,Referral,49.0,True,False,1,4.0
107572,2022-11-26,Wales,Organic,56.0,True,False,1,2.6
107573,2023-11-12,Yorkshire,Paid Search,50.0,False,False,2,
107574,2024-02-27,Yorkshire,Email,39.0,True,False,1,
107575,2023-12-15,London,Email,29.0,False,False,1,2.6
107576,2024-01-27,North West,Email,29.0,True,True,4,3.7
107577,2023-05-16,London,Organic,39.0,True,False,0,5.0
107578,2023-08-22,Wales,Social,36.0,False,True,0,
107579,2023-06-23,North East,Paid Search,34.0,True,False,2,5.0
107580,2024-09-16,South East,Paid Search,57.0,True,False,2,4.3
107581,2025-01-24,North West,Affiliate,53.0,True,False,0,3.0
107582,2023-10-25,West Midlands,Paid Search,57.0,True,False,2,
107583,2024-08-31,Wales,Organic,31.0,True,False,2,5.0
107584,2025-01-24,Scotland,Paid Search,29.0,False,False,0,
107585,2025-01-24,London,Paid Search,,True,False,2,2.9
107586,2024-01-25,Yorkshire,Affiliate,46.0,True,False,1,2.7
107587,2022-11-19,South East,Paid Search,42.0,True,True,1,3.6
107588,2023-05-03,East of England,Organic,46.0,False,False,1,4.4
107589,2024-06-20,Wales,Referral,62.0,True,False,0,
107590,2024-05-07,London,Paid Search,38.0,False,True,2,2.0
107591,2023-12-19,North East,Paid Search,51.0,False,True,2,2.4
107592,2024-08-11,East of England,Organic,48.0,True,False,0,3.5
107593,2024-03-02,London,Paid Search,42.0,True,False,1,5.0
107594,2023-08-24,North West,Paid Search,51.0,False,False,0,4.0
107595,2023-07-27,South East,Social,31.0,True,False,3,4.2
107596,2024-05-07,Wales,Paid Search,,False,False,0,3.1
107597,2024-12-01,South West,Social,47.0,False,True,2,2.3
107598,2023-08-02,West Midlands,Referral,20.0,False,False,1,
107599,2024-06-18,Yorkshire,Paid Search,48.0,True,False,0,3.8
107600,2024-06-12,West Midlands,Paid Search,26.0,True,False,2,3.2
107601,2023-09-24,Scotland,Paid Search,61.0,True,False,1,2.1
107602,2024-05-27,East of England,Paid Search,36.0,True,False,0,4.1
107603,2025-01-24,South East,Organic,60.0,False,False,1,4.2
107604,2023-06-10,South West,Organic,38.0,True,True,1,3.2
107605,2023-04-21,NORTH EAST,Paid Search,38.0,False,True,0,3.8
107606,2024-01-03,North East,Organic,52.0,False,True,1,4.7
107607,2024-01-17,SOUTH EAST,Paid Search,45.0,True,False,0,5.0
107608,2023-07-30,Scotland,Email,40.0,False,True,1,4.1
107609,2023-01-28,North West,Organic,36.0,False,False,3,
107610,2024-08-31,East of England,Email,36.0,True,False,2,2.8
107611,2025-01-24,West Midlands,Social,72.0,False,False,0,4.8
107612,2025-01-24,West Midlands,Organic,19.0,True,False,0,4.0
107613,2024-03-20,South East,Social,25.0,False,True,1,3.9
107614,2024-03-21,Yorkshire,Paid Search,56.0,False,False,1,
107615,2025-01-24,Yorkshire,Email,55.0,False,True,2,4.5
107616,2023-04-20,Yorkshire,Organic,29.0,True,True,0,5.0
107617,2025-01-24,West Midlands,Social,18.0,True,True,1,
107618,2025-01-24,South West,Social,58.0,False,False,0,4.8
107619,2025-01-12,East of England,Social,27.0,False,True,2,3.9
107620,2023-09-13,South East,Email,35.0,True,True,0,5.0
107621,2024-10-02,West Midlands,Paid Search,42.0,False,True,1,4.4
107622,2023-03-23,East of England,Organic,27.0,True,True,3,3.1
107623,2022-08-27,SOUTH EAST,Paid Search,,False,True,2,
107624,2024-10-24,West Midlands,Paid Search,41.0,True,False,2,5.0
107625,2023-08-07,Wales,Paid Search,30.0,True,False,1,5.0
107626,2022-10-16,Scotland,Social,31.0,True,False,2,4.3
107627,2024-07-10,Yorkshire,Social,58.0,True,False,0,3.3
107628,2023-06-01,East of England,Referral,37.0,False,True,1,
107629,2024-04-25,West Midlands,Social,49.0,False,False,1,2.4
107630,2023-09-01,Wales,Email,41.0,False,False,2,3.3
107631,2024-08-06,London,Referral,18.0,True,False,0,2.7
107632,2023-03-20,Scotland,Paid Search,51.0,False,True,0,5.0
107633,2024-10-11,Yorkshire,Email,55.0,False,False,2,3.5
107634,2022-09-17,North West,Organic,65.0,False,True,2,3.5
107635,2023-12-25,South West,Paid Search,18.0,False,False,0,3.5
107636,2024-10-29,London,Affiliate,18.0,True,False,0,2.4
107637,2023-05-13,East of England,Paid Search,49.0,False,True,1,1.6
107638,2024-07-04,East of England,Referral,33.0,True,False,0,5.0
107639,2024-02-29,South West,Referral,22.0,False,False,3,5.0
107640,2023-03-06,North West,Referral,42.0,True,False,2,5.0
107641,2022-09-04,South East,Social,35.0,True,False,1,3.7
107642,2023-09-21,Yorkshire,Social,24.0,True,False,2,2.9
107643,2025-01-24,North East,Organic,40.0,False,True,1,5.0
107644,2024-08-03,SOUTH WEST,Organic,48.0,False,False,1,4.0
107645,2024-05-06,North West,Referral,43.0,True,True,0,4.5
107646,2022-12-09,Scotland,Organic,43.0,False,True,0,4.3
107647,2024-03-26,North West,Organic,47.0,True,True,0,4.7
107648,2023-09-27,South West,Affiliate,19.0,False,False,0,
107649,2025-01-24,Yorkshire,Organic,40.0,False,True,3,3.9
107650,2025-01-24,Scotland,Referral,44.0,False,False,1,4.9
107651,2024-09-04,London,Paid Search,36.0,True,False,2,3.7
107652,2023-05-28,East of England,Paid Search,30.0,False,False,0,4.9
107653,2023-12-15,Scotland,Social,31.0,False,False,2,4.9
107654,2023-07-30,London,Organic,37.0,True,True,0,
107655,2025-01-24,South East,Email,53.0,False,False,0,4.0
107656,2025-01-15,South West,Paid Search,61.0,True,False,0,2.1
107657,2024-12-11,South West,Paid Search,58.0,True,True,0,2.6
107658,2023-02-16,Scotland,Referral,21.0,False,False,2,4.1
107659,2023-12-23,South West,Organic,29.0,False,False,0,3.9
107660,2024-01-28,South West,Social,50.0,True,False,0,3.8
107661,2022-11-30,East of England,Paid Search,,False,True,1,
107662,2024-07-29,North West,Affiliate,28.0,False,True,2,3.7
107663,2023-01-10,Scotland,Referral,43.0,True,False,1,
107664,2023-06-29,Wales,Social,26.0,True,True,0,2.6
107665,2023-10-29,WEST MIDLANDS,Paid Search,45.0,True,False,1,2.5
107666,2024-12-30,East of England,Affiliate,33.0,False,True,0,
107667,2024-06-24,WALES,Referral,43.0,True,True,0,3.3
107668,2024-09-10,Yorkshire,Social,25.0,True,False,3,5.0
107669,2024-08-30,Yorkshire,Social,20.0,False,False,3,
107670,2024-01-03,SOUTH EAST,Organic,81.0,False,False,2,2.3
107671,2023-10-03,Scotland,Paid Search,42.0,True,False,0,4.8
107672,2023-09-01,London,Email,69.0,False,True,3,3.9
107673,2024-01-20,South East,Social,61.0,True,True,0,
107674,2024-01-10,Yorkshire,Social,20.0,True,False,0,
107675,2024-10-14,North West,Email,46.0,True,False,0,4.9
107676,2024-06-22,West Midlands,Organic,24.0,False,False,0,3.7
107677,2023-09-01,West Midlands,Referral,37.0,True,True,2,3.2
107678,2023-12-08,Scotland,Paid Search,18.0,False,True,1,2.9
107679,2023-12-27,East of England,Affiliate,21.0,False,False,2,3.7
107680,2022-09-19,Scotland,Paid Search,30.0,True,False,1,1.1
107681,2025-01-24,Wales,Paid Search,34.0,False,False,2,4.9
107682,2023-04-08,Scotland,Social,42.0,False,True,0,2.7
107683,2023-05-31,North East,Paid Search,28.0,True,False,1,2.6
107684,2022-11-26,North East,Paid Search,43.0,True,False,1,5.0
107685,2024-06-29,Scotland,Email,56.0,True,False,1,3.7
107686,2023-12-17,South West,Organic,45.0,True,True,0,
107687,2024-02-07,Scotland,Email,40.0,False,True,1,4.4
107688,2024-10-18,Wales,Paid Search,,True,True,0,
107689,2024-05-05,South West,Organic,22.0,True,False,0,3.7
107690,2023-10-23,West Midlands,Organic,53.0,False,False,1,4.4
107691,2025-01-24,WEST MIDLANDS,Organic,25.0,False,True,0,4.0
107692,2024-08-04,Wales,Organic,61.0,True,False,0,2.5
107693,2023-01-05,YORKSHIRE,Organic,51.0,True,False,0,3.0
107694,2024-01-09,East of England,Organic,48.0,False,True,1,3.9
107695,2023-04-15,East of England,Paid Search,49.0,False,True,1,4.5
107696,2022-11-28,South East,Social,41.0,False,False,2,4.5
107697,2023-06-12,NORTH WEST,Organic,31.0,False,True,1,4.2
107698,2022-06-14,North East,Organic,29.0,True,True,1,4.0
107699,2023-02-07,North West,Paid Search,64.0,False,False,0,3.9
107700,2023-10-11,Wales,Referral,42.0,False,True,1,4.3
107701,2024-02-25,West Midlands,Paid Search,27.0,False,False,1,
107702,2024-02-13,Wales,Affiliate,48.0,False,False,1,4.1
107703,2024-04-06,Yorkshire,Paid Search,45.0,False,True,1,
107704,2024-03-11,London,Affiliate,37.0,True,True,0,4.1
107705,2023-11-23,NORTH WEST,Organic,29.0,True,True,1,3.1
107706,2024-03-01,NORTH EAST,Social,51.0,True,False,2,3.1
107707,2024-12-10,North West,Organic,53.0,False,True,0,
107708,2024-02-01,North West,Affiliate,45.0,True,False,1,3.9
107709,2025-01-24,South East,Organic,42.0,False,False,0,2.7
107710,2024-07-22,East of England,Email,31.0,True,True,0,3.1
107711,2024-12-28,Wales,Paid Search,47.0,True,True,0,2.5
107712,2024-06-12,North East,Social,33.0,True,False,1,2.5
107713,2023-05-23,WALES,Email,24.0,False,False,2,4.3
107714,2024-01-08,Wales,Organic,56.0,True,True,0,3.5
107715,2022-10-26,North East,Social,28.0,False,True,1,2.9
107716,2024-02-29,Yorkshire,Email,,True,False,2,5.0
107717,2024-12-18,Wales,Social,58.0,True,True,1,3.7
107718,2024-11-04,East of England,Paid Search,18.0,True,False,3,4.0
107719,2024-11-25,South East,Organic,36.0,True,True,1,
107720,2023-10-09,London,Email,27.0,False,True,0,2.6
107721,2023-02-19,London,Paid Search,32.0,True,True,0,2.0
107722,2022-11-25,West Midlands,Social,70.0,True,True,0,
107723,2024-12-06,Scotland,Paid Search,40.0,True,False,1,1.0
107724,2024-04-20,East of England,Affiliate,46.0,False,False,1,5.0
107725,2024-07-12,Yorkshire,Social,51.0,True,True,2,4.3
107726,2022-09-15,West Midlands,Organic,,False,True,2,3.9
107727,2023-10-30,South West,Email,55.0,False,False,1,4.4
107728,2024-08-24,Wales,Email,46.0,False,False,1,4.6
107729,2024-08-26,North West,Paid Search,51.0,False,False,1,4.3
107730,2024-08-08,North West,Organic,32.0,False,True,0,4.7
107731,2024-08-20,North East,Organic,47.0,False,False,0,5.0
107732,2023-06-23,North East,Organic,41.0,False,False,1,5.0
107733,2023-06-09,West Midlands,Organic,56.0,False,True,1,3.2
107734,2025-01-24,Yorkshire,Organic,34.0,True,False,0,2.9
107735,2023-11-23,Yorkshire,Paid Search,67.0,False,True,0,2.9
107736,2024-08-07,EAST OF ENGLAND,Paid Search,45.0,False,True,1,
107737,2024-11-05,Wales,Paid Search,39.0,True,False,0,2.3
107738,2023-06-07,South East,Paid Search,38.0,False,True,0,2.7
107739,2024-02-05,Yorkshire,Social,41.0,True,False,1,4.5
107740,2024-03-08,NORTH WEST,Paid Search,33.0,True,True,0,3.6
107741,2025-01-24,South West,Paid Search,50.0,False,True,0,3.9
107742,2024-11-09,Yorkshire,Referral,,True,True,0,5.0
107743,2023-03-29,South West,Social,66.0,True,False,1,
107744,2024-02-22,North East,Referral,35.0,False,False,2,4.2
107745,2024-08-05,South West,Affiliate,39.0,True,False,1,
107746,2024-07-14,Wales,Social,35.0,True,False,1,3.8
107747,2024-05-14,Wales,Email,65.0,True,False,1,3.2
107748,2023-10-17,East of England,Paid Search,22.0,False,False,0,3.7
107749,2024-11-15,West Midlands,Email,42.0,True,False,1,3.1
107750,2023-04-04,West Midlands,Social,45.0,False,False,2,3.3
107751,2024-06-28,West Midlands,Social,26.0,True,True,2,3.7
107752,2023-05-11,East of England,Paid Search,75.0,True,False,1,
107753,2025-01-24,Wales,Affiliate,29.0,True,True,0,2.8
107754,2024-05-02,West Midlands,Organic,41.0,True,False,2,5.0
107755,2022-09-17,YORKSHIRE,Email,63.0,False,True,4,2.5
107756,2024-01-29,Scotland,Affiliate,36.0,False,False,0,4.9
107757,2023-07-12,EAST OF ENGLAND,Referral,,True,False,1,3.9
107758,2024-07-25,Wales,Organic,37.0,True,False,0,
107759,2024-03-10,Scotland,Organic,40.0,True,False,1,4.1
107760,2023-06-03,West Midlands,Social,55.0,False,True,0,3.7
107761,2023-06-21,North West,Social,36.0,False,False,2,3.2
107762,2023-12-30,Scotland,Organic,18.0,False,False,4,4.5
107763,2023-04-13,Scotland,Social,41.0,False,False,2,2.8
107764,2024-02-07,South East,Referral,42.0,False,False,1,
107765,2022-12-26,North East,Organic,44.0,True,False,1,4.0
107766,2024-07-27,Wales,Paid Search,39.0,True,False,3,4.5
107767,2025-01-24,North West,Social,30.0,False,True,0,3.6
107768,2023-08-04,North East,Social,38.0,True,True,2,3.0
107769,2025-01-24,North West,Referral,64.0,True,True,0,4.7
107770,2023-10-19,Scotland,Email,40.0,False,False,0,2.5
107771,2022-08-30,South East,Organic,49.0,True,True,3,5.0
107772,2023-07-29,East of England,Social,28.0,True,False,3,
107773,2022-08-15,Scotland,Referral,37.0,False,False,1,4.1
107774,2025-01-24,North West,Organic,28.0,True,False,0,5.0
107775,2024-10-19,North West,Paid Search,58.0,False,False,0,3.6
107776,2023-07-24,North East,Social,21.0,True,False,2,4.9
107777,2023-09-21,East of England,Paid Search,46.0,False,True,0,2.8
107778,2023-10-14,South East,Affiliate,45.0,False,False,1,3.3
107779,2024-12-23,South East,Paid Search,45.0,True,True,0,4.3
107780,2024-12-28,London,Organic,18.0,False,True,0,4.8
107781,2024-02-01,NORTH WEST,Affiliate,18.0,False,True,1,3.1
107782,2024-03-05,South West,Paid Search,43.0,False,False,2,2.4
107783,2023-08-15,London,Paid Search,29.0,True,False,0,4.1
107784,2023-06-21,North West,Paid Search,33.0,False,True,0,5.0
107785,2023-08-27,London,Affiliate,,False,False,1,
107786,2025-01-24,East of England,Affiliate,27.0,False,False,1,5.0
107787,2025-01-24,Wales,Organic,25.0,False,False,1,5.0
107788,2023-07-17,Yorkshire,Email,41.0,True,False,2,4.8
107789,2023-08-06,North East,Email,18.0,False,False,0,3.8
107790,2025-01-24,East of England,Paid Search,34.0,False,False,4,
107791,2025-01-24,South West,Paid Search,32.0,True,False,0,4.1
107792,2024-05-06,West Midlands,Referral,41.0,False,True,1,2.9
107793,2024-02-25,Wales,Paid Search,72.0,True,False,2,4.7
107794,2024-04-13,,Social,28.0,False,False,2,
107795,2024-09-01,London,Paid Search,46.0,False,False,1,3.8
107796,2024-01-09,London,Social,44.0,False,True,2,3.8
107797,2022-11-12,Wales,Paid Search,48.0,False,False,2,2.5
107798,2023-11-20,North West,Paid Search,38.0,False,True,0,
107799,2023-11-25,Scotland,Paid Search,60.0,True,False,2,4.3
107800,2023-05-16,South West,Affiliate,50.0,False,False,5,3.0
107801,2025-01-24,South West,Paid Search,50.0,True,False,3,3.0
107802,2023-12-24,London,Organic,,False,False,0,3.2
107803,2024-03-13,East of England,Organic,42.0,True,False,0,4.0
107804,2023-08-22,North East,Organic,34.0,False,True,0,2.5
107805,2025-01-24,,Email,30.0,True,False,0,3.3
107806,2025-01-18,Yorkshire,Organic,33.0,False,False,2,1.9
107807,2023-09-27,North West,Social,40.0,False,False,0,2.5
107808,2023-04-27,South West,Social,47.0,False,True,1,2.8
107809,2022-10-21,South East,Referral,54.0,True,True,3,4.3
107810,2023-01-05,Yorkshire,Email,53.0,False,True,1,4.1
107811,2024-04-17,Scotland,Paid Search,45.0,False,False,1,4.0
107812,2024-08-03,East of England,Email,42.0,True,True,0,3.5
107813,2024-01-14,SCOTLAND,Email,37.0,False,True,1,5.0
107814,2024-03-11,NORTH EAST,Referral,38.0,False,False,1,3.6
107815,2023-07-18,North East,Affiliate,31.0,True,False,0,2.7
107816,2024-04-15,North West,Email,35.0,True,False,2,5.0
107817,2024-02-01,London,Organic,46.0,False,True,2,3.2
107818,2023-01-29,Scotland,Organic,61.0,True,False,2,
107819,2023-11-30,Yorkshire,Referral,,False,True,1,
107820,2023-08-28,South West,Referral,31.0,False,True,0,3.4
107821,2023-02-12,Yorkshire,Paid Search,54.0,True,False,0,5.0
107822,2023-08-04,Yorkshire,Social,18.0,False,False,0,
107823,2024-03-01,London,Paid Search,55.0,True,True,0,4.4
107824,2023-04-20,South West,Paid Search,22.0,True,False,0,3.4
107825,2023-09-15,West Midlands,Organic,50.0,True,True,3,
107826,2024-08-14,West Midlands,Organic,35.0,False,True,2,5.0
107827,2023-03-14,Scotland,Email,45.0,True,True,1,4.7
107828,2025-01-24,London,Paid Search,68.0,True,True,1,2.4
107829,2023-03-11,Scotland,Social,30.0,True,True,0,3.6
107830,2022-08-22,West Midlands,Social,28.0,False,True,1,
107831,2024-08-22,North West,Email,42.0,True,True,1,
107832,2023-02-05,North West,Paid Search,61.0,True,False,1,3.2
107833,2025-01-15,London,Organic,43.0,True,True,1,5.0
107834,2024-04-05,Wales,Email,42.0,False,True,0,4.3
107835,2023-08-05,NORTH WEST,Email,43.0,False,False,2,3.5
107836,2023-08-16,Wales,Organic,28.0,False,False,0,4.6
107837,2024-07-26,Wales,Organic,43.0,False,False,2,5.0
107838,2024-08-12,Scotland,Affiliate,36.0,False,False,2,3.2
107839,2023-06-30,Wales,Organic,58.0,False,True,0,2.9
107840,2023-03-02,North West,Paid Search,51.0,False,False,2,4.7
107841,2024-06-10,South East,Affiliate,24.0,True,False,2,4.9
107842,2022-12-24,Wales,Email,37.0,False,True,0,3.7
107843,2023-05-08,East of England,Paid Search,48.0,False,True,0,4.1
107844,2023-05-27,East of England,Referral,28.0,False,True,0,4.8
107845,2023-03-14,North East,Paid Search,27.0,True,False,1,4.8
107846,2024-09-19,London,Referral,35.0,True,True,1,4.8
107847,2023-12-14,South East,Social,45.0,False,False,0,
107848,2024-04-02,North East,Organic,54.0,True,True,0,3.8
107849,2024-03-29,South East,Affiliate,44.0,True,False,2,5.0
107850,2023-06-16,Scotland,Email,73.0,True,False,0,4.6
107851,2024-12-20,London,Paid Search,32.0,True,False,0,5.0
107852,2023-09-09,West Midlands,Email,51.0,True,True,0,4.2
107853,2023-06-14,South East,Email,27.0,False,True,1,3.5
107854,2023-12-14,North West,Social,62.0,True,False,0,3.1
107855,2024-11-09,Wales,Paid Search,59.0,True,True,2,3.6
107856,2023-07-29,North West,Paid Search,50.0,False,False,0,5.0
107857,2024-05-08,Wales,Affiliate,18.0,False,True,2,4.1
107858,2024-11-13,Wales,Organic,50.0,False,False,0,2.7
107859,2023-11-13,Yorkshire,Social,30.0,False,False,2,3.1
107860,2024-07-06,Yorkshire,Social,47.0,True,True,0,
107861,2022-12-20,West Midlands,Paid Search,22.0,True,False,2,3.2
107862,2023-02-17,East of England,Paid Search,45.0,True,True,0,4.2
107863,2024-05-06,Wales,Paid Search,36.0,True,False,0,4.8
107864,2024-10-24,Wales,Paid Search,31.0,False,True,0,
107865,2023-05-27,South East,Referral,49.0,True,True,0,1.9
107866,2023-02-12,East of England,Paid Search,40.0,True,False,0,2.9
107867,2023-08-03,South East,Paid Search,38.0,True,True,2,3.1
107868,2023-06-23,Scotland,Social,51.0,True,False,2,
107869,2025-01-24,London,Referral,66.0,False,False,2,
107870,2023-11-27,Yorkshire,Paid Search,45.0,False,False,0,4.7
107871,2022-07-08,Wales,Paid Search,18.0,False,True,1,5.0
107872,2023-11-14,Wales,Email,,True,False,3,
107873,2022-12-13,South West,Social,42.0,True,False,1,3.8
107874,2024-08-22,Yorkshire,Social,54.0,False,False,0,4.9
107875,2023-03-14,East of England,Paid Search,43.0,True,False,0,
107876,2024-10-21,London,Referral,48.0,True,False,0,5.0
107877,2024-11-21,South West,Social,40.0,False,False,0,5.0
107878,2023-11-15,East of England,Referral,54.0,True,False,5,3.6
107879,2023-12-26,South East,Affiliate,49.0,True,False,0,2.6
107880,2024-02-01,East of England,Email,28.0,False,False,0,2.8
107881,2024-07-08,West Midlands,Paid Search,47.0,False,False,0,4.6
107882,2024-07-04,Yorkshire,Email,21.0,True,True,0,5.0
107883,2024-07-15,Wales,Social,47.0,False,False,3,
107884,2023-03-21,WEST MIDLANDS,Paid Search,37.0,True,False,3,4.6
107885,2024-06-19,North East,Paid Search,43.0,False,False,1,4.6
107886,2023-09-01,Scotland,Paid Search,45.0,True,True,1,4.2
107887,2024-05-15,Yorkshire,Affiliate,45.0,False,True,0,4.5
107888,2024-07-26,London,Email,59.0,False,True,0,5.0
107889,2024-04-27,South East,Email,41.0,True,False,2,4.5
107890,2024-06-04,North West,Email,43.0,True,False,1,4.1
107891,2023-08-07,North East,Social,58.0,True,True,1,2.5
107892,2022-02-16,North West,Referral,66.0,True,True,1,4.7
107893,2024-04-23,,Paid Search,41.0,True,False,0,4.1
107894,2024-02-26,Wales,Paid Search,34.0,True,True,0,4.1
107895,2023-11-18,West Midlands,Social,35.0,False,False,0,4.5
107896,2024-09-27,Wales,Email,47.0,False,True,2,4.0
107897,2024-03-04,South East,Referral,38.0,True,True,2,4.3
107898,2023-11-07,South East,Affiliate,18.0,True,False,2,3.4
107899,2023-07-25,London,Email,56.0,True,True,0,3.7
107900,2024-02-08,South East,Paid Search,52.0,True,True,1,4.8
107901,2024-05-18,East of England,Paid Search,56.0,True,False,2,
107902,2023-02-08,,Organic,58.0,True,True,2,3.7
107903,2025-01-24,East of England,Social,43.0,True,False,1,3.1
107904,2023-08-06,Yorkshire,Social,44.0,True,False,2,
107905,2024-09-06,North West,Paid Search,54.0,True,True,2,2.4
107906,2024-02-09,London,Organic,25.0,False,True,0,
107907,2024-10-22,South East,Email,36.0,False,False,2,4.4
107908,2023-11-15,South East,Paid Search,40.0,True,False,1,3.9
107909,2024-10-30,Yorkshire,Social,53.0,False,False,0,3.4
107910,2023-08-25,North East,Paid Search,34.0,False,False,0,4.2
107911,2024-07-26,Scotland,Social,32.0,True,False,2,2.8
107912,2024-05-21,East of England,Email,35.0,False,True,1,4.1
107913,2022-10-28,West Midlands,Paid Search,47.0,True,True,6,2.6
107914,2023-09-17,London,Email,40.0,True,True,3,3.9
107915,2024-03-23,North West,Social,22.0,False,True,1,2.7
107916,2023-11-21,Scotland,Organic,25.0,True,False,1,3.2
107917,2024-03-07,,Referral,43.0,True,True,1,3.7
107918,2024-03-11,North West,Email,,False,True,2,3.1
107919,2023-12-08,North East,Social,41.0,True,True,2,4.1
107920,2024-12-23,East of England,Paid Search,35.0,False,False,2,4.0
107921,2024-02-10,West Midlands,Organic,51.0,True,True,1,3.9
107922,2024-11-28,East of England,Organic,46.0,False,False,2,3.4
107923,2024-07-11,East of England,Paid Search,45.0,True,False,0,4.2
107924,2024-10-23,East of England,Social,46.0,True,False,0,2.9
107925,2024-05-25,Wales,Affiliate,62.0,True,False,1,4.3
107926,2023-07-10,East of England,Paid Search,28.0,False,False,1,4.0
107927,2024-08-10,London,Email,36.0,False,True,1,2.0
107928,2023-07-31,West Midlands,Social,37.0,True,False,0,4.2
107929,2025-01-24,North East,Social,57.0,False,False,0,5.0
107930,2023-08-06,,Referral,36.0,False,False,1,3.9
107931,2023-12-31,Scotland,Organic,31.0,False,False,0,4.2
107932,2024-09-05,Yorkshire,Social,40.0,False,True,0,3.4
107933,2023-10-24,Yorkshire,Paid Search,42.0,True,True,2,5.0
107934,2025-01-24,Wales,Organic,57.0,True,False,1,
107935,2024-02-08,Yorkshire,Social,36.0,True,False,1,5.0
107936,2023-12-28,LONDON,Paid Search,32.0,True,False,0,5.0
107937,2024-02-10,North West,Paid Search,29.0,True,True,1,3.2
107938,2023-09-09,East of England,Paid Search,,True,False,0,2.9
107939,2023-11-29,South West,Paid Search,74.0,False,False,1,
107940,2024-04-26,East of England,Organic,46.0,True,False,2,3.9
107941,2024-08-30,South West,Paid Search,49.0,True,False,0,3.3
107942,2024-12-09,North West,Paid Search,41.0,False,False,1,4.4
107943,2025-01-09,London,Social,43.0,True,False,1,3.0
107944,2024-07-01,North East,Social,51.0,True,False,1,
107945,2023-04-10,Yorkshire,Affiliate,48.0,False,False,1,3.3
107946,2024-04-18,South West,Affiliate,46.0,True,True,0,4.0
107947,2024-06-07,North East,Referral,41.0,True,False,1,3.2
107948,2024-03-24,South East,Email,36.0,False,False,0,2.9
107949,2022-07-26,Wales,Paid Search,47.0,False,True,1,2.4
107950,2024-07-12,West Midlands,Paid Search,42.0,False,False,0,4.3
107951,2024-07-02,East of England,Affiliate,69.0,True,True,1,
107952,2024-01-23,West Midlands,Affiliate,55.0,False,False,1,4.0
107953,2023-05-21,South East,Social,32.0,True,False,3,4.0
107954,2024-10-15,Wales,Social,26.0,True,True,0,4.6
107955,2025-01-24,West Midlands,Paid Search,36.0,False,False,1,3.2
107956,2023-06-14,London,Paid Search,27.0,True,False,0,3.9
107957,2023-10-21,South East,Social,35.0,False,False,0,4.0
107958,2022-12-20,North East,Paid Search,28.0,False,False,0,3.3
107959,2023-09-19,Wales,Organic,37.0,True,True,2,2.8
107960,2023-10-26,East of England,Email,37.0,True,True,0,4.4
107961,2024-01-16,South West,Email,43.0,False,True,0,2.5
107962,2024-03-15,East of England,Referral,38.0,False,False,0,3.6
107963,2024-11-12,NORTH EAST,Paid Search,29.0,True,True,1,3.9
107964,2023-12-07,London,Organic,57.0,False,False,1,2.8
107965,2025-01-24,London,Social,46.0,True,False,0,2.1
107966,2024-07-08,East of England,Social,34.0,False,False,0,3.9
107967,2024-10-21,North East,Affiliate,29.0,True,False,1,
107968,2022-12-26,Yorkshire,Paid Search,,False,True,3,
107969,2023-09-23,North East,Paid Search,21.0,False,True,1,3.2
107970,2024-03-15,Scotland,Organic,55.0,True,True,0,4.2
107971,2023-11-05,East of England,Social,53.0,False,True,1,4.4
107972,2024-02-02,Yorkshire,Organic,33.0,False,False,1,3.8
107973,2024-03-25,Wales,Organic,59.0,True,False,0,5.0
107974,2025-01-24,East of England,Paid Search,49.0,True,False,1,4.6
107975,2024-03-23,Scotland,Organic,44.0,False,False,3,2.1
107976,2024-11-27,North West,Email,,True,True,0,3.5
107977,2023-12-31,West Midlands,Paid Search,49.0,True,True,0,1.3
107978,2023-10-19,London,Referral,43.0,True,True,2,4.4
107979,2024-11-07,SOUTH EAST,Social,38.0,True,True,0,3.6
107980,2024-06-18,Yorkshire,Paid Search,40.0,False,True,1,5.0
107981,2024-02-09,London,Paid Search,20.0,True,False,1,2.8
107982,2023-03-07,Scotland,Paid Search,31.0,True,False,1,3.0
107983,2023-04-26,LONDON,Paid Search,64.0,False,False,0,3.7
107984,2024-11-05,SOUTH EAST,Social,30.0,True,True,0,
107985,2024-02-01,East of England,Affiliate,18.0,True,False,0,5.0
107986,2024-07-22,London,Paid Search,53.0,True,False,3,3.2
107987,2023-10-12,West Midlands,Organic,44.0,False,False,1,3.1
107988,2025-01-24,South East,Referral,45.0,False,False,1,3.5
107989,2023-06-07,London,Social,39.0,True,True,2,4.9
107990,2023-12-17,North West,Organic,53.0,False,False,0,
107991,2023-05-24,South East,Organic,61.0,True,True,1,
107992,2022-10-07,LONDON,Paid Search,34.0,False,True,0,4.8
107993,2023-11-01,East of England,Paid Search,49.0,True,True,0,3.8
107994,2023-09-09,South East,Affiliate,56.0,True,False,0,3.4
107995,2023-06-05,North East,Social,33.0,False,False,1,3.5
107996,2023-04-23,Scotland,Organic,61.0,True,True,1,2.9
107997,2024-05-21,Scotland,Affiliate,55.0,True,False,0,5.0
107998,2023-01-10,Wales,Organic,,False,True,2,3.5
107999,2023-04-09,South West,Paid Search,62.0,True,True,2,2.1
108000,2024-05-11,Scotland,Affiliate,26.0,False,False,0,5.0
108001,2023-11-22,North East,Social,32.0,True,False,2,
108002,2023-04-14,Yorkshire,Email,50.0,True,True,0,2.1
108003,2023-04-15,South West,Paid Search,55.0,False,True,0,
108004,2024-11-28,North East,Organic,42.0,True,False,3,2.2
108005,2024-08-03,South West,Affiliate,33.0,True,False,2,3.3
108006,2023-10-31,Yorkshire,Paid Search,38.0,True,True,2,4.4
108007,2024-08-26,East of England,Referral,36.0,False,True,1,4.4
108008,2024-06-26,East of England,Email,52.0,False,False,0,
108009,2024-01-16,North East,Organic,36.0,False,False,0,2.8
108010,2023-04-13,South West,Referral,33.0,False,False,3,4.8
108011,2025-01-24,North West,Affiliate,22.0,False,True,1,
108012,2024-01-12,,Referral,33.0,False,False,1,3.7
108013,2024-11-15,South West,Organic,39.0,True,False,1,3.9
108014,2023-03-28,Scotland,Social,26.0,True,True,2,3.3
108015,2024-08-05,Scotland,Organic,18.0,False,True,0,3.7
108016,2024-12-20,North East,Paid Search,54.0,False,True,1,4.0
108017,2025-01-24,South East,Referral,28.0,False,True,1,4.7
108018,2023-11-14,London,Affiliate,24.0,True,False,1,2.5
108019,2024-02-05,South West,Paid Search,61.0,False,False,0,
108020,2024-05-29,North East,Email,52.0,True,False,1,5.0
108021,2023-12-14,Wales,Affiliate,54.0,True,False,2,3.7
108022,2022-11-13,Wales,Social,48.0,False,False,2,2.3
108023,2024-11-29,Wales,Paid Search,58.0,True,True,1,5.0
108024,2024-05-10,East of England,Paid Search,52.0,False,False,0,3.0
108025,2023-11-04,North East,Social,37.0,True,True,1,2.8
108026,2024-03-24,West Midlands,Affiliate,27.0,False,False,0,2.3
108027,2024-11-05,South West,Paid Search,24.0,True,True,1,4.4
108028,2023-01-18,London,Organic,39.0,False,False,2,2.0
108029,2024-08-27,Yorkshire,Email,27.0,True,True,0,2.4
108030,2024-07-09,North West,Email,31.0,True,False,1,4.1
108031,2024-07-31,North East,Affiliate,39.0,True,False,2,3.0
108032,2024-06-08,,Referral,59.0,True,True,0,4.5
108033,2023-04-11,North West,Social,21.0,True,False,2,4.4
108034,2024-03-24,Yorkshire,Affiliate,41.0,True,True,0,
108035,2024-02-21,London,Social,25.0,False,True,3,2.5
108036,2024-12-08,South East,Social,34.0,True,False,0,4.7
108037,2023-07-29,Scotland,Paid Search,53.0,False,False,1,2.7
108038,2023-09-10,East of England,Organic,30.0,False,False,0,5.0
108039,2025-01-24,Yorkshire,Paid Search,38.0,False,False,0,3.7
108040,2024-09-24,London,Referral,43.0,True,True,3,3.9
108041,2024-05-24,East of England,Paid Search,50.0,True,False,1,4.3
108042,2024-06-30,London,Organic,34.0,True,False,2,5.0
108043,2024-02-21,Wales,Affiliate,57.0,True,True,1,
108044,2023-08-10,London,Email,35.0,True,True,2,2.8
108045,2024-09-15,London,Email,47.0,False,False,3,
108046,2025-01-24,Yorkshire,Email,39.0,False,False,1,5.0
108047,2023-06-25,Wales,Paid Search,51.0,False,False,4,4.1
108048,2024-10-02,South West,Organic,67.0,False,True,2,
108049,2024-08-07,East of England,Email,37.0,True,False,3,4.2
108050,2023-10-30,South East,Referral,41.0,False,True,3,4.3
108051,2025-01-24,North East,Organic,35.0,True,False,0,4.7
108052,2023-03-13,London,Paid Search,33.0,False,True,2,3.1
108053,2024-12-22,West Midlands,Paid Search,32.0,True,False,2,4.1
108054,2022-12-27,South West,Social,41.0,False,False,2,3.3
108055,2023-04-06,East of England,Organic,31.0,False,True,1,
108056,2024-10-20,South West,Paid Search,31.0,False,True,1,3.4
108057,2023-07-23,South West,Organic,18.0,True,False,2,4.9
108058,2024-04-12,North East,Social,59.0,False,False,4,5.0
108059,2024-01-12,Yorkshire,Social,62.0,True,False,1,
108060,2024-07-19,Wales,Organic,49.0,False,False,1,3.9
108061,2024-03-23,South East,Organic,30.0,True,False,0,3.5
108062,2024-04-30,South East,Organic,25.0,True,False,0,1.8
108063,2025-01-24,London,Social,21.0,True,False,1,
108064,2023-08-26,North West,Organic,49.0,True,False,1,2.5
108065,2023-07-11,South East,Referral,57.0,True,True,0,2.5
108066,2024-04-28,Wales,Organic,43.0,True,True,0,4.3
108067,2024-09-29,Scotland,Email,52.0,False,True,0,4.0
108068,2023-01-22,Scotland,Organic,47.0,False,False,0,5.0
108069,2023-04-13,EAST OF ENGLAND,Social,31.0,True,True,3,3.6
108070,2024-10-14,West Midlands,Email,54.0,False,True,1,5.0
108071,2023-12-28,,Paid Search,53.0,False,True,1,4.6
108072,2023-04-14,London,Organic,,True,False,0,3.5
108073,2024-04-15,South West,Paid Search,51.0,True,True,1,5.0
108074,2024-01-19,Wales,Social,39.0,False,False,2,4.7
108075,2023-11-01,London,Referral,38.0,True,True,0,4.5
108076,2022-07-16,London,Social,,False,False,0,5.0
108077,2024-05-16,South East,Email,46.0,False,False,1,4.3
108078,2023-07-14,East of England,Organic,53.0,True,True,0,3.4
108079,2023-01-06,South West,Organic,30.0,True,False,4,3.6
108080,2023-11-18,Wales,Email,48.0,False,False,0,5.0
108081,2025-01-24,South West,Paid Search,26.0,True,False,1,5.0
108082,2023-03-04,Yorkshire,Paid Search,39.0,True,True,1,4.0
108083,2024-09-30,South West,Paid Search,40.0,True,False,2,
108084,2024-01-06,North West,Paid Search,54.0,False,True,0,2.6
108085,2025-01-24,South West,Affiliate,41.0,False,False,0,4.1
108086,2022-12-19,South East,Paid Search,38.0,False,True,1,3.8
108087,2024-05-07,North East,Paid Search,60.0,True,False,1,4.4
108088,2024-02-06,London,Paid Search,35.0,True,False,0,4.2
108089,2023-02-07,North East,Paid Search,35.0,False,True,1,3.4
108090,2023-11-09,Scotland,Organic,18.0,True,False,2,4.8
108091,2023-03-30,East of England,Paid Search,38.0,False,False,0,4.9
108092,2023-10-01,South East,Paid Search,,True,False,1,
108093,2023-06-27,West Midlands,Paid Search,38.0,True,False,1,3.3
108094,2023-10-06,Wales,Email,44.0,True,True,2,4.0
108095,2023-12-21,LONDON,Social,27.0,False,True,0,3.5
108096,2023-06-10,South East,Email,30.0,False,True,1,4.5
108097,2024-04-29,East of England,Paid Search,20.0,False,False,0,2.5
108098,2024-01-20,Wales,Organic,,False,False,0,
108099,2023-01-04,Scotland,Affiliate,29.0,False,True,1,2.1
108100,2023-10-08,London,Paid Search,69.0,True,False,2,3.5
108101,2024-05-02,South East,Organic,61.0,False,True,1,5.0
108102,2025-01-24,Wales,Organic,58.0,False,False,0,3.1
108103,2025-01-24,North West,Paid Search,24.0,True,True,0,2.6
108104,2025-01-24,Yorkshire,Social,39.0,True,True,0,2.8
108105,2023-10-01,North East,Social,25.0,False,True,0,4.2
108106,2023-10-26,West Midlands,Organic,65.0,True,False,1,4.6
108107,2024-11-17,London,Organic,52.0,False,True,2,4.0
108108,2023-05-08,Wales,Organic,27.0,True,False,0,2.1
108109,2024-01-11,South West,Organic,46.0,True,False,0,3.4
108110,2022-12-30,East of England,Referral,22.0,True,False,1,5.0
108111,2023-08-02,North East,Email,,True,False,2,4.1
108112,2023-01-07,South West,Organic,39.0,False,True,2,1.3
108113,2025-01-24,East of England,Paid Search,51.0,False,True,3,3.3
108114,2023-12-02,West Midlands,Email,54.0,False,True,1,2.1
108115,2023-10-10,London,Paid Search,41.0,True,False,0,2.8
108116,2024-04-09,South West,Referral,38.0,True,True,2,4.1
108117,2024-03-31,Wales,Referral,18.0,True,False,1,
108118,2024-10-04,East of England,Paid Search,61.0,True,False,2,3.6
108119,2024-09-18,East of England,Email,32.0,False,False,0,5.0
108120,2024-10-04,South West,Paid Search,42.0,False,False,2,4.2
108121,2025-01-08,North West,Paid Search,70.0,True,False,1,3.7
108122,2025-01-24,South East,Affiliate,25.0,False,True,1,4.7
108123,2024-01-20,EAST OF ENGLAND,Email,41.0,True,False,0,4.7
108124,2024-01-16,North East,Organic,47.0,False,True,1,3.6
108125,2024-01-19,South East,Referral,55.0,True,True,0,5.0
108126,2023-12-20,London,Paid Search,41.0,False,False,1,3.3
108127,2024-08-21,South West,Email,56.0,False,False,0,5.0
108128,2024-08-03,Scotland,Affiliate,36.0,False,True,1,5.0
108129,2024-11-27,North East,Email,48.0,False,False,1,2.7
108130,2024-07-19,Scotland,Organic,46.0,False,False,2,4.5
108131,2023-03-25,Yorkshire,Organic,40.0,True,False,1,2.3
108132,2024-06-25,London,Referral,45.0,True,False,1,4.1
108133,2024-09-30,North East,Organic,30.0,True,False,1,
108134,2023-05-06,West Midlands,Affiliate,37.0,False,False,1,4.1
108135,2023-05-31,Scotland,Organic,24.0,False,True,1,2.0
108136,2024-07-02,East of England,Paid Search,35.0,False,False,0,4.7
108137,2022-08-28,Wales,Paid Search,56.0,True,False,0,
108138,2025-01-18,South West,Social,46.0,True,False,2,3.6
108139,2023-06-08,SOUTH WEST,Paid Search,45.0,True,False,0,5.0
108140,2023-08-03,South East,Organic,20.0,True,False,1,2.9
108141,2024-11-28,London,Referral,45.0,True,True,1,
108142,2024-05-30,Wales,Paid Search,40.0,True,False,1,3.3
108143,2024-07-15,North East,Social,,False,True,0,2.0
108144,2025-01-24,East of England,Organic,59.0,True,True,2,
108145,2023-10-31,North East,Social,36.0,True,False,0,3.4
108146,2022-12-01,West Midlands,Organic,37.0,False,True,1,2.8
108147,2024-01-24,West Midlands,Referral,53.0,False,False,1,4.0
108148,2024-07-02,South East,Organic,33.0,True,True,3,
108149,2022-08-28,South West,Social,42.0,False,True,1,3.6
108150,2024-02-29,East of England,Paid Search,18.0,True,False,0,3.6
108151,2024-04-11,North West,Organic,37.0,False,True,0,4.6
108152,2024-05-21,NORTH EAST,Paid Search,58.0,False,False,1,2.8
108153,2023-04-16,,Social,45.0,True,True,4,4.3
108154,2023-11-01,South West,Organic,53.0,True,False,1,3.4
108155,2023-04-29,North West,Email,53.0,True,False,1,2.9
108156,2023-05-06,South West,Organic,59.0,True,False,1,
108157,2023-12-18,Scotland,Social,36.0,True,True,2,2.9
108158,2024-09-20,North West,Paid Search,53.0,False,False,0,4.9
108159,2023-06-30,London,Email,70.0,True,True,1,3.2
108160,2024-11-24,East of England,Affiliate,41.0,True,False,1,4.5
108161,2023-12-17,South East,Organic,24.0,True,True,1,
108162,2023-07-25,Scotland,Paid Search,33.0,False,True,1,3.8
108163,2024-07-01,North East,Social,47.0,True,True,1,
108164,2024-07-25,Wales,Paid Search,19.0,False,True,0,
108165,2023-11-17,Scotland,Organic,31.0,True,False,1,2.0
108166,2024-12-17,South West,Paid Search,,True,False,2,3.4
108167,2024-02-26,Wales,Organic,42.0,False,True,2,
108168,2023-07-17,East of England,Referral,64.0,False,True,0,
108169,2024-08-24,North West,Paid Search,50.0,False,True,2,3.9
108170,2024-07-01,Wales,Organic,,False,False,1,4.1
108171,2024-08-31,London,Paid Search,85.0,False,True,0,5.0
108172,2024-09-18,Yorkshire,Paid Search,41.0,False,True,1,3.1
108173,2024-02-09,South West,Social,19.0,True,False,0,4.0
108174,2023-10-16,Yorkshire,Email,28.0,True,False,0,4.0
108175,2023-03-16,West Midlands,Referral,28.0,False,True,0,1.9
108176,2024-03-04,Scotland,Paid Search,23.0,False,False,1,3.8
108177,2025-01-24,Scotland,Paid Search,48.0,True,False,0,4.2
108178,2024-01-29,South West,Organic,18.0,True,False,0,3.8
108179,2024-05-29,North East,Social,54.0,False,True,2,5.0
108180,2023-03-28,South West,Email,,False,False,1,4.7
108181,2024-09-22,West Midlands,Email,35.0,True,False,0,
108182,2023-11-22,South East,Referral,53.0,True,False,3,4.0
108183,2023-09-27,Scotland,Paid Search,27.0,True,True,1,4.7
108184,2024-08-27,Wales,Affiliate,30.0,False,False,2,3.8
108185,2023-07-26,East of England,Affiliate,48.0,True,False,4,1.8
108186,2024-06-10,West Midlands,Paid Search,38.0,False,False,1,2.9
108187,2023-08-10,London,Organic,33.0,False,False,0,4.2
108188,2024-05-04,NORTH WEST,Email,40.0,False,False,2,5.0
108189,2025-01-24,South West,Organic,58.0,False,True,1,
108190,2025-01-24,East of England,Paid Search,58.0,True,False,0,4.8
108191,2023-01-29,Scotland,Organic,47.0,False,True,1,3.6
108192,2023-06-22,West Midlands,Social,36.0,False,False,0,5.0
108193,2023-08-30,South East,Referral,48.0,True,False,1,2.2
108194,2023-01-12,North East,Referral,30.0,True,False,1,2.1
108195,2024-09-18,SCOTLAND,Affiliate,56.0,False,False,0,5.0
108196,2025-01-24,South West,Organic,53.0,False,True,1,2.4
108197,2024-05-10,Scotland,Email,66.0,True,True,0,4.3
108198,2024-02-23,Yorkshire,Paid Search,31.0,True,False,0,5.0
108199,2024-01-22,East of England,Social,29.0,False,False,2,4.4
108200,2024-02-27,West Midlands,Referral,48.0,True,False,1,5.0
108201,2023-01-20,North East,Referral,37.0,False,False,0,4.4
108202,2023-11-09,Scotland,Social,54.0,True,True,2,4.8
108203,2024-01-27,South West,Paid Search,58.0,True,False,0,4.3
108204,2023-09-24,North East,Paid Search,63.0,True,False,0,3.0
108205,2024-11-26,West Midlands,Social,42.0,True,False,1,2.7
108206,2024-02-12,North West,Organic,52.0,True,False,1,3.8
108207,2023-06-28,NORTH EAST,Organic,34.0,False,False,1,2.3
108208,2023-09-14,,Referral,44.0,True,False,2,4.5
108209,2023-03-14,South West,Paid Search,40.0,False,True,1,5.0
108210,2024-01-05,North East,Organic,40.0,True,False,0,
108211,2024-05-29,London,Paid Search,65.0,True,True,1,3.5
108212,2024-12-05,North East,Paid Search,24.0,False,False,0,
108213,2024-09-26,South East,Paid Search,41.0,True,True,2,
108214,2023-04-22,South East,Paid Search,42.0,False,False,0,4.1
108215,2022-10-31,North West,Social,49.0,True,False,3,3.8
108216,2024-01-09,South East,Organic,27.0,False,True,1,3.6
108217,2024-04-15,London,Organic,37.0,True,True,1,3.4
108218,2024-02-22,South East,Referral,33.0,True,False,1,4.1
108219,2024-06-23,Scotland,Organic,18.0,False,True,0,4.4
108220,2024-10-05,West Midlands,Social,56.0,True,True,1,5.0
108221,2025-01-24,West Midlands,Social,22.0,False,False,0,4.1
108222,2023-12-02,South East,Social,20.0,True,False,0,3.5
108223,2024-10-19,North East,Organic,53.0,True,True,3,3.1
108224,2023-11-10,West Midlands,Referral,37.0,True,False,4,4.4
108225,2023-02-05,Scotland,Organic,37.0,True,False,1,3.2
108226,2024-04-24,South East,Social,37.0,False,False,0,
108227,2024-03-30,North West,Social,55.0,True,True,2,4.1
108228,2023-06-22,North West,Referral,34.0,False,False,2,1.3
108229,2023-12-11,North East,Social,49.0,True,True,0,3.9
108230,2024-07-07,South East,Organic,26.0,False,False,0,
108231,2023-06-27,Yorkshire,Organic,45.0,True,True,3,4.5
108232,2023-06-02,Yorkshire,Email,53.0,True,False,1,2.4
108233,2024-07-24,London,Organic,,True,False,0,3.6
108234,2023-06-26,WEST MIDLANDS,Affiliate,21.0,True,False,1,3.2
108235,2023-06-17,London,Referral,37.0,True,False,3,3.4
108236,2023-03-03,South East,Paid Search,62.0,False,False,1,2.3
108237,2024-06-10,East of England,Organic,53.0,True,False,0,3.4
108238,2024-10-23,Yorkshire,Referral,38.0,True,False,1,2.1
108239,2024-07-27,Scotland,Paid Search,41.0,False,False,2,3.1
108240,2023-11-07,North West,Organic,,True,True,2,4.5
108241,2023-06-21,East of England,Paid Search,36.0,True,False,4,1.8
108242,2023-12-30,North East,Paid Search,48.0,False,False,2,2.2
108243,2023-11-14,Wales,Organic,47.0,True,False,0,3.7
108244,2023-04-06,South East,Email,27.0,False,True,0,3.8
108245,2024-04-24,East of England,Social,35.0,False,False,1,2.8
108246,2023-10-31,North West,Paid Search,35.0,True,False,0,
108247,2023-10-08,Wales,Social,38.0,False,False,4,5.0
108248,2025-01-20,Scotland,Organic,45.0,True,False,1,4.1
108249,2023-09-07,South West,Social,,False,False,0,4.6
108250,2024-04-16,Yorkshire,Organic,32.0,True,False,0,3.0
108251,2023-02-18,East of England,Affiliate,58.0,True,False,1,3.4
108252,2024-11-06,North East,Referral,41.0,True,False,1,4.9
108253,2024-06-22,South East,Email,60.0,True,False,3,4.3
108254,2025-01-24,North East,Social,60.0,True,False,0,
108255,2024-02-14,Scotland,Social,27.0,True,False,1,4.6
108256,2024-02-11,South East,Organic,35.0,False,False,0,
108257,2024-11-20,Scotland,Email,36.0,True,False,0,
108258,2025-01-24,London,Referral,45.0,True,True,1,3.0
108259,2024-10-16,Yorkshire,Affiliate,50.0,True,True,0,
108260,2024-05-12,Scotland,Social,43.0,False,True,0,3.6
108261,2023-08-09,West Midlands,Email,34.0,False,True,1,2.0
108262,2024-08-16,SCOTLAND,Organic,62.0,False,True,1,4.4
108263,2023-06-06,East of England,Paid Search,35.0,False,False,1,4.0
108264,2025-01-24,Wales,Email,51.0,False,True,1,4.1
108265,2023-11-04,West Midlands,Affiliate,41.0,True,False,3,2.6
108266,2023-07-22,London,Referral,40.0,False,False,4,3.3
108267,2023-07-28,Yorkshire,Referral,50.0,True,False,1,2.4
108268,2023-09-22,North East,Organic,61.0,False,False,1,2.4
108269,2023-08-04,West Midlands,Email,45.0,False,True,3,5.0
108270,2024-10-06,South East,Social,35.0,True,False,0,2.1
108271,2023-12-25,North East,Social,60.0,True,False,2,4.7
108272,2023-06-19,Scotland,Paid Search,47.0,True,False,0,4.4
108273,2025-01-24,WEST MIDLANDS,Social,43.0,False,True,0,4.0
108274,2023-09-15,North West,Organic,,True,False,2,3.9
108275,2025-01-24,South West,Email,45.0,True,True,0,
108276,2023-12-29,South East,Affiliate,73.0,True,False,0,2.0
108277,2025-01-24,East of England,Email,41.0,False,False,1,3.4
108278,2023-08-10,West Midlands,Paid Search,56.0,False,True,2,
108279,2023-03-20,West Midlands,Organic,47.0,False,True,0,
108280,2024-11-20,North West,Social,47.0,False,False,0,3.8
108281,2024-02-17,Wales,Email,36.0,True,True,0,4.0
108282,2023-11-16,,Paid Search,36.0,True,False,1,
108283,2024-03-07,North East,Social,47.0,False,False,0,2.9
108284,2024-03-08,Wales,Referral,30.0,True,False,1,4.8
108285,2023-04-09,South West,Paid Search,34.0,False,True,1,3.1
108286,2024-05-15,Scotland,Email,41.0,False,False,0,5.0
108287,2023-10-24,North East,Referral,57.0,True,False,1,2.9
108288,2024-02-02,Yorkshire,Email,42.0,True,True,0,4.3
108289,2024-02-15,Scotland,Affiliate,42.0,False,True,1,5.0
108290,2025-01-24,West Midlands,Email,27.0,True,True,2,4.4
108291,2023-06-22,North East,Social,63.0,True,False,0,1.9
108292,2024-07-23,,Organic,55.0,True,False,1,3.4
108293,2023-01-22,Wales,Paid Search,57.0,True,False,0,2.4
108294,2024-08-31,North West,Paid Search,22.0,True,False,0,3.8
108295,2023-06-19,South West,Social,46.0,True,False,1,3.0
108296,2025-01-10,North West,Paid Search,29.0,True,False,1,3.8
108297,2024-05-01,Wales,Organic,51.0,True,False,1,5.0
108298,2024-02-11,Wales,Email,45.0,False,False,1,5.0
108299,2022-11-09,South West,Paid Search,48.0,True,True,2,2.4
108300,2024-08-05,North East,Organic,32.0,False,True,2,2.4
108301,2024-08-09,Yorkshire,Email,27.0,False,True,0,4.0
108302,2023-02-07,Wales,Paid Search,33.0,True,False,0,3.8
108303,2023-08-06,Yorkshire,Social,45.0,True,False,0,2.7
108304,2025-01-24,London,Paid Search,38.0,False,False,0,3.7
108305,2023-10-05,Scotland,Email,44.0,True,True,0,3.9
108306,2024-12-26,London,Social,28.0,True,True,0,3.6
108307,2025-01-24,East of England,Social,41.0,True,True,0,
108308,2024-04-24,South East,Paid Search,59.0,True,False,2,4.9
108309,2023-03-15,West Midlands,Email,45.0,True,False,2,3.0
108310,2024-03-25,Wales,Organic,46.0,False,True,2,4.3
108311,2023-10-17,South West,Social,46.0,False,False,2,4.8
108312,2022-10-24,West Midlands,Paid Search,34.0,True,True,0,4.0
108313,2023-09-27,Yorkshire,Paid Search,62.0,True,True,0,1.6
108314,2023-12-22,YORKSHIRE,Paid Search,46.0,True,True,1,2.6
108315,2024-08-05,West Midlands,Paid Search,43.0,True,True,4,
108316,2023-02-22,South West,Paid Search,50.0,False,False,5,3.6
108317,2024-02-18,South East,Paid Search,53.0,True,False,2,1.9
108318,2023-10-26,Scotland,Referral,25.0,False,False,0,4.9
108319,2024-04-02,North West,Social,42.0,True,True,1,5.0
108320,2022-11-01,East of England,Social,70.0,True,False,1,4.4
108321,2024-07-20,East of England,Organic,63.0,False,False,3,4.4
108322,2023-08-20,Wales,Paid Search,40.0,False,True,0,
108323,2024-03-01,West Midlands,Affiliate,50.0,True,False,0,3.5
108324,2023-05-04,North West,Paid Search,37.0,False,True,2,
108325,2024-02-23,London,Referral,46.0,False,True,1,3.8
108326,2025-01-24,Wales,Social,35.0,True,False,2,4.8
108327,2024-08-23,West Midlands,Organic,35.0,False,False,1,4.7
108328,2024-08-28,South West,Email,33.0,False,False,2,2.7
108329,2024-10-22,West Midlands,Email,63.0,True,False,0,3.9
108330,2024-06-08,West Midlands,Referral,35.0,True,False,2,
108331,2023-10-28,North West,Social,56.0,False,False,0,2.6
108332,2023-06-21,South West,Paid Search,35.0,True,True,1,4.5
108333,2023-10-18,North West,Social,34.0,False,False,2,3.8
108334,2024-02-11,North West,Paid Search,46.0,True,False,1,5.0
108335,2024-12-03,South West,Organic,24.0,True,False,0,
108336,2024-11-04,Yorkshire,Social,50.0,True,False,2,4.0
108337,2022-09-15,South West,Paid Search,39.0,True,False,0,4.4
108338,2023-08-15,South East,Referral,34.0,False,True,1,4.1
108339,2024-05-09,North East,Affiliate,31.0,True,False,1,2.6
108340,2024-03-31,North West,Paid Search,67.0,False,True,0,3.9
108341,2024-10-01,South East,Paid Search,41.0,False,True,1,2.5
108342,2024-07-19,South East,Organic,40.0,True,False,0,3.7
108343,2023-04-05,West Midlands,Paid Search,52.0,True,True,1,4.1
108344,2024-05-07,Scotland,Paid Search,30.0,False,False,0,2.8
108345,2024-04-04,London,Referral,56.0,True,False,1,3.9
108346,2023-11-27,East of England,Paid Search,41.0,True,False,4,5.0
108347,2023-07-27,East of England,Paid Search,23.0,True,False,2,3.5
108348,2023-04-26,South West,Organic,34.0,False,True,0,3.1
108349,2023-04-18,London,Paid Search,27.0,False,True,0,4.9
108350,2023-07-04,London,Email,42.0,False,True,1,3.4
108351,2023-12-10,North West,Referral,,True,False,1,3.1
108352,2025-01-24,Scotland,Organic,29.0,False,False,2,4.4
108353,2024-04-13,Yorkshire,Paid Search,45.0,True,True,3,4.1
108354,2025-01-19,North West,Referral,42.0,False,False,0,3.3
108355,2024-11-07,West Midlands,Social,57.0,False,False,0,2.9
108356,2024-12-10,Yorkshire,Social,56.0,True,False,0,5.0
108357,2023-01-05,,Organic,42.0,False,False,0,4.4
108358,2022-12-07,Yorkshire,Social,47.0,True,False,1,4.6
108359,2023-04-14,East of England,Paid Search,23.0,False,True,0,3.7
108360,2023-03-28,South West,Organic,50.0,True,False,2,5.0
108361,2023-12-05,Wales,Email,46.0,True,False,0,2.5
108362,2024-12-20,North East,Organic,53.0,False,True,1,2.5
108363,2023-10-22,West Midlands,Email,37.0,True,False,0,4.4
108364,2023-08-02,West Midlands,Email,37.0,True,False,1,4.8
108365,2022-10-14,North West,Email,37.0,True,False,2,4.1
108366,2023-02-24,West Midlands,Social,60.0,False,True,0,
108367,2025-01-24,Yorkshire,Paid Search,45.0,False,False,0,3.3
108368,2023-10-04,East of England,Email,22.0,False,False,1,4.3
108369,2023-02-12,London,Email,49.0,True,True,1,4.3
108370,2023-08-25,North East,Paid Search,35.0,True,True,1,3.9
108371,2023-07-24,London,Referral,55.0,True,True,0,3.6
108372,2023-06-28,Scotland,Affiliate,48.0,True,False,0,2.9
108373,2024-07-21,Scotland,Social,57.0,False,False,1,4.1
108374,2024-10-09,West Midlands,Paid Search,55.0,True,True,1,4.2
108375,2024-01-01,North West,Social,53.0,True,False,1,2.6
108376,2025-01-24,Yorkshire,Organic,56.0,True,True,1,5.0
108377,2024-03-12,LONDON,Organic,,False,False,1,2.7
108378,2025-01-24,South West,Paid Search,32.0,True,False,0,
108379,2023-12-26,East of England,Email,26.0,False,False,1,4.2
108380,2024-02-09,South West,Social,30.0,True,False,0,4.3
108381,2024-05-14,Wales,Organic,50.0,True,True,1,3.2
108382,2023-11-05,Wales,Organic,,False,False,2,3.1
108383,2024-12-14,South East,Organic,41.0,True,True,1,3.9
108384,2024-03-13,Wales,Organic,38.0,True,True,0,3.9
108385,2024-07-08,Yorkshire,Organic,57.0,True,True,1,5.0
108386,2023-01-02,SOUTH EAST,Paid Search,39.0,False,True,2,2.2
108387,2024-08-25,North East,Organic,36.0,False,False,1,4.0
108388,2024-01-16,Wales,Paid Search,,False,True,1,3.8
108389,2024-11-25,North West,Email,40.0,True,True,1,4.3
108390,2024-09-07,Wales,Social,38.0,False,True,3,3.7
108391,2025-01-24,South West,Email,35.0,True,True,1,4.9
108392,2023-03-26,Scotland,Organic,45.0,True,True,0,4.6
108393,2024-12-28,South East,Paid Search,37.0,True,True,2,5.0
108394,2024-10-07,South West,Organic,37.0,True,False,1,
108395,2024-08-14,North East,Paid Search,60.0,True,True,0,3.9
108396,2024-09-11,South East,Organic,42.0,False,False,0,3.6
108397,2025-01-24,London,Email,35.0,False,False,0,2.6
108398,2023-09-25,North West,Paid Search,28.0,False,False,0,3.5
108399,2025-01-24,North West,Organic,44.0,True,True,3,
108400,2024-08-31,West Midlands,Paid Search,34.0,True,True,1,4.5
108401,2024-07-04,North East,Organic,36.0,True,False,1,
108402,2023-11-11,North East,Social,30.0,False,False,0,2.9
108403,2024-04-30,East of England,Paid Search,44.0,True,False,1,3.2
108404,2023-09-05,North West,Paid Search,24.0,True,True,2,3.4
108405,2024-12-06,North West,Email,46.0,False,False,1,5.0
108406,2024-06-28,London,Organic,34.0,True,False,0,2.5
108407,2024-11-20,South West,Organic,50.0,False,True,2,5.0
108408,2023-06-10,North West,Email,47.0,False,False,0,1.3
108409,2025-01-11,Wales,Paid Search,42.0,False,False,1,5.0
108410,2024-09-22,East of England,Referral,52.0,False,False,1,3.0
108411,2024-02-11,Scotland,Email,61.0,True,True,1,5.0
108412,2024-10-13,North East,Organic,57.0,True,True,0,3.6
108413,2023-05-08,South East,Organic,24.0,True,True,2,5.0
108414,2023-06-29,Scotland,Organic,33.0,True,False,1,1.9
108415,2024-02-05,North West,Email,35.0,True,False,1,4.5
108416,2023-05-07,South East,Paid Search,49.0,True,False,4,4.1
108417,2022-08-01,North East,Social,,True,False,4,3.4
108418,2023-05-11,East of England,Organic,34.0,True,False,1,4.5
108419,2023-04-12,South East,Email,31.0,False,True,2,4.9
108420,2024-04-17,South East,Affiliate,45.0,True,True,0,4.1
108421,2025-01-24,West Midlands,Paid Search,49.0,False,True,2,3.6
108422,2024-01-02,Wales,Organic,25.0,False,False,0,2.8
108423,2023-06-26,SOUTH EAST,Social,,True,False,0,4.0
108424,2024-03-24,South West,Social,18.0,True,False,0,5.0
108425,2023-11-09,South East,Paid Search,18.0,False,False,0,4.6
108426,2024-11-26,West Midlands,Social,47.0,False,True,3,4.7
108427,2023-07-10,Yorkshire,Email,45.0,True,False,2,4.2
108428,2024-01-13,South East,Affiliate,43.0,True,True,2,2.8
108429,2023-10-10,West Midlands,Email,62.0,True,False,0,5.0
108430,2023-02-21,North West,Social,19.0,False,False,0,3.6
108431,2022-10-19,London,Paid Search,18.0,False,True,0,4.1
108432,2023-01-27,London,Paid Search,26.0,True,False,0,3.7
108433,2024-04-22,South East,Social,18.0,False,True,1,5.0
108434,2025-01-01,South West,Social,33.0,True,True,1,1.4
108435,2024-01-17,London,Referral,49.0,True,False,0,4.8
108436,2024-05-29,Yorkshire,Organic,45.0,False,False,1,3.6
108437,2024-07-21,London,Paid Search,54.0,False,True,1,4.4
108438,2023-09-28,North West,Paid Search,46.0,True,True,2,1.5
108439,2024-11-08,SOUTH EAST,Organic,36.0,False,True,1,3.3
108440,2025-01-24,West Midlands,Organic,34.0,True,True,0,
108441,2023-09-26,South West,Paid Search,47.0,True,True,2,5.0
108442,2023-08-04,Scotland,Paid Search,21.0,False,False,1,3.8
108443,2024-01-24,London,Organic,18.0,False,False,0,
108444,2022-12-27,South East,Organic,46.0,True,False,3,3.2
108445,2023-03-13,West Midlands,Affiliate,44.0,False,False,1,4.3
108446,2024-08-24,NORTH WEST,Referral,61.0,False,False,1,3.2
108447,2024-08-18,Yorkshire,Paid Search,50.0,True,False,0,3.6
108448,2023-04-22,West Midlands,Email,45.0,True,False,2,4.4
108449,2025-01-24,South West,Organic,37.0,True,False,2,
108450,2023-04-27,North West,Affiliate,30.0,False,False,0,
108451,2023-05-08,East of England,Social,37.0,True,False,1,4.4
108452,2024-03-26,South East,Paid Search,53.0,True,False,1,4.0
108453,2023-08-23,North East,Paid Search,47.0,False,False,2,4.5
108454,2023-03-29,North East,Affiliate,53.0,True,False,1,3.6
108455,2022-09-16,North West,Referral,42.0,False,False,0,
108456,2023-06-18,North West,Organic,29.0,False,True,1,2.8
108457,2023-07-11,London,Social,56.0,True,False,2,2.9
108458,2024-12-20,North East,Social,55.0,False,False,1,3.8
108459,2023-06-02,London,Email,43.0,False,False,2,
108460,2023-01-16,London,Organic,48.0,False,True,2,
108461,2023-11-23,London,Paid Search,48.0,False,False,1,5.0
108462,2025-01-24,North West,Organic,35.0,True,True,0,5.0
108463,2024-11-25,North East,Social,38.0,False,False,2,4.6
108464,2024-04-29,South East,Organic,29.0,False,False,0,3.1
108465,2023-12-06,Yorkshire,Email,38.0,False,False,2,3.9
108466,2024-06-27,East of England,Affiliate,54.0,False,False,0,5.0
108467,2024-05-18,South West,Paid Search,52.0,False,False,3,3.8
108468,2023-12-17,East of England,Referral,48.0,True,False,1,4.3
108469,2024-08-24,North East,Email,53.0,True,True,0,2.6
108470,2024-07-19,East of England,Social,36.0,True,True,1,4.5
108471,2024-10-29,Wales,Paid Search,26.0,True,True,0,3.4
108472,2023-08-10,West Midlands,Organic,39.0,False,False,2,3.8
108473,2022-12-28,Scotland,Affiliate,40.0,True,True,2,1.5
108474,2023-05-29,South West,Social,50.0,True,False,1,3.9
108475,2023-11-27,Wales,Social,48.0,True,True,2,4.8
108476,2024-03-08,London,Paid Search,54.0,False,True,2,4.8
108477,2025-01-24,Scotland,Organic,18.0,True,False,1,3.6
108478,2022-12-09,Wales,Organic,31.0,False,False,0,4.7
108479,2023-11-11,South East,Social,40.0,True,False,0,
108480,2023-03-01,West Midlands,Referral,47.0,True,True,2,3.3
108481,2023-07-12,Yorkshire,Organic,68.0,True,True,0,4.9
108482,2024-12-09,London,Paid Search,28.0,False,True,2,3.7
108483,2024-05-14,North East,Organic,32.0,True,False,1,2.8
108484,2025-01-24,WEST MIDLANDS,Paid Search,35.0,True,False,1,3.4
108485,2024-12-11,South West,Paid Search,31.0,True,False,2,4.2
108486,2023-04-12,SCOTLAND,Organic,29.0,True,False,2,1.8
108487,2023-03-08,Scotland,Email,42.0,True,True,0,2.1
108488,2023-12-11,,Organic,54.0,True,False,2,4.3
108489,2024-11-14,Wales,Referral,43.0,True,False,1,
108490,2024-09-01,Yorkshire,Affiliate,30.0,False,False,2,3.7
108491,2022-09-29,Scotland,Paid Search,38.0,True,False,3,3.3
108492,2024-11-12,South West,Email,27.0,False,False,3,4.6
108493,2023-10-30,EAST OF ENGLAND,Paid Search,54.0,False,False,2,1.7
108494,2024-02-18,North East,Paid Search,60.0,False,False,1,1.6
108495,2024-01-22,West Midlands,Paid Search,20.0,False,False,1,4.7
108496,2024-08-25,South East,Paid Search,44.0,True,False,0,4.3
108497,2023-12-03,South East,Social,31.0,True,False,2,3.7
108498,2024-12-29,Yorkshire,Email,42.0,True,False,1,3.2
108499,2023-01-31,West Midlands,Social,40.0,True,True,2,4.2
108500,2022-10-21,Wales,Social,24.0,True,False,2,
108501,2025-01-24,WALES,Email,57.0,True,False,2,4.2
108502,2023-06-12,South East,Email,39.0,True,False,0,3.5
108503,2023-10-22,North East,Referral,35.0,False,False,2,4.2
108504,2025-01-24,EAST OF ENGLAND,Email,43.0,True,False,0,5.0
108505,2024-11-29,North West,Organic,30.0,True,False,2,4.1
108506,2024-10-16,North West,Social,39.0,True,False,0,3.0
108507,2024-03-25,SOUTH EAST,Organic,,True,False,1,5.0
108508,2022-10-17,Scotland,Paid Search,18.0,True,False,1,2.9
108509,2023-08-12,London,Email,28.0,False,True,3,2.6
108510,2024-06-07,South East,Referral,34.0,False,False,1,3.4
108511,2024-03-11,South West,Affiliate,18.0,True,True,1,4.4
108512,2024-11-26,Scotland,Paid Search,35.0,True,True,0,
108513,2023-04-20,Yorkshire,Paid Search,34.0,False,False,2,1.7
108514,2024-09-29,West Midlands,Paid Search,40.0,True,True,0,
108515,2024-09-03,Yorkshire,Email,,True,False,1,4.2
108516,2023-05-15,West Midlands,Social,63.0,True,False,3,3.3
108517,2023-01-27,London,Email,47.0,False,True,0,3.1
108518,2023-03-08,Yorkshire,Referral,28.0,True,True,0,3.6
108519,2023-11-26,London,Paid Search,50.0,True,False,0,4.4
108520,2024-07-23,East of England,Organic,59.0,False,False,1,4.1
108521,2024-01-05,North East,Email,26.0,True,False,0,4.3
108522,2022-12-23,East of England,Paid Search,27.0,True,False,1,4.6
108523,2025-01-24,Yorkshire,Social,23.0,False,False,0,4.2
108524,2023-05-07,North East,Organic,34.0,False,False,1,4.4
108525,2025-01-24,North West,Social,46.0,True,True,2,3.1
108526,2025-01-24,South West,Affiliate,60.0,False,False,0,3.0
108527,2025-01-24,North West,Paid Search,53.0,True,False,0,4.6
108528,2025-01-24,London,Organic,46.0,False,False,0,3.6
108529,2023-11-28,NORTH WEST,Affiliate,42.0,False,False,2,
108530,2023-10-08,Yorkshire,Organic,46.0,False,False,3,4.4
108531,2023-03-20,London,Email,47.0,True,True,1,4.9
108532,2023-06-21,North West,Affiliate,58.0,True,False,1,3.0
108533,2023-07-17,London,Paid Search,41.0,False,True,2,1.6
108534,2025-01-24,North West,Paid Search,44.0,True,False,0,5.0
108535,2024-01-11,South West,Paid Search,36.0,False,False,0,5.0
108536,2023-01-17,South East,Paid Search,42.0,True,True,0,4.9
108537,2023-01-17,North West,Organic,38.0,False,True,1,2.4
108538,2023-06-18,South East,Paid Search,26.0,True,True,0,3.7
108539,2024-05-24,West Midlands,Organic,52.0,True,True,2,4.4
108540,2023-10-09,,Email,60.0,False,True,2,4.8
108541,2023-02-25,Yorkshire,Organic,41.0,True,False,0,3.9
108542,2023-05-01,North West,Organic,45.0,True,False,4,5.0
108543,2023-11-21,West Midlands,Paid Search,52.0,False,False,3,3.7
108544,2024-04-07,East of England,Email,39.0,True,True,1,4.1
108545,2023-11-22,Scotland,Organic,43.0,False,False,2,3.9
108546,2025-01-24,Scotland,Paid Search,38.0,False,False,0,4.2
108547,2024-06-26,Wales,Affiliate,34.0,False,False,0,4.3
108548,2024-04-21,Wales,Email,48.0,True,False,1,3.0
108549,2025-01-24,North West,Social,48.0,True,False,0,2.9
108550,2023-04-02,South West,Email,53.0,False,False,1,3.3
108551,2024-07-26,South West,Organic,41.0,True,False,0,3.7
108552,2024-06-29,Wales,Organic,25.0,True,True,3,
108553,2024-12-22,North West,Organic,55.0,False,True,2,3.6
108554,2024-10-15,South West,Referral,31.0,False,False,1,4.0
108555,2024-01-25,South East,Affiliate,31.0,True,False,2,2.7
108556,2024-07-01,Scotland,Social,34.0,False,False,1,5.0
108557,2025-01-24,London,Organic,18.0,False,False,1,2.8
108558,2024-03-21,East of England,Email,38.0,True,False,0,4.3
108559,2022-08-29,East of England,Email,49.0,True,True,2,2.3
108560,2023-12-03,Scotland,Paid Search,35.0,True,False,1,
108561,2024-04-08,Scotland,Organic,58.0,True,False,1,5.0
108562,2024-04-15,North West,Paid Search,58.0,False,True,0,3.9
108563,2023-01-07,SOUTH WEST,Organic,53.0,True,False,3,3.2
108564,2024-07-15,North East,Email,18.0,False,False,0,4.2
108565,2023-04-01,South East,Organic,60.0,False,False,4,
108566,2023-05-11,North West,Social,38.0,True,False,2,2.0
108567,2024-03-12,East of England,Organic,63.0,True,False,1,4.9
108568,2024-11-02,West Midlands,Paid Search,33.0,True,False,1,5.0
108569,2023-10-31,London,Email,39.0,True,False,0,5.0
108570,2025-01-24,London,Social,42.0,True,False,0,2.9
108571,2023-06-13,North West,Referral,29.0,True,False,2,5.0
108572,2025-01-19,North East,Social,20.0,True,False,1,3.4
108573,2024-05-15,East of England,Email,18.0,False,True,0,
108574,2023-06-25,North West,Paid Search,79.0,True,False,1,2.5
108575,2024-05-24,London,Social,19.0,True,False,0,4.1
108576,2023-04-19,South West,Organic,,True,True,0,
108577,2023-12-13,West Midlands,Email,48.0,True,False,1,3.1
108578,2024-11-29,West Midlands,Social,22.0,False,False,1,5.0
108579,2023-10-01,Yorkshire,Paid Search,20.0,True,True,1,5.0
108580,2023-11-30,North West,Social,18.0,False,False,2,2.0
108581,2024-07-13,South West,Email,45.0,True,True,0,4.9
108582,2023-05-06,West Midlands,Paid Search,27.0,True,True,1,2.9
108583,2022-09-24,South West,Social,49.0,False,True,0,3.6
108584,2024-07-04,Yorkshire,Referral,40.0,True,False,1,2.9
108585,2023-11-09,South East,Paid Search,42.0,True,False,1,4.9
108586,2023-12-03,East of England,Social,35.0,False,False,0,4.5
108587,2023-09-14,London,Referral,37.0,False,True,0,4.1
108588,2023-06-29,South West,Paid Search,29.0,True,True,0,4.7
108589,2023-11-13,West Midlands,Paid Search,31.0,False,True,0,4.6
108590,2024-07-18,East of England,Social,27.0,True,True,1,3.0
108591,2023-05-30,North West,Social,61.0,False,False,1,4.3
108592,2023-04-09,Scotland,Email,36.0,True,False,1,2.6
108593,2023-11-08,West Midlands,Social,18.0,True,False,1,3.3
108594,2023-06-05,North West,Social,44.0,True,True,0,4.5
108595,2025-01-24,,Organic,31.0,False,True,2,5.0
108596,2024-02-21,London,Paid Search,40.0,True,False,0,3.9
108597,2024-10-17,West Midlands,Social,37.0,False,False,0,5.0
108598,2024-09-23,South East,Paid Search,60.0,False,True,1,3.7
108599,2024-12-01,,Affiliate,36.0,True,False,2,2.5
108600,2024-09-23,LONDON,Paid Search,52.0,False,False,2,2.8
108601,2022-10-10,LONDON,Paid Search,50.0,False,False,0,2.6
108602,2023-04-22,Scotland,Email,23.0,False,False,3,4.4
108603,2023-08-04,North West,Paid Search,43.0,True,True,4,4.9
108604,2024-09-04,Wales,Organic,31.0,True,False,0,5.0
108605,2024-04-08,North West,Affiliate,25.0,False,False,1,4.8
108606,2024-07-10,West Midlands,Email,25.0,True,False,2,5.0
108607,2023-10-30,NORTH WEST,Paid Search,52.0,False,True,1,4.6
108608,2023-04-05,Wales,Paid Search,75.0,True,True,3,5.0
108609,2023-10-06,South West,Social,31.0,False,False,0,4.1
108610,2024-05-11,South East,Organic,44.0,False,True,0,3.2
108611,2025-01-12,North West,Paid Search,45.0,False,False,1,2.9
108612,2024-08-09,SOUTH EAST,Paid Search,34.0,False,False,0,3.6
108613,2023-05-05,SOUTH EAST,Email,59.0,True,True,1,2.4
108614,2023-03-28,North West,Organic,70.0,True,True,0,3.7
108615,2024-06-07,Wales,Email,33.0,False,False,1,3.7
108616,2024-12-24,Scotland,Paid Search,64.0,False,False,1,4.8
108617,2023-11-15,West Midlands,Social,34.0,True,False,1,3.9
108618,2023-10-27,South East,Social,28.0,True,False,0,5.0
108619,2024-09-11,South East,Organic,39.0,False,False,1,3.6
108620,2023-10-06,Yorkshire,Social,52.0,True,True,2,2.3
108621,2025-01-13,South West,Paid Search,40.0,False,True,0,5.0
108622,2023-12-23,Yorkshire,Referral,51.0,False,False,0,5.0
108623,2025-01-24,East of England,Email,44.0,True,True,2,4.1
108624,2023-08-03,North West,Organic,59.0,True,True,1,3.5
108625,2022-12-10,North East,Social,48.0,False,False,0,5.0
108626,2023-07-24,Wales,Referral,61.0,True,False,2,4.0
108627,2023-01-25,Wales,Organic,30.0,False,False,0,4.0
108628,2023-05-18,East of England,Organic,38.0,True,False,1,5.0
108629,2023-05-12,East of England,Email,41.0,True,False,4,3.6
108630,2023-09-22,London,Paid Search,30.0,True,True,1,3.0
108631,2024-01-09,South East,Email,28.0,True,False,0,3.8
108632,2024-04-29,South East,Paid Search,46.0,False,True,2,3.6
108633,2024-05-04,Scotland,Email,50.0,False,False,0,4.0
108634,2023-10-26,Yorkshire,Organic,42.0,True,False,0,4.3
108635,2024-02-25,South East,Paid Search,55.0,True,False,0,3.7
108636,2024-04-29,South West,Referral,27.0,False,True,0,3.7
108637,2023-12-19,Yorkshire,Social,36.0,True,False,2,4.1
108638,2023-10-13,Yorkshire,Organic,26.0,True,True,2,2.6
108639,2022-10-18,North East,Email,43.0,False,False,1,3.7
108640,2023-02-20,Yorkshire,Organic,47.0,True,False,0,4.3
108641,2024-05-18,London,Paid Search,58.0,True,False,0,3.4
108642,2023-12-24,South West,Social,26.0,True,True,1,3.3
108643,2022-06-29,Wales,Affiliate,46.0,True,False,2,3.5
108644,2023-06-10,London,Paid Search,60.0,True,False,1,2.6
108645,2024-02-26,YORKSHIRE,Referral,28.0,True,False,2,
108646,2024-11-27,Scotland,Social,25.0,True,False,1,2.3
108647,2023-12-19,SOUTH EAST,Paid Search,22.0,False,True,2,3.8
108648,2025-01-24,North West,Email,49.0,True,False,0,4.4
108649,2024-08-24,Wales,Organic,32.0,False,False,0,3.3
108650,2023-12-29,West Midlands,Email,47.0,True,False,1,2.0
108651,2023-11-27,Yorkshire,Social,38.0,True,False,3,4.0
108652,2023-11-04,South West,Paid Search,64.0,True,True,1,3.4
108653,2022-02-16,Scotland,Paid Search,51.0,False,False,1,3.2
108654,2024-01-23,Wales,Organic,,True,False,0,3.2
108655,2023-10-19,Scotland,Organic,,True,False,2,4.8
108656,2023-10-26,North East,Affiliate,51.0,False,False,1,4.4
108657,2023-12-22,South East,Referral,27.0,True,False,2,4.6
108658,2024-07-01,Wales,Email,56.0,False,False,1,2.6
108659,2023-08-26,South East,Social,38.0,True,True,0,4.5
108660,2023-09-20,Wales,Paid Search,52.0,False,False,1,3.1
108661,2024-07-27,East of England,Email,38.0,False,False,1,2.7
108662,2023-08-10,Yorkshire,Paid Search,34.0,True,True,0,3.2
108663,2023-08-21,Wales,Paid Search,32.0,True,True,2,3.6
108664,2023-07-01,East of England,Paid Search,64.0,False,False,1,4.0
108665,2024-01-06,East of England,Affiliate,37.0,True,True,0,4.1
108666,2023-12-14,South West,Email,81.0,True,True,2,2.9
108667,2024-09-01,Wales,Paid Search,43.0,True,True,2,2.2
108668,2024-02-05,North West,Referral,30.0,True,False,2,4.4
108669,2023-07-06,Wales,Email,20.0,True,True,3,3.4
108670,2024-06-13,Yorkshire,Social,57.0,True,True,3,3.6
108671,2023-07-21,London,Paid Search,,False,True,3,3.6
108672,2023-04-25,North East,Organic,52.0,True,False,0,3.3
108673,2024-06-03,South West,Organic,71.0,False,False,3,3.6
108674,2023-04-02,Wales,Social,50.0,False,True,2,4.6
108675,2024-08-08,SOUTH WEST,Social,,True,False,1,
108676,2024-05-06,West Midlands,Paid Search,57.0,False,False,0,3.9
108677,2024-09-02,West Midlands,Organic,51.0,True,False,0,3.8
108678,2024-10-06,North West,Social,25.0,True,False,0,4.2
108679,2024-06-15,Scotland,Referral,58.0,True,False,3,1.4
108680,2023-07-17,London,Paid Search,40.0,True,False,0,3.9
108681,2024-01-23,South West,Email,61.0,True,True,0,2.6
108682,2025-01-24,South West,Affiliate,48.0,True,False,0,4.4
108683,2023-01-03,North East,Email,56.0,True,False,3,4.0
108684,2024-09-23,Yorkshire,Organic,38.0,False,True,2,1.7
108685,2022-12-26,North East,Email,21.0,False,False,2,4.6
108686,2024-11-29,North West,Referral,,False,False,1,3.9
108687,2023-06-18,Scotland,Email,54.0,True,False,2,
108688,2023-10-10,South West,Paid Search,34.0,False,True,2,
108689,2024-11-16,South West,Paid Search,38.0,False,False,1,4.2
108690,2024-03-27,South West,Paid Search,18.0,False,True,0,4.1
108691,2023-09-21,Scotland,Paid Search,39.0,False,False,1,3.0
108692,2023-11-27,London,Email,25.0,True,True,2,3.2
108693,2023-01-28,WALES,Paid Search,48.0,False,True,2,
108694,2025-01-24,West Midlands,Email,45.0,True,True,5,4.9
108695,2024-08-05,East of England,Social,41.0,False,False,1,4.4
108696,2024-09-15,South East,Social,58.0,True,False,0,3.1
108697,2023-07-12,North East,Paid Search,44.0,True,False,1,4.3
108698,2023-09-27,North West,Organic,44.0,False,True,0,3.6
108699,2023-03-01,North East,Paid Search,45.0,False,False,1,5.0
108700,2023-03-18,South West,Referral,,False,True,0,5.0
108701,2024-06-02,West Midlands,Organic,54.0,True,True,0,3.3
108702,2023-08-21,,Paid Search,29.0,True,True,1,3.3
108703,2023-11-27,North East,Paid Search,46.0,True,True,0,3.8
108704,2024-04-22,Yorkshire,Social,57.0,False,False,1,5.0
108705,2023-08-15,East of England,Social,28.0,True,False,1,5.0
108706,2022-05-13,East of England,Affiliate,24.0,True,True,0,
108707,2023-08-08,North West,Organic,27.0,True,False,0,
108708,2022-12-23,South East,Paid Search,65.0,True,False,2,5.0
108709,2023-10-12,London,Email,,True,True,0,3.8
108710,2024-10-04,Scotland,Organic,25.0,False,True,0,4.5
108711,2023-04-08,East of England,Organic,46.0,False,True,1,5.0
108712,2025-01-24,West Midlands,Referral,18.0,True,True,2,5.0
108713,2025-01-24,North West,Social,29.0,True,True,0,4.4
108714,2022-08-19,West Midlands,Organic,59.0,False,False,0,4.3
108715,2023-09-25,North West,Affiliate,29.0,True,True,2,4.0
108716,2024-01-21,Scotland,Paid Search,38.0,False,False,2,
108717,2023-07-01,Yorkshire,Paid Search,45.0,True,True,1,3.8
108718,2024-08-26,North West,Paid Search,45.0,True,False,1,4.9
108719,2023-04-09,London,Paid Search,34.0,True,False,0,3.1
108720,2024-12-10,South East,Organic,48.0,True,False,0,3.4
108721,2024-08-13,Scotland,Referral,60.0,True,False,1,3.6
108722,2024-11-06,South East,Affiliate,27.0,True,False,3,5.0
108723,2024-12-08,South West,Email,35.0,True,True,1,4.7
108724,2023-10-22,South East,Affiliate,40.0,False,True,3,
108725,2024-03-19,London,Organic,50.0,True,True,1,
108726,2023-12-13,East of England,Organic,41.0,True,True,0,1.4
108727,2023-07-31,East of England,Paid Search,39.0,True,False,0,4.6
108728,2023-09-15,East of England,Social,21.0,True,False,0,3.0
108729,2024-09-16,South East,Organic,26.0,True,False,1,3.4
108730,2024-03-24,East of England,Paid Search,44.0,True,False,1,5.0
108731,2024-04-25,Wales,Affiliate,34.0,False,True,1,4.4
108732,2024-04-24,East of England,Paid Search,37.0,True,False,0,4.1
108733,2024-05-14,West Midlands,Email,40.0,True,False,2,3.8
108734,2025-01-24,Scotland,Paid Search,71.0,True,True,2,5.0
108735,2023-07-22,Wales,Social,35.0,True,False,2,3.0
108736,2023-08-12,South East,Social,59.0,False,False,3,
108737,2024-11-16,South West,Paid Search,58.0,False,True,1,5.0
108738,2025-01-24,North West,Paid Search,51.0,True,False,3,
108739,2023-10-09,Wales,Social,30.0,True,True,3,4.3
108740,2022-08-13,South East,Social,,False,False,1,
108741,2025-01-24,Yorkshire,Organic,36.0,False,True,2,4.5
108742,2023-07-15,Scotland,Organic,67.0,False,False,1,3.5
108743,2024-02-12,Scotland,Paid Search,46.0,False,True,1,2.5
108744,2024-09-09,West Midlands,Organic,38.0,True,True,1,4.9
108745,2023-06-27,London,Referral,64.0,False,False,2,3.2
108746,2025-01-04,Wales,Paid Search,36.0,True,True,2,2.8
108747,2023-05-26,Yorkshire,Organic,48.0,True,False,1,2.3
108748,2025-01-24,East of England,Social,50.0,False,True,2,4.0
108749,2023-10-09,Yorkshire,Email,46.0,False,False,0,3.3
108750,2024-07-05,Yorkshire,Paid Search,40.0,True,False,1,5.0
108751,2023-06-01,East of England,Social,52.0,True,True,0,5.0
108752,2024-03-18,Scotland,Social,33.0,True,True,0,4.1
108753,2024-12-04,South East,Paid Search,55.0,False,False,1,3.1
108754,2021-11-09,London,Paid Search,37.0,False,True,1,4.8
108755,2023-04-09,Yorkshire,Referral,58.0,False,True,1,4.3
108756,2023-09-02,South East,Organic,55.0,False,False,1,3.4
108757,2024-06-05,Scotland,Paid Search,48.0,False,True,2,4.2
108758,2025-01-07,East of England,Social,,True,False,1,4.2
108759,2024-08-25,Yorkshire,Organic,55.0,True,True,0,3.3
108760,2024-09-22,South East,Paid Search,48.0,True,True,0,2.7
108761,2022-09-17,East of England,Organic,18.0,True,False,1,5.0
108762,2023-09-12,,Organic,30.0,True,False,0,4.6
108763,2025-01-24,West Midlands,Social,43.0,False,True,1,3.9
108764,2024-05-01,South East,Organic,45.0,True,False,1,4.5
108765,2024-05-23,Yorkshire,Paid Search,50.0,True,False,1,4.8
108766,2024-07-11,East of England,Social,61.0,False,False,1,3.6
108767,2023-12-27,West Midlands,Email,49.0,False,False,3,2.9
108768,2024-02-04,Yorkshire,Social,18.0,True,True,2,5.0
108769,2023-03-29,South West,Paid Search,44.0,True,True,0,3.4
108770,2023-10-22,Yorkshire,Paid Search,57.0,False,True,0,5.0
108771,2022-10-09,South West,Affiliate,42.0,True,False,1,5.0
108772,2025-01-24,South East,Paid Search,44.0,True,True,2,4.2
108773,2025-01-24,North West,Organic,35.0,False,False,2,2.5
108774,2024-07-02,,Email,53.0,True,True,1,3.9
108775,2023-11-29,North West,Email,36.0,True,False,1,4.1
108776,2024-01-24,North East,Referral,49.0,True,False,1,3.9
108777,2025-01-24,East of England,Organic,47.0,False,True,0,5.0
108778,2023-02-25,SCOTLAND,Affiliate,42.0,False,True,1,2.8
108779,2022-11-12,South West,Paid Search,47.0,True,True,1,4.4
108780,2024-11-20,North East,Referral,44.0,True,False,0,4.4
108781,2023-10-06,London,Paid Search,58.0,True,True,3,4.4
108782,2023-12-10,Yorkshire,Affiliate,50.0,False,True,0,2.4
108783,2022-08-11,Scotland,Referral,55.0,True,True,2,4.8
108784,2024-04-23,South West,Email,31.0,False,False,2,3.1
108785,2023-10-19,West Midlands,Social,30.0,False,False,2,4.4
108786,2024-11-14,West Midlands,Paid Search,42.0,True,False,2,4.5
108787,2024-10-01,South West,Organic,51.0,True,True,4,3.1
108788,2023-07-27,Wales,Paid Search,,True,True,0,3.0
108789,2025-01-24,South East,Email,31.0,True,False,1,
108790,2024-03-17,East of England,Paid Search,51.0,False,True,1,4.2
108791,2023-07-20,South West,Paid Search,33.0,True,True,3,3.6
108792,2023-11-14,South East,Paid Search,50.0,False,True,1,4.9
108793,2024-09-25,East of England,Email,45.0,True,False,1,5.0
108794,2024-06-25,North East,Organic,38.0,True,True,1,4.7
108795,2023-10-24,Wales,Social,34.0,True,False,0,4.0
108796,2024-09-09,South East,Paid Search,43.0,False,False,1,1.1
108797,2023-12-16,North East,Organic,42.0,False,False,0,4.6
108798,2023-04-14,West Midlands,Social,27.0,True,False,0,5.0
108799,2023-12-20,Scotland,Paid Search,49.0,False,False,2,
108800,2023-05-10,North West,Email,56.0,True,True,1,4.0
108801,2024-02-28,East of England,Organic,52.0,True,False,0,5.0
108802,2023-09-18,South East,Affiliate,45.0,True,True,0,4.5
108803,2024-10-07,South West,Paid Search,35.0,True,False,0,4.4
108804,2025-01-24,London,Organic,43.0,False,False,2,3.6
108805,2024-05-08,Wales,Affiliate,39.0,True,False,1,4.3
108806,2023-06-11,West Midlands,Referral,43.0,False,False,1,4.2
108807,2025-01-24,Yorkshire,Organic,53.0,False,False,2,
108808,2023-12-25,North West,Paid Search,40.0,True,True,4,2.2
108809,2022-10-20,South East,Organic,18.0,False,False,2,5.0
108810,2024-06-28,London,Social,51.0,False,False,0,4.0
108811,2024-03-05,North East,Paid Search,46.0,True,False,0,2.3
108812,2024-06-25,South East,Paid Search,43.0,True,True,0,3.4
108813,2023-05-09,London,Social,26.0,True,False,3,2.2
108814,2023-11-11,Yorkshire,Paid Search,30.0,True,False,0,3.0
108815,2024-05-02,,Referral,32.0,False,True,0,3.7
108816,2023-09-20,London,Paid Search,33.0,True,True,0,4.1
108817,2024-05-20,North West,Affiliate,35.0,True,True,1,2.9
108818,2024-05-04,Yorkshire,Social,26.0,True,False,1,2.8
108819,2023-12-01,Scotland,Affiliate,,True,False,0,1.4
108820,2024-01-15,South East,Email,61.0,False,False,0,4.3
108821,2024-04-08,North East,Paid Search,45.0,False,False,1,4.6
108822,2024-10-05,West Midlands,Paid Search,41.0,False,True,2,1.0
108823,2025-01-24,East of England,Paid Search,65.0,True,False,3,4.4
108824,2024-03-05,Scotland,Email,62.0,False,True,1,2.6
108825,2022-12-24,Yorkshire,Paid Search,31.0,False,False,3,4.1
108826,2024-02-27,North East,Email,44.0,False,True,0,5.0
108827,2023-10-03,West Midlands,Referral,39.0,False,False,3,1.7
108828,2024-04-03,Wales,Organic,37.0,False,False,1,3.5
108829,2023-01-13,North West,Social,39.0,False,False,1,4.1
108830,2022-10-16,West Midlands,Referral,40.0,True,False,1,4.9
108831,2024-10-24,London,Email,44.0,True,False,2,3.9
108832,2023-06-18,West Midlands,Paid Search,,False,True,1,4.8
108833,2024-04-17,Yorkshire,Organic,60.0,True,True,1,4.4
108834,2024-08-23,East of England,Social,,False,False,1,4.9
108835,2023-03-14,Scotland,Paid Search,54.0,False,True,0,4.9
108836,2024-08-10,West Midlands,Social,27.0,False,False,0,
108837,2025-01-24,North West,Affiliate,44.0,True,True,0,4.8
108838,2023-12-27,North East,Organic,55.0,False,False,1,3.9
108839,2025-01-24,West Midlands,Paid Search,48.0,True,True,3,4.8
108840,2024-12-13,West Midlands,Paid Search,37.0,False,True,1,3.3
108841,2022-12-08,North East,Referral,45.0,True,True,1,
108842,2024-04-20,East of England,Paid Search,62.0,False,True,2,4.4
108843,2023-03-19,Wales,Paid Search,33.0,False,False,0,4.9
108844,2023-12-14,West Midlands,Social,48.0,False,True,0,3.9
108845,2024-07-07,SCOTLAND,Organic,54.0,True,False,1,3.2
108846,2023-10-08,South West,Organic,36.0,False,False,0,3.9
108847,2023-10-21,North East,Social,64.0,True,True,1,
108848,2025-01-24,SOUTH WEST,Social,68.0,True,False,0,3.6
108849,2024-10-28,Scotland,Paid Search,55.0,True,True,0,1.8
108850,2023-12-05,Yorkshire,Organic,55.0,False,True,3,4.1
108851,2023-12-03,West Midlands,Email,19.0,False,False,0,5.0
108852,2023-03-06,Scotland,Organic,24.0,False,False,0,4.8
108853,2024-05-18,West Midlands,Affiliate,40.0,True,False,3,2.5
108854,2024-10-29,London,Paid Search,32.0,True,False,0,4.2
108855,2024-02-23,Wales,Organic,49.0,True,True,0,5.0
108856,2023-03-16,South East,Social,18.0,True,False,0,
108857,2023-09-23,North West,Social,49.0,False,True,1,
108858,2024-02-11,North West,Paid Search,39.0,True,False,0,5.0
108859,2024-09-07,North West,Social,34.0,False,False,0,2.7
108860,2023-11-22,Scotland,Affiliate,66.0,True,False,1,4.3
108861,2024-10-24,North East,Organic,37.0,True,False,1,4.9
108862,2023-02-06,West Midlands,Paid Search,20.0,True,False,1,2.9
108863,2024-08-17,South West,Paid Search,47.0,True,False,0,2.7
108864,2023-07-15,South West,Organic,46.0,False,False,0,5.0
108865,2023-03-14,South West,Paid Search,39.0,False,False,1,2.4
108866,2023-07-17,East of England,Referral,72.0,False,False,1,
108867,2024-06-25,South West,Affiliate,44.0,True,False,0,2.7
108868,2023-12-23,South West,Affiliate,54.0,True,False,1,3.6
108869,2025-01-24,East of England,Organic,45.0,True,False,0,2.6
108870,2023-08-25,YORKSHIRE,Organic,58.0,False,True,1,2.9
108871,2023-01-24,London,Organic,37.0,False,True,0,2.6
108872,2023-02-17,Yorkshire,Paid Search,27.0,False,True,1,5.0
108873,2025-01-24,South West,Social,51.0,True,False,0,4.4
108874,2023-07-08,West Midlands,Paid Search,45.0,False,True,0,4.2
108875,2024-07-25,North West,Paid Search,51.0,False,True,1,5.0
108876,2022-12-31,Yorkshire,Referral,33.0,True,False,0,
108877,2024-05-27,South East,Email,,True,True,2,3.1
108878,2023-09-30,South West,Affiliate,20.0,True,False,1,3.1
108879,2024-11-09,North East,Organic,35.0,True,False,1,3.4
108880,2024-03-09,Scotland,Referral,32.0,True,False,0,4.2
108881,2023-09-07,London,Organic,47.0,False,False,0,4.5
108882,2023-05-18,North West,Paid Search,35.0,True,False,0,3.0
108883,2023-04-05,London,Organic,23.0,False,False,1,3.9
108884,2024-01-06,Scotland,Social,34.0,True,False,0,3.9
108885,2024-02-29,West Midlands,Organic,49.0,True,True,2,5.0
108886,2022-09-11,South West,Email,43.0,False,False,0,4.8
108887,2023-12-19,Wales,Organic,31.0,True,False,0,
108888,2024-03-18,Scotland,Affiliate,52.0,True,True,1,4.8
108889,2023-04-21,North East,Paid Search,61.0,False,False,2,
108890,2024-12-11,Scotland,Email,53.0,True,False,1,4.3
108891,2024-08-17,South East,Affiliate,18.0,True,True,1,2.8
108892,2024-03-18,North East,Social,44.0,True,False,1,2.1
108893,2023-06-08,West Midlands,Referral,39.0,True,False,0,3.7
108894,2024-03-13,Wales,Email,18.0,False,True,0,3.1
108895,2024-04-21,South West,Paid Search,24.0,True,False,0,3.8
108896,2023-07-16,North East,Social,51.0,True,False,2,3.4
108897,2024-08-23,East of England,Social,43.0,False,False,2,4.0
108898,2023-12-02,YORKSHIRE,Paid Search,42.0,False,True,2,
108899,2023-12-29,North West,Organic,33.0,True,True,2,4.7
108900,2024-08-20,North West,Paid Search,55.0,False,False,1,
108901,2023-05-15,West Midlands,Organic,25.0,True,True,0,4.4
108902,2023-11-11,West Midlands,Affiliate,29.0,True,True,0,4.1
108903,2024-02-03,Yorkshire,Affiliate,37.0,False,False,0,2.9
108904,2023-03-06,,Email,21.0,True,False,1,4.1
108905,2022-10-10,London,Organic,30.0,True,False,2,
108906,2023-11-03,East of England,Organic,55.0,True,False,1,4.7
108907,2025-01-24,SOUTH WEST,Paid Search,30.0,True,True,0,4.8
108908,2024-02-24,SCOTLAND,Organic,51.0,False,False,1,3.8
108909,2023-09-13,North West,Email,,False,False,1,3.7
108910,2023-07-23,Scotland,Social,,True,False,1,
108911,2023-09-01,Wales,Organic,23.0,False,True,0,2.8
108912,2025-01-24,North East,Paid Search,42.0,True,True,2,
108913,2024-09-08,East of England,Referral,18.0,True,True,0,4.8
108914,2024-04-19,Scotland,Organic,34.0,True,True,2,
108915,2024-06-08,East of England,Organic,44.0,False,False,1,3.5
108916,2025-01-24,East of England,Organic,52.0,False,False,1,4.7
108917,2024-04-17,South West,Organic,39.0,False,True,2,
108918,2023-07-22,South East,Social,,False,True,1,3.4
108919,2025-01-24,,Social,,True,False,0,2.6
108920,2024-10-03,West Midlands,Social,35.0,False,True,1,4.1
108921,2024-11-25,North West,Paid Search,49.0,True,False,1,4.4
108922,2023-03-22,East of England,Affiliate,46.0,False,True,0,3.1
108923,2024-03-02,Yorkshire,Email,41.0,True,False,0,5.0
108924,2023-08-04,North East,Referral,49.0,True,False,1,4.5
108925,2024-03-27,South West,Paid Search,41.0,False,False,0,3.1
108926,2025-01-24,South East,Affiliate,24.0,True,False,2,4.5
108927,2024-02-09,Wales,Email,27.0,False,False,1,3.7
108928,2024-05-15,South West,Social,49.0,True,False,1,3.4
108929,2023-05-22,West Midlands,Paid Search,23.0,False,False,0,2.8
108930,2024-09-02,London,Paid Search,36.0,False,False,0,3.7
108931,2023-08-23,South West,Referral,,True,False,0,
108932,2023-11-21,South East,Organic,28.0,False,True,1,4.2
108933,2022-07-28,North West,Social,19.0,True,False,2,2.9
108934,2024-09-23,Scotland,Email,,False,False,1,4.5
108935,2023-11-24,LONDON,Email,18.0,False,False,2,3.4
108936,2023-07-29,West Midlands,Organic,49.0,False,False,0,4.7
108937,2023-01-04,North West,Referral,46.0,False,True,5,4.5
108938,2024-06-17,London,Organic,31.0,False,True,1,4.9
108939,2024-02-16,North East,Referral,23.0,False,True,2,2.4
108940,2023-02-15,North West,Organic,,False,False,0,5.0
108941,2023-05-11,Yorkshire,Paid Search,47.0,False,False,1,5.0
108942,2024-02-19,Wales,Organic,33.0,False,False,1,
108943,2024-10-18,Scotland,Email,56.0,True,True,0,2.6
108944,2025-01-24,North West,Social,43.0,True,False,0,5.0
108945,2025-01-24,South West,Paid Search,45.0,False,False,2,4.7
108946,2023-07-25,East of England,Paid Search,27.0,False,False,2,4.9
108947,2024-04-16,London,Email,21.0,True,False,1,3.3
108948,2023-09-02,WALES,Paid Search,21.0,True,False,5,2.7
108949,2023-06-21,South East,Paid Search,68.0,False,False,1,5.0
108950,2023-10-21,South West,Email,30.0,True,False,1,3.6
108951,2023-12-21,LONDON,Organic,42.0,True,False,0,3.2
108952,2023-11-21,London,Paid Search,47.0,True,True,0,2.6
108953,2024-02-05,SOUTH EAST,Organic,41.0,True,False,2,1.6
108954,2024-09-16,South West,Social,39.0,False,False,0,4.0
108955,2024-07-25,Scotland,Social,39.0,True,False,2,4.8
108956,2024-03-25,East of England,Paid Search,47.0,False,True,0,4.3
108957,2023-09-26,North West,Organic,27.0,True,True,1,3.9
108958,2023-12-03,South East,Organic,35.0,False,True,0,5.0
108959,2024-03-28,South West,Organic,,False,True,2,
108960,2024-02-19,Wales,Paid Search,18.0,True,True,0,3.2
108961,2024-05-04,Wales,Organic,24.0,True,True,1,4.2
108962,2025-01-24,London,Social,,False,True,0,4.1
108963,2023-07-28,North East,Paid Search,37.0,False,True,2,3.7
108964,2024-04-10,Yorkshire,Affiliate,50.0,True,False,1,4.4
108965,2023-10-31,,Affiliate,46.0,False,False,1,5.0
108966,2024-02-26,South East,Organic,44.0,True,True,0,2.2
108967,2024-06-10,Yorkshire,Email,29.0,True,False,5,4.2
108968,2023-07-02,East of England,Social,42.0,True,False,0,3.3
108969,2023-09-28,London,Paid Search,44.0,False,True,0,3.8
108970,2022-10-29,SCOTLAND,Organic,70.0,True,True,3,3.9
108971,2024-10-30,,Affiliate,37.0,False,False,0,3.8
108972,2025-01-24,North East,Paid Search,51.0,True,False,0,3.3
108973,2023-05-11,East of England,Social,39.0,True,True,0,
108974,2023-05-23,West Midlands,Social,32.0,True,False,1,
108975,2023-03-19,Scotland,Paid Search,52.0,False,True,0,
108976,2023-01-20,Wales,Social,66.0,True,False,1,3.2
108977,2024-03-22,East of England,Referral,44.0,False,False,0,4.7
108978,2025-01-24,WEST MIDLANDS,Paid Search,32.0,True,False,2,4.1
108979,2025-01-24,Wales,Paid Search,47.0,False,False,0,2.8
108980,2024-05-02,East of England,Paid Search,,True,False,0,
108981,2025-01-24,London,Email,70.0,True,False,2,3.0
108982,2023-08-11,East of England,Social,51.0,True,False,1,4.3
108983,2024-02-27,North East,Social,29.0,True,False,3,2.8
108984,2024-03-12,Wales,Email,58.0,False,True,1,2.6
108985,2025-01-24,London,Affiliate,51.0,True,False,0,4.6
108986,2023-10-02,Wales,Paid Search,53.0,False,False,2,3.4
108987,2022-08-21,North East,Email,47.0,False,False,0,4.3
108988,2023-02-26,South East,Organic,54.0,False,False,1,2.0
108989,2023-09-06,East of England,Paid Search,47.0,True,False,1,4.5
108990,2023-10-17,South West,Paid Search,38.0,False,True,1,2.8
108991,2024-05-13,London,Organic,43.0,False,False,0,4.7
108992,2023-12-21,Wales,Referral,39.0,False,False,1,3.6
108993,2025-01-24,West Midlands,Organic,45.0,True,False,2,4.5
108994,2023-02-24,North West,Social,42.0,True,False,1,3.8
108995,2023-06-26,North West,Paid Search,37.0,False,False,4,
108996,2024-06-29,Yorkshire,Paid Search,39.0,False,False,0,5.0
108997,2024-06-29,South West,Affiliate,41.0,True,False,0,4.1
108998,2024-04-24,,Referral,18.0,True,False,1,2.6
108999,2023-07-25,NORTH WEST,Organic,54.0,True,True,1,3.1
109000,2024-02-09,Wales,Paid Search,,False,True,2,
109001,2023-10-07,Wales,Paid Search,33.0,True,False,0,5.0
109002,2024-01-18,London,Affiliate,49.0,True,True,1,4.6
109003,2023-05-09,West Midlands,Paid Search,34.0,True,False,0,5.0
109004,2023-10-11,London,Paid Search,34.0,True,False,2,4.3
109005,2024-12-29,North East,Email,46.0,True,False,4,3.5
109006,2023-11-10,Scotland,Affiliate,,True,True,0,
109007,2023-11-13,NORTH WEST,Paid Search,45.0,False,False,1,2.8
109008,2024-08-22,Wales,Email,31.0,False,False,2,3.3
109009,2023-05-26,East of England,Organic,36.0,True,True,0,4.1
109010,2024-07-18,North East,Social,52.0,False,False,3,3.1
109011,2023-11-19,Wales,Paid Search,46.0,False,True,2,4.5
109012,2024-03-12,NORTH EAST,Referral,,False,False,3,2.8
109013,2024-09-12,North West,Email,46.0,True,False,0,5.0
109014,2023-08-05,North West,Affiliate,51.0,False,False,1,3.6
109015,2025-01-18,London,Social,67.0,True,False,1,5.0
109016,2023-09-22,West Midlands,Referral,23.0,False,False,0,2.4
109017,2023-12-12,Yorkshire,Social,72.0,True,False,1,4.4
109018,2024-11-27,Yorkshire,Social,53.0,True,False,0,4.1
109019,2024-09-03,East of England,Paid Search,75.0,False,False,0,4.1
109020,2023-09-13,South West,Email,28.0,True,False,0,3.6
109021,2022-07-08,Wales,Organic,46.0,False,False,3,3.5
109022,2023-06-06,Yorkshire,Social,43.0,True,True,5,1.4
109023,2024-08-07,North West,Social,52.0,True,False,0,2.2
109024,2024-10-28,Scotland,Email,47.0,True,False,2,3.3
109025,2025-01-24,Wales,Social,46.0,False,False,0,2.2
109026,2024-12-08,Wales,Social,51.0,False,True,0,4.3
109027,2024-05-20,North East,Social,40.0,False,False,2,3.1
109028,2023-02-03,,Social,34.0,False,False,0,
109029,2023-03-30,SOUTH WEST,Organic,47.0,False,False,1,4.3
109030,2023-08-14,SCOTLAND,Email,,False,True,0,3.8
109031,2023-01-04,London,Email,39.0,True,False,1,3.8
109032,2023-07-25,South West,Social,22.0,False,True,0,3.6
109033,2023-05-02,London,Paid Search,42.0,False,False,1,3.1
109034,2024-06-02,East of England,Organic,29.0,False,False,0,3.5
109035,2025-01-24,North East,Referral,41.0,True,False,2,4.8
109036,2023-01-26,,Referral,27.0,True,False,2,2.0
109037,2024-01-05,South West,Paid Search,41.0,False,False,0,4.3
109038,2024-03-10,Wales,Affiliate,53.0,False,False,0,5.0
109039,2023-09-23,East of England,Paid Search,33.0,True,True,1,
109040,2022-11-30,East of England,Referral,29.0,False,True,1,3.4
109041,2023-07-08,North East,Affiliate,51.0,True,True,1,4.3
109042,2024-04-13,South West,Social,53.0,True,False,2,3.4
109043,2024-04-17,London,Affiliate,47.0,False,False,1,
109044,2023-09-19,South West,Social,35.0,False,True,2,4.4
109045,2023-12-15,South West,Organic,33.0,False,False,1,
109046,2023-08-29,North West,Email,37.0,True,True,2,5.0
109047,2024-08-14,East of England,Paid Search,40.0,True,True,0,4.0
109048,2023-11-22,Wales,Paid Search,19.0,False,False,1,
109049,2023-10-30,Wales,Paid Search,28.0,True,False,1,4.0
109050,2023-11-18,,Social,57.0,True,True,0,
109051,2023-10-30,South West,Email,,False,False,3,
109052,2023-07-03,South East,Referral,57.0,False,True,0,3.6
109053,2025-01-24,Scotland,Referral,54.0,False,True,2,
109054,2024-04-01,North West,Referral,37.0,False,False,2,3.0
109055,2023-05-27,London,Email,37.0,True,False,3,3.2
109056,2024-01-27,North West,Referral,54.0,False,False,1,3.8
109057,2023-01-21,North East,Paid Search,51.0,True,True,0,3.4
109058,2022-08-26,Yorkshire,Email,54.0,True,True,1,4.4
109059,2024-10-27,South West,Paid Search,41.0,True,False,5,3.9
109060,2023-04-01,Yorkshire,Paid Search,43.0,True,False,2,
109061,2023-05-16,West Midlands,Paid Search,38.0,True,False,1,
109062,2024-06-07,Scotland,Paid Search,40.0,False,True,2,
109063,2025-01-24,North East,Affiliate,32.0,False,False,3,3.0
109064,2023-10-31,North West,Organic,40.0,True,False,2,5.0
109065,2023-08-02,West Midlands,Referral,39.0,True,True,2,2.5
109066,2023-08-26,Wales,Organic,35.0,True,True,2,4.2
109067,2024-10-16,West Midlands,Email,51.0,False,True,1,
109068,2024-05-19,North East,Organic,23.0,False,False,1,4.0
109069,2024-02-02,North East,Affiliate,45.0,False,True,2,4.6
109070,2024-12-19,London,Paid Search,29.0,True,False,0,4.8
109071,2023-06-08,East of England,Email,30.0,False,True,4,5.0
109072,2025-01-24,London,Affiliate,31.0,True,False,2,2.6
109073,2024-01-17,Wales,Email,47.0,False,True,0,3.2
109074,2024-05-10,South East,Referral,18.0,True,False,2,3.5
109075,2023-07-03,Wales,Organic,43.0,False,False,1,3.3
109076,2024-09-11,South West,Organic,42.0,True,False,0,4.4
109077,2023-09-23,Yorkshire,Paid Search,28.0,True,True,0,4.7
109078,2022-11-23,North West,Organic,43.0,False,False,1,2.3
109079,2023-10-27,North West,Paid Search,25.0,True,False,1,3.0
109080,2022-11-03,Scotland,Email,40.0,False,False,0,3.8
109081,2024-03-16,Wales,Affiliate,25.0,False,False,1,4.0
109082,2023-02-07,Wales,Email,68.0,True,True,0,5.0
109083,2024-05-25,Yorkshire,Email,52.0,True,True,1,2.9
109084,2024-03-19,North West,Social,44.0,False,False,0,3.5
109085,2023-07-13,Yorkshire,Paid Search,29.0,True,False,1,5.0
109086,2023-12-02,Wales,Email,37.0,True,False,1,3.5
109087,2024-10-04,Yorkshire,Organic,38.0,True,True,1,4.6
109088,2024-12-18,Wales,Organic,44.0,True,True,0,3.5
109089,2023-12-10,London,Referral,46.0,True,False,2,3.7
109090,2025-01-24,,Organic,44.0,False,False,1,4.5
109091,2023-12-19,London,Organic,45.0,False,False,2,3.7
109092,2022-12-05,East of England,Paid Search,39.0,True,True,1,3.3
109093,2024-02-18,East of England,Email,45.0,True,False,2,4.6
109094,2024-05-30,West Midlands,Paid Search,33.0,False,False,0,3.1
109095,2023-07-04,SOUTH WEST,Social,27.0,False,False,0,
109096,2023-11-01,North East,Organic,65.0,True,True,0,3.6
109097,2024-03-10,Scotland,Email,46.0,False,True,0,3.1
109098,2023-07-17,Scotland,Referral,64.0,False,True,1,4.7
109099,2023-07-07,South East,Paid Search,37.0,False,False,0,2.8
109100,2024-03-29,London,Email,72.0,True,True,1,3.8
109101,2024-10-04,Scotland,Paid Search,42.0,False,True,0,2.2
109102,2024-04-26,Scotland,Paid Search,56.0,False,False,0,2.9
109103,2024-07-17,South West,Organic,41.0,False,False,2,5.0
109104,2024-03-27,Wales,Organic,43.0,False,False,1,
109105,2024-11-28,South East,Affiliate,40.0,True,False,0,5.0
109106,2023-05-04,,Email,35.0,True,True,0,3.9
109107,2024-05-15,Yorkshire,Referral,54.0,False,True,0,4.0
109108,2025-01-24,West Midlands,Paid Search,41.0,False,False,1,
109109,2024-11-28,South West,Email,52.0,False,True,1,4.3
109110,2023-10-21,West Midlands,Social,53.0,True,False,1,4.6
109111,2024-11-21,Scotland,Paid Search,59.0,False,False,0,3.5
109112,2023-04-11,Scotland,Email,46.0,True,False,0,3.7
109113,2024-01-18,East of England,Referral,21.0,False,True,1,3.3
109114,2024-04-24,London,Referral,37.0,False,False,0,4.5
109115,2024-01-28,,Affiliate,41.0,True,False,0,3.1
109116,2024-07-30,West Midlands,Paid Search,41.0,True,False,2,5.0
109117,2024-05-01,North West,Referral,58.0,True,False,1,2.5
109118,2023-04-13,East of England,Affiliate,,True,True,0,4.0
109119,2023-08-16,South East,Email,39.0,True,True,0,2.6
109120,2023-01-22,YORKSHIRE,Paid Search,73.0,False,True,1,4.2
109121,2023-03-02,London,Organic,36.0,True,True,2,
109122,2022-11-28,North West,Paid Search,38.0,False,False,1,3.4
109123,2023-04-12,South West,Paid Search,27.0,True,False,2,
109124,2023-07-21,West Midlands,Affiliate,21.0,False,True,1,3.7
109125,2023-10-17,North East,Affiliate,26.0,False,False,1,4.8
109126,2023-12-29,West Midlands,Referral,54.0,True,True,0,3.9
109127,2024-10-01,East of England,Paid Search,51.0,True,False,0,3.7
109128,2023-12-20,London,Social,30.0,False,False,1,3.8
109129,2024-04-07,North East,Organic,42.0,True,True,1,2.7
109130,2022-07-22,East of England,Organic,51.0,True,True,0,4.8
109131,2024-08-18,South West,Organic,18.0,False,False,3,3.1
109132,2023-02-06,West Midlands,Affiliate,64.0,True,False,2,4.9
109133,2025-01-24,North West,Email,55.0,True,True,1,3.2
109134,2023-12-28,Scotland,Referral,52.0,True,True,0,2.5
109135,2025-01-24,NORTH WEST,Paid Search,57.0,False,True,1,1.8
109136,2023-07-13,London,Organic,18.0,False,False,0,4.8
109137,2024-04-26,East of England,Social,,True,True,0,5.0
109138,2024-08-29,South West,Social,57.0,True,False,2,4.3
109139,2024-01-22,East of England,Referral,41.0,True,True,2,3.0
109140,2024-11-08,Yorkshire,Paid Search,51.0,False,False,0,2.9
109141,2024-03-28,Yorkshire,Paid Search,,False,False,2,2.8
109142,2022-12-14,,Referral,50.0,True,False,0,4.8
109143,2025-01-24,Yorkshire,Social,38.0,True,False,0,3.7
109144,2023-04-21,South West,Social,48.0,False,False,2,2.6
109145,2024-12-19,Scotland,Referral,19.0,False,False,0,3.2
109146,2024-01-23,London,Email,47.0,False,False,3,4.2
109147,2024-09-05,West Midlands,Email,51.0,True,False,2,5.0
109148,2024-06-01,South West,Paid Search,43.0,True,True,1,4.5
109149,2023-03-23,EAST OF ENGLAND,Social,56.0,True,False,0,3.2
109150,2023-03-28,EAST OF ENGLAND,Organic,45.0,False,False,1,4.0
109151,2023-06-21,South West,Social,43.0,True,True,1,4.9
109152,2024-11-12,North West,Social,65.0,True,True,2,3.9
109153,2023-01-25,Wales,Paid Search,29.0,False,False,2,1.7
109154,2024-01-12,South West,Organic,59.0,False,True,0,3.4
109155,2023-11-11,West Midlands,Organic,58.0,False,False,1,
109156,2024-03-05,Yorkshire,Social,52.0,False,False,0,4.3
109157,2023-02-08,Wales,Paid Search,36.0,False,True,0,5.0
109158,2023-11-30,South East,Referral,45.0,True,False,1,5.0
109159,2024-01-11,West Midlands,Organic,31.0,True,False,1,
109160,2024-05-12,South East,Organic,34.0,False,False,0,3.2
109161,2022-07-28,West Midlands,Social,43.0,True,True,2,3.0
109162,2025-01-24,North West,Email,30.0,True,False,1,4.1
109163,2023-12-24,Wales,Organic,38.0,False,True,2,5.0
109164,2024-01-31,North East,Paid Search,27.0,True,False,0,
109165,2023-12-13,North East,Paid Search,49.0,False,False,0,
109166,2024-08-12,West Midlands,Paid Search,62.0,True,False,1,4.7
109167,2022-10-24,North East,Paid Search,70.0,False,False,0,
109168,2023-12-28,London,Social,28.0,False,True,0,4.2
109169,2024-07-09,South East,Social,30.0,False,False,3,5.0
109170,2024-06-23,West Midlands,Paid Search,40.0,True,True,0,2.5
109171,2024-11-10,North West,Email,52.0,True,False,0,3.9
109172,2024-03-05,North East,Paid Search,40.0,False,False,0,3.9
109173,2023-01-18,South West,Referral,55.0,True,False,2,
109174,2023-01-14,South West,Social,49.0,False,False,4,3.9
109175,2022-08-27,Wales,Social,20.0,True,True,1,2.6
109176,2023-06-02,South West,Organic,43.0,False,False,0,4.6
109177,2024-06-09,Yorkshire,Social,26.0,True,False,0,3.8
109178,2025-01-24,London,Organic,35.0,False,False,0,4.1
109179,2024-09-15,London,Affiliate,37.0,True,False,0,2.7
109180,2024-06-19,North East,Paid Search,52.0,False,False,2,5.0
109181,2022-07-09,Yorkshire,Organic,42.0,False,False,2,4.1
109182,2024-09-03,North East,Email,36.0,False,False,0,4.5
109183,2023-08-28,London,Social,70.0,True,False,2,4.2
109184,2025-01-24,East of England,Social,31.0,False,True,1,3.7
109185,2023-05-15,North West,Referral,46.0,True,False,4,3.0
109186,2024-04-15,West Midlands,Organic,51.0,True,False,2,2.4
109187,2025-01-09,East of England,Paid Search,45.0,True,True,0,4.2
109188,2025-01-24,Scotland,Affiliate,31.0,True,True,0,5.0
109189,2023-07-14,South East,Paid Search,30.0,False,False,1,3.9
109190,2023-11-27,NORTH EAST,Email,51.0,True,False,0,3.3
109191,2024-01-24,SOUTH WEST,Paid Search,56.0,False,False,2,4.8
109192,2023-06-04,West Midlands,Paid Search,42.0,True,False,1,2.7
109193,2024-08-10,East of England,Organic,25.0,True,False,2,3.4
109194,2023-10-22,South East,Referral,43.0,False,False,0,3.4
109195,2023-12-21,SCOTLAND,Paid Search,62.0,False,True,1,4.8
109196,2023-12-19,Scotland,Paid Search,,True,True,1,4.2
109197,2025-01-24,West Midlands,Paid Search,38.0,False,True,2,3.5
109198,2024-01-24,Scotland,Paid Search,,False,False,1,3.5
109199,2023-11-26,North East,Paid Search,57.0,False,True,3,4.2
109200,2023-12-20,London,Referral,36.0,False,False,0,
109201,2022-12-08,Yorkshire,Email,49.0,True,True,1,3.3
109202,2023-08-31,North East,Organic,61.0,False,False,2,3.4
109203,2024-05-29,Wales,Paid Search,23.0,False,True,1,5.0
109204,2022-12-25,Wales,Paid Search,25.0,True,True,0,
109205,2025-01-24,Scotland,Organic,41.0,False,True,0,5.0
109206,2024-03-28,Yorkshire,Organic,55.0,True,False,1,5.0
109207,2023-12-10,Yorkshire,Referral,47.0,True,True,0,5.0
109208,2024-05-07,Wales,Paid Search,56.0,True,True,3,3.4
109209,2024-07-14,North East,Organic,20.0,True,True,0,3.4
109210,2023-10-20,North West,Email,47.0,False,False,0,1.9
109211,2024-07-20,South East,Organic,18.0,False,False,4,3.8
109212,2023-01-15,North West,Email,60.0,True,False,0,
109213,2023-10-20,North West,Email,58.0,True,True,3,5.0
109214,2023-10-29,West Midlands,Paid Search,38.0,True,True,1,4.2
109215,2024-05-29,North East,Referral,18.0,False,False,1,3.7
109216,2023-07-02,North West,Organic,40.0,True,False,1,2.2
109217,2024-04-08,Scotland,Paid Search,57.0,False,True,3,2.1
109218,2024-07-01,WEST MIDLANDS,Email,48.0,True,True,0,
109219,2024-02-20,North West,Email,66.0,False,True,0,
109220,2024-03-30,South East,Paid Search,39.0,False,False,1,4.2
109221,2025-01-24,North East,Organic,69.0,False,False,1,4.7
109222,2023-06-29,East of England,Referral,18.0,False,False,0,2.0
109223,2025-01-24,South East,Social,33.0,False,True,3,3.9
109224,2024-01-01,East of England,Social,26.0,True,False,0,3.8
109225,2024-08-09,East of England,Social,52.0,False,False,7,3.4
109226,2023-02-26,West Midlands,Social,27.0,True,False,0,3.3
109227,2025-01-24,South West,Social,56.0,False,True,0,3.2
109228,2024-06-21,Wales,Paid Search,,True,True,2,3.5
109229,2023-04-03,South West,Organic,45.0,False,True,0,3.2
109230,2022-09-22,East of England,Social,41.0,False,False,0,3.4
109231,2024-05-02,Scotland,Email,29.0,True,False,1,1.0
109232,2024-02-10,,Email,50.0,True,True,2,4.1
109233,2023-10-09,London,Social,36.0,True,False,3,3.8
109234,2023-06-02,North East,Social,52.0,True,True,3,3.3
109235,2023-09-20,Wales,Organic,62.0,False,True,2,5.0
109236,2024-11-19,North West,Referral,38.0,True,False,1,3.2
109237,2025-01-24,Wales,Referral,59.0,True,True,3,2.9
109238,2025-01-24,London,Referral,45.0,True,False,0,4.9
109239,2023-06-09,North West,Referral,50.0,True,True,5,2.7
109240,2023-11-24,South East,Referral,25.0,True,True,1,4.2
109241,2024-08-02,West Midlands,Paid Search,33.0,False,False,2,2.7
109242,2022-12-26,West Midlands,Social,33.0,True,False,1,3.9
109243,2024-06-14,Yorkshire,Social,60.0,False,False,0,3.7
109244,2024-08-09,Scotland,Organic,38.0,True,False,0,3.7
109245,2023-11-18,South East,Referral,50.0,True,True,0,3.7
109246,2023-10-22,South East,Organic,41.0,True,False,4,4.2
109247,2024-08-28,Wales,Paid Search,38.0,True,False,1,4.1
109248,2024-02-25,Yorkshire,Paid Search,23.0,False,True,1,4.5
109249,2025-01-24,North East,Paid Search,18.0,False,False,2,2.2
109250,2024-01-13,South East,Organic,38.0,True,False,1,5.0
109251,2023-11-13,West Midlands,Paid Search,39.0,False,False,0,3.8
109252,2024-08-24,South East,Paid Search,31.0,False,False,0,3.5
109253,2024-10-06,North East,Organic,44.0,False,False,1,4.3
109254,2024-10-14,South East,Social,68.0,True,False,0,3.8
109255,2024-06-20,Wales,Social,62.0,True,False,1,4.1
109256,2024-01-28,South East,Paid Search,42.0,True,True,0,3.7
109257,2023-04-13,South West,Affiliate,43.0,True,False,2,3.7
109258,2023-12-04,Scotland,Paid Search,50.0,False,True,0,2.6
109259,2024-08-14,North East,Social,45.0,True,True,1,4.2
109260,2023-02-07,London,Referral,50.0,True,False,2,2.7
109261,2024-01-15,West Midlands,Referral,45.0,False,True,0,2.4
109262,2025-01-24,South West,Social,43.0,False,False,1,5.0
109263,2023-09-09,North East,Paid Search,33.0,True,True,3,2.9
109264,2024-07-23,Yorkshire,Referral,46.0,True,False,0,4.9
109265,2025-01-24,London,Social,18.0,True,False,1,4.7
109266,2024-02-27,East of England,Email,,True,False,0,3.3
109267,2024-06-14,Scotland,Organic,18.0,False,True,2,4.2
109268,2023-10-01,South West,Referral,45.0,True,False,0,3.0
109269,2024-05-31,Yorkshire,Affiliate,29.0,False,False,1,
109270,2022-05-20,Wales,Email,58.0,True,True,0,3.1
109271,2024-10-25,South East,Affiliate,43.0,False,True,0,3.3
109272,2023-06-29,East of England,Organic,42.0,False,True,2,3.5
109273,2024-02-25,South West,Paid Search,47.0,False,True,1,
109274,2023-12-20,Scotland,Social,30.0,False,True,1,4.4
109275,2022-11-27,Scotland,Social,56.0,True,False,0,3.5
109276,2024-04-28,East of England,Organic,51.0,True,True,1,
109277,2022-09-29,Scotland,Paid Search,34.0,False,False,0,3.7
109278,2023-04-28,West Midlands,Social,28.0,True,False,0,3.8
109279,2023-08-02,Yorkshire,Paid Search,36.0,False,False,2,3.1
109280,2023-08-12,Wales,Email,40.0,True,False,2,3.4
109281,2025-01-24,South East,Referral,27.0,True,False,3,3.2
109282,2024-11-16,Wales,Paid Search,35.0,True,True,1,3.1
109283,2023-09-06,North West,Referral,33.0,False,True,0,5.0
109284,2023-09-03,London,Paid Search,,False,False,2,4.6
109285,2023-01-11,South East,Social,38.0,False,False,3,4.8
109286,2023-08-04,London,Affiliate,47.0,False,False,2,4.3
109287,2023-04-26,North East,Paid Search,41.0,False,False,1,3.8
109288,2023-10-09,North West,Paid Search,46.0,True,False,0,4.7
109289,2023-08-01,South West,Affiliate,44.0,False,False,0,5.0
109290,2023-03-11,South East,Paid Search,38.0,True,True,0,5.0
109291,2024-02-04,Yorkshire,Organic,50.0,False,False,1,4.0
109292,2025-01-24,Scotland,Organic,18.0,False,False,2,3.8
109293,2023-08-06,East of England,Paid Search,36.0,False,True,1,5.0
109294,2024-04-23,North East,Paid Search,34.0,True,False,0,2.8
109295,2024-06-11,East of England,Referral,43.0,True,True,1,3.4
109296,2022-12-30,South West,Social,,True,True,0,1.9
109297,2023-07-28,North West,Organic,48.0,True,True,1,3.0
109298,2024-04-08,South East,Email,50.0,False,True,0,3.6
109299,2023-05-12,London,Organic,23.0,False,True,2,
109300,2025-01-24,West Midlands,Organic,44.0,True,False,1,3.8
109301,2025-01-04,Yorkshire,Affiliate,24.0,True,True,1,3.0
109302,2024-02-16,London,Email,47.0,False,False,1,4.6
109303,2024-09-05,North West,Social,35.0,True,False,3,
109304,2023-07-03,East of England,Social,31.0,True,False,0,3.7
109305,2023-07-29,Wales,Referral,19.0,False,False,0,2.8
109306,2024-12-16,North East,Social,,True,True,1,3.1
109307,2024-03-15,North West,Organic,26.0,False,True,0,2.4
109308,2024-04-29,South East,Organic,22.0,False,False,0,4.4
109309,2023-06-04,Yorkshire,Paid Search,43.0,True,False,1,5.0
109310,2023-03-08,North East,Affiliate,54.0,True,True,2,4.2
109311,2023-12-21,Scotland,Social,46.0,True,False,0,4.7
109312,2024-09-15,North East,Organic,22.0,False,True,2,4.8
109313,2024-02-11,South West,Organic,39.0,True,False,1,2.5
109314,2023-09-30,Wales,Referral,,False,True,0,5.0
109315,2023-07-17,North East,Organic,39.0,False,True,1,3.4
109316,2023-11-01,South East,Email,45.0,True,False,0,
109317,2024-02-12,Scotland,Referral,35.0,True,True,2,3.1
109318,2025-01-24,London,Referral,36.0,True,False,2,
109319,2023-12-15,London,Organic,32.0,False,True,1,
109320,2024-04-01,Scotland,Email,49.0,False,False,1,3.9
109321,2023-07-03,East of England,Organic,50.0,False,False,0,3.0
109322,2023-07-13,Wales,Affiliate,34.0,True,True,1,2.4
109323,2024-09-30,South East,Paid Search,51.0,False,False,2,4.6
109324,2024-01-27,London,Social,22.0,False,False,1,4.5
109325,2023-02-10,SOUTH EAST,Social,39.0,False,True,1,
109326,2023-11-01,North East,Referral,23.0,False,False,0,4.7
109327,2022-12-23,East of England,Paid Search,26.0,True,True,1,3.5
109328,2023-05-16,Scotland,Paid Search,23.0,True,False,1,3.1
109329,2024-06-24,South East,Referral,32.0,False,True,0,4.4
109330,2023-08-02,West Midlands,Organic,49.0,False,True,1,2.4
109331,2023-01-25,South East,Organic,40.0,True,False,0,4.2
109332,2024-09-03,London,Paid Search,33.0,False,False,0,2.5
109333,2024-01-16,Scotland,Affiliate,39.0,False,True,2,2.9
109334,2023-11-08,Yorkshire,Social,18.0,True,True,3,3.6
109335,2025-01-24,Scotland,Email,48.0,True,True,0,4.6
109336,2024-09-20,Wales,Referral,18.0,True,False,2,2.2
109337,2024-02-01,North East,Referral,32.0,False,True,1,4.7
109338,2025-01-24,South East,Organic,40.0,False,False,1,5.0
109339,2024-10-21,North West,Paid Search,47.0,False,True,3,4.2
109340,2023-07-10,Yorkshire,Social,44.0,True,False,0,
109341,2023-02-23,Scotland,Social,40.0,True,True,0,4.0
109342,2024-08-28,Scotland,Paid Search,60.0,True,True,1,2.7
109343,2023-02-27,,Referral,67.0,True,True,1,3.9
109344,2024-03-23,South East,Organic,41.0,False,False,0,4.3
109345,2024-06-13,Wales,Organic,,False,False,1,5.0
109346,2024-11-28,North West,Social,,False,True,2,5.0
109347,2025-01-24,West Midlands,Referral,33.0,False,True,1,3.8
109348,2024-07-28,North West,Paid Search,46.0,True,False,2,3.1
109349,2023-01-07,East of England,Organic,58.0,True,True,1,4.3
109350,2024-10-16,East of England,Social,18.0,False,False,1,3.9
109351,2023-12-30,East of England,Affiliate,39.0,False,True,0,
109352,2023-04-23,Scotland,Organic,60.0,True,False,1,3.1
109353,2024-11-19,West Midlands,Organic,46.0,False,False,1,2.5
109354,2024-03-31,East of England,Affiliate,46.0,False,True,1,4.3
109355,2024-04-17,South East,Social,20.0,False,True,1,3.6
109356,2023-08-04,West Midlands,Paid Search,50.0,True,False,2,3.2
109357,2024-07-02,East of England,Paid Search,54.0,True,False,1,3.0
109358,2023-11-16,East of England,Social,44.0,False,False,1,5.0
109359,2023-11-21,North West,Organic,32.0,True,True,3,2.8
109360,2024-02-04,West Midlands,Paid Search,47.0,True,False,1,4.8
109361,2025-01-24,West Midlands,Organic,28.0,False,False,1,3.9
109362,2023-12-22,Wales,Affiliate,26.0,True,True,3,3.8
109363,2023-08-26,Yorkshire,Email,51.0,True,False,0,4.1
109364,2024-06-22,South East,Social,55.0,True,False,0,3.8
109365,2023-07-15,South East,Paid Search,31.0,True,False,0,
109366,2024-07-04,London,Organic,26.0,True,False,1,4.0
109367,2024-07-30,North West,Affiliate,30.0,False,False,2,3.5
109368,2024-08-14,North West,Social,44.0,True,False,1,
109369,2024-08-02,SCOTLAND,Paid Search,26.0,True,True,1,5.0
109370,2023-11-17,South West,Email,58.0,True,True,2,5.0
109371,2023-06-28,Wales,Paid Search,35.0,True,False,0,4.9
109372,2024-11-20,Yorkshire,Organic,46.0,True,False,1,4.6
109373,2023-09-20,South West,Paid Search,,True,False,0,1.3
109374,2025-01-13,East of England,Referral,49.0,False,True,2,
109375,2024-07-18,West Midlands,Email,50.0,False,False,3,
109376,2023-06-10,East of England,Organic,19.0,True,False,2,1.8
109377,2023-06-28,West Midlands,Organic,32.0,True,False,0,4.9
109378,2023-12-07,West Midlands,Referral,39.0,False,False,0,2.5
109379,2022-07-29,NORTH EAST,Paid Search,34.0,False,False,0,3.3
109380,2024-09-19,North East,Paid Search,52.0,True,False,1,2.4
109381,2024-01-17,East of England,Referral,33.0,False,True,0,3.9
109382,2023-08-18,Yorkshire,Referral,50.0,True,False,1,5.0
109383,2023-01-11,,Paid Search,47.0,False,True,1,2.1
109384,2023-12-11,South West,Paid Search,40.0,False,False,0,3.5
109385,2023-09-27,London,Email,51.0,False,False,1,4.7
109386,2023-07-12,West Midlands,Paid Search,21.0,True,False,2,4.3
109387,2024-02-07,South East,Social,40.0,True,False,2,4.0
109388,2023-04-22,YORKSHIRE,Email,31.0,True,True,0,2.9
109389,2023-10-23,North West,Social,40.0,False,False,2,3.7
109390,2024-02-09,West Midlands,Organic,35.0,True,False,2,3.6
109391,2025-01-24,Wales,Email,42.0,True,True,1,3.5
109392,2023-07-08,North West,Affiliate,41.0,True,False,1,2.8
109393,2023-10-29,North East,Email,43.0,True,True,1,4.6
109394,2024-04-04,SCOTLAND,Organic,43.0,False,True,1,3.7
109395,2024-12-22,South East,Affiliate,48.0,False,True,1,2.4
109396,2025-01-24,South East,Organic,25.0,True,False,1,4.5
109397,2022-04-03,South West,Paid Search,48.0,True,True,1,4.7
109398,2024-11-09,North East,Paid Search,21.0,False,False,3,4.2
109399,2025-01-24,WALES,Organic,18.0,True,False,0,3.1
109400,2024-05-10,South East,Paid Search,67.0,True,False,1,5.0
109401,2023-12-02,Wales,Email,29.0,True,False,1,4.0
109402,2024-05-13,North West,Paid Search,35.0,True,False,1,4.7
109403,2024-04-24,Scotland,Organic,18.0,True,True,2,3.6
109404,2024-10-21,,Referral,35.0,False,False,0,3.4
109405,2024-10-23,North West,Paid Search,44.0,False,False,1,4.7
109406,2024-08-09,West Midlands,Social,44.0,False,False,1,3.1
109407,2022-07-06,North East,Affiliate,25.0,False,True,2,3.6
109408,2024-12-26,North West,Paid Search,35.0,True,False,0,3.9
109409,2024-09-04,North West,Organic,46.0,False,True,0,5.0
109410,2024-02-28,North West,Paid Search,44.0,False,False,0,2.7
109411,2023-05-29,North West,Email,43.0,True,True,0,5.0
109412,2024-11-28,Yorkshire,Organic,51.0,True,False,1,4.7
109413,2023-06-06,North West,Affiliate,40.0,False,False,0,3.7
109414,2022-05-04,North West,Email,59.0,False,True,1,
109415,2023-04-07,Yorkshire,Social,37.0,False,False,1,
109416,2023-12-25,South West,Referral,50.0,True,False,0,2.7
109417,2024-04-10,South East,Paid Search,50.0,True,True,0,2.4
109418,2023-08-15,West Midlands,Email,20.0,False,False,0,3.6
109419,2023-08-13,Yorkshire,Email,47.0,True,True,1,3.5
109420,2022-12-07,North East,Social,33.0,True,True,0,3.1
109421,2022-07-05,North East,Social,28.0,True,False,0,4.5
109422,2024-11-20,Wales,Paid Search,35.0,False,False,3,3.8
109423,2023-08-27,Yorkshire,Email,43.0,True,True,2,4.0
109424,2024-02-01,LONDON,Social,21.0,True,True,1,4.5
109425,2024-11-14,North East,Email,41.0,False,True,3,4.0
109426,2023-05-20,East of England,Referral,38.0,True,True,0,
109427,2024-02-25,North East,Social,54.0,True,False,1,5.0
109428,2024-10-07,North East,Affiliate,33.0,True,False,1,4.5
109429,2024-05-15,South West,Paid Search,56.0,False,False,1,3.0
109430,2024-01-12,Scotland,Paid Search,46.0,True,False,1,3.8
109431,2024-01-10,East of England,Organic,41.0,True,True,2,4.1
109432,2024-09-05,EAST OF ENGLAND,Paid Search,58.0,True,False,1,2.9
109433,2024-07-01,Wales,Social,66.0,False,True,1,4.7
109434,2024-10-16,North West,Organic,38.0,True,False,1,3.0
109435,2024-08-12,Yorkshire,Email,31.0,True,True,0,5.0
109436,2023-06-21,Yorkshire,Affiliate,47.0,False,False,2,4.8
109437,2024-09-16,North West,Email,23.0,False,False,0,
109438,2023-09-14,Scotland,Organic,24.0,False,False,3,
109439,2024-04-01,North East,Affiliate,58.0,True,True,2,4.1
109440,2024-09-03,London,Email,48.0,False,False,0,2.7
109441,2022-12-29,Yorkshire,Email,30.0,False,True,3,
109442,2024-11-09,East of England,Paid Search,82.0,False,True,2,4.0
109443,2024-01-14,North East,Email,23.0,True,False,3,4.3
109444,2024-07-30,North West,Paid Search,49.0,True,False,0,4.9
109445,2023-08-11,West Midlands,Paid Search,31.0,True,False,1,4.8
109446,2024-11-19,London,Paid Search,64.0,False,True,3,4.9
109447,2023-08-01,West Midlands,Email,34.0,True,False,1,4.3
109448,2024-02-20,North East,Paid Search,37.0,False,False,2,4.1
109449,2023-02-05,South West,Organic,18.0,True,True,0,3.4
109450,2024-03-18,Scotland,Social,68.0,False,False,0,1.4
109451,2023-10-12,East of England,Organic,33.0,True,True,0,4.1
109452,2025-01-05,North East,Organic,47.0,True,False,0,
109453,2025-01-24,SCOTLAND,Referral,41.0,True,True,2,4.1
109454,2023-12-10,North West,Referral,34.0,True,True,0,2.0
109455,2024-05-03,Wales,Referral,18.0,False,False,1,2.9
109456,2024-01-30,,Email,38.0,True,False,1,3.3
109457,2023-05-24,Yorkshire,Paid Search,37.0,True,False,0,5.0
109458,2024-07-11,London,Paid Search,45.0,True,False,0,
109459,2023-12-31,London,Organic,69.0,True,False,1,2.8
109460,2023-02-27,South East,Affiliate,49.0,True,True,3,3.2
109461,2023-07-06,East of England,Paid Search,52.0,False,False,0,4.7
109462,2024-02-19,South East,Paid Search,37.0,True,False,0,3.3
109463,2023-04-23,London,Email,24.0,False,True,3,
109464,2024-02-17,East of England,Social,37.0,True,True,1,1.8
109465,2024-02-29,Scotland,Organic,31.0,True,False,0,3.7
109466,2023-07-06,Yorkshire,Referral,40.0,True,True,1,5.0
109467,2024-11-14,South East,Social,35.0,True,False,2,3.1
109468,2023-05-23,North West,Affiliate,19.0,True,True,1,4.7
109469,2024-01-17,North West,Organic,57.0,True,True,1,3.5
109470,2024-06-28,East of England,Organic,39.0,False,False,1,3.8
109471,2022-12-16,North East,Paid Search,37.0,True,False,1,3.0
109472,2023-06-19,North East,Organic,27.0,False,False,0,4.3
109473,2023-08-17,South East,Paid Search,35.0,True,True,0,4.5
109474,2024-04-14,East of England,Paid Search,30.0,False,True,0,2.5
109475,2023-03-15,South West,Paid Search,25.0,True,False,4,2.4
109476,2024-10-01,London,Organic,43.0,True,True,0,3.9
109477,2025-01-24,East of England,Paid Search,35.0,True,True,2,4.5
109478,2023-03-16,Scotland,Paid Search,51.0,False,True,1,5.0
109479,2025-01-24,South East,Organic,36.0,False,False,0,3.4
109480,2023-05-19,South West,Paid Search,42.0,True,False,3,1.0
109481,2024-01-14,North East,Paid Search,42.0,True,True,2,3.5
109482,2023-08-19,Yorkshire,Affiliate,46.0,False,False,0,3.5
109483,2023-07-24,North West,Organic,30.0,False,False,0,4.4
109484,2024-12-18,Scotland,Email,53.0,True,False,1,3.8
109485,2024-02-11,Yorkshire,Paid Search,26.0,True,False,1,3.0
109486,2024-05-25,North East,Organic,42.0,True,False,5,
109487,2024-07-06,South West,Paid Search,25.0,True,False,0,4.1
109488,2023-11-19,East of England,Organic,39.0,True,False,2,3.4
109489,2023-10-19,South West,Referral,53.0,True,False,1,2.5
109490,2023-06-12,East of England,Referral,48.0,True,False,0,4.8
109491,2023-03-15,West Midlands,Social,55.0,False,True,1,3.4
109492,2023-09-22,South East,Organic,37.0,True,False,3,3.1
109493,2023-10-13,Wales,Email,53.0,True,True,0,
109494,2024-03-03,,Social,32.0,False,True,1,3.7
109495,2023-04-05,North East,Organic,35.0,True,True,0,4.8
109496,2022-10-01,East of England,Organic,43.0,True,True,0,
109497,2022-04-15,Scotland,Organic,52.0,True,False,2,3.0
109498,2023-01-20,East of England,Organic,34.0,True,True,0,3.2
109499,2023-09-21,East of England,Social,50.0,True,False,0,2.1
109500,2024-04-14,North East,Paid Search,44.0,True,False,1,4.3
109501,2024-07-28,West Midlands,Social,45.0,True,False,1,4.9
109502,2024-06-17,West Midlands,Organic,30.0,True,False,0,
109503,2023-12-20,West Midlands,Organic,36.0,False,False,1,4.9
109504,2023-08-04,South East,Organic,40.0,True,False,0,5.0
109505,2024-09-08,Scotland,Social,45.0,True,True,1,4.3
109506,2024-09-27,Scotland,Organic,31.0,False,False,2,5.0
109507,2023-10-27,South East,Paid Search,,True,True,1,
109508,2024-07-26,Wales,Organic,18.0,True,True,1,5.0
109509,2023-09-26,East of England,Paid Search,51.0,True,True,1,2.1
109510,2023-12-08,North West,Organic,53.0,True,False,1,3.0
109511,2023-08-04,South East,Social,18.0,False,True,0,3.7
109512,2023-05-06,East of England,Organic,42.0,False,False,2,4.8
109513,2024-09-30,London,Organic,36.0,False,False,0,4.7
109514,2023-12-25,South East,Organic,,True,False,2,3.2
109515,2022-09-12,Scotland,Organic,38.0,True,False,1,1.9
109516,2023-07-19,North East,Paid Search,48.0,True,False,2,
109517,2023-10-20,London,Affiliate,35.0,True,False,1,3.6
109518,2022-12-21,Yorkshire,Social,32.0,False,False,0,3.6
109519,2022-12-23,Yorkshire,Social,51.0,True,True,0,3.8
109520,2024-01-17,North West,Paid Search,55.0,True,False,2,3.0
109521,2024-11-16,Yorkshire,Affiliate,25.0,True,False,0,4.9
109522,2023-07-15,EAST OF ENGLAND,Social,,False,True,2,
109523,2023-12-01,South East,Organic,28.0,False,False,0,3.6
109524,2023-03-03,North East,Email,18.0,True,True,2,3.7
109525,2023-03-06,North West,Organic,41.0,False,False,1,4.7
109526,2024-01-19,West Midlands,Affiliate,48.0,True,False,0,4.2
109527,2023-07-20,London,Paid Search,21.0,False,False,0,4.8
109528,2025-01-24,Yorkshire,Referral,18.0,True,True,1,4.5
109529,2023-05-10,Yorkshire,Affiliate,35.0,True,True,2,
109530,2024-04-08,South East,Organic,33.0,True,False,0,4.2
109531,2025-01-03,North West,Referral,59.0,True,True,2,2.3
109532,2023-07-17,South West,Paid Search,41.0,False,True,1,2.6
109533,2024-10-03,South West,Social,51.0,False,True,0,5.0
109534,2023-10-06,West Midlands,Organic,44.0,True,True,0,4.1
109535,2023-12-07,East of England,Organic,61.0,True,True,1,
109536,2023-12-31,South West,Organic,29.0,True,True,0,2.2
109537,2024-03-05,West Midlands,Social,40.0,True,False,1,4.6
109538,2025-01-24,South East,Social,21.0,False,True,0,2.3
109539,2023-09-29,London,Paid Search,52.0,False,False,3,4.4
109540,2024-01-19,North East,Organic,55.0,True,False,2,3.2
109541,2023-10-16,West Midlands,Paid Search,52.0,False,True,1,
109542,2024-09-15,WALES,Social,39.0,True,True,0,5.0
109543,2023-12-23,West Midlands,Paid Search,22.0,False,False,0,4.8
109544,2024-03-01,South West,Organic,40.0,False,True,0,4.7
109545,2023-05-07,,Affiliate,32.0,True,False,0,5.0
109546,2023-12-29,East of England,Affiliate,53.0,True,True,0,3.5
109547,2024-08-03,North East,Social,35.0,False,True,0,3.5
109548,2024-01-17,South West,Paid Search,35.0,True,False,1,4.1
109549,2023-07-28,SOUTH EAST,Social,69.0,False,False,3,5.0
109550,2023-04-29,Yorkshire,Organic,51.0,True,False,5,1.7
109551,2023-05-13,North West,Paid Search,55.0,False,False,1,3.5
109552,2024-04-12,North West,Affiliate,34.0,True,False,1,3.4
109553,2023-11-22,Wales,Organic,27.0,False,True,1,4.4
109554,2023-07-10,North East,Organic,,True,True,1,3.0
109555,2023-05-28,North East,Social,60.0,True,True,0,4.1
109556,2023-07-21,Wales,Referral,24.0,False,False,1,5.0
109557,2023-10-25,Scotland,Email,34.0,False,True,0,2.9
109558,2024-07-28,Yorkshire,Paid Search,29.0,False,False,1,3.2
109559,2024-04-22,YORKSHIRE,Email,,True,True,0,4.1
109560,2025-01-24,South West,Referral,55.0,True,True,0,4.8
109561,2022-12-26,London,Email,36.0,False,True,3,4.2
109562,2024-01-18,Wales,Paid Search,36.0,False,False,1,4.9
109563,2024-01-08,Wales,Social,18.0,False,False,1,4.8
109564,2024-01-21,North East,Referral,29.0,True,True,5,3.0
109565,2023-09-17,Yorkshire,Paid Search,61.0,False,False,0,
109566,2024-02-06,Scotland,Social,47.0,False,False,1,2.2
109567,2025-01-24,Scotland,Social,53.0,True,False,2,4.5
109568,2023-07-20,East of England,Social,36.0,True,True,0,5.0
109569,2024-05-16,West Midlands,Paid Search,,True,True,1,3.5
109570,2024-05-25,South West,Paid Search,41.0,False,True,0,3.7
109571,2024-03-29,Scotland,Social,45.0,False,False,1,3.4
109572,2024-10-17,North West,Paid Search,59.0,True,False,0,5.0
109573,2024-08-08,South West,Organic,32.0,False,True,2,4.6
109574,2023-07-06,West Midlands,Organic,39.0,True,False,1,3.7
109575,2023-04-20,London,Paid Search,31.0,False,False,3,2.8
109576,2024-01-24,Yorkshire,Social,18.0,True,True,0,3.7
109577,2024-09-16,Yorkshire,Affiliate,53.0,True,True,0,3.0
109578,2023-06-30,North West,Organic,64.0,False,True,0,3.9
109579,2024-03-10,London,Paid Search,51.0,False,False,1,4.1
109580,2025-01-08,Scotland,Paid Search,44.0,True,False,2,3.2
109581,2023-01-07,,Social,65.0,True,True,0,3.6
109582,2023-08-22,Wales,Organic,47.0,False,True,0,4.9
109583,2025-01-24,North West,Referral,51.0,True,False,1,3.4
109584,2025-01-24,Scotland,Social,43.0,False,False,0,5.0
109585,2023-03-27,North East,Organic,45.0,False,True,1,3.7
109586,2023-09-24,West Midlands,Organic,39.0,True,True,3,4.3
109587,2023-11-07,Scotland,Social,52.0,True,True,1,4.4
109588,2025-01-21,East of England,Paid Search,27.0,True,True,1,2.0
109589,2024-03-21,Scotland,Organic,46.0,False,False,1,4.8
109590,2024-08-28,Wales,Organic,30.0,False,False,2,5.0
109591,2023-05-24,West Midlands,Social,48.0,True,False,0,
109592,2022-11-13,Scotland,Social,72.0,False,False,2,2.0
109593,2024-04-01,Yorkshire,Referral,50.0,False,False,1,
109594,2024-04-15,South West,Paid Search,56.0,False,False,3,
109595,2024-01-22,West Midlands,Referral,53.0,True,True,1,4.6
109596,2024-03-25,North West,Social,18.0,False,False,2,4.6
109597,2024-04-03,West Midlands,Email,39.0,True,False,3,3.7
109598,2024-12-20,North West,Social,47.0,True,False,1,4.2
109599,2024-09-19,South East,Referral,18.0,False,False,0,4.3
109600,2024-05-18,WALES,Social,37.0,True,False,1,5.0
109601,2022-12-24,West Midlands,Paid Search,40.0,True,True,0,4.4
109602,2024-05-29,North West,Organic,25.0,True,True,1,3.1
109603,2024-02-11,WALES,Affiliate,28.0,True,True,0,
109604,2023-03-04,South West,Organic,58.0,True,True,2,5.0
109605,2023-12-17,North West,Referral,18.0,False,False,1,2.0
109606,2023-01-14,West Midlands,Referral,45.0,True,False,3,
109607,2024-06-28,Wales,Organic,56.0,True,False,2,3.6
109608,2022-07-26,North West,Referral,41.0,False,False,1,2.8
109609,2023-04-13,Wales,Organic,59.0,False,False,0,2.6
109610,2024-06-01,East of England,Paid Search,35.0,True,True,2,3.3
109611,2024-03-13,EAST OF ENGLAND,Email,29.0,False,True,0,2.9
109612,2024-05-28,Yorkshire,Referral,41.0,False,True,1,
109613,2024-03-20,London,Organic,36.0,False,True,0,4.4
109614,2023-02-17,Wales,Paid Search,34.0,True,False,1,5.0
109615,2024-10-05,Yorkshire,Social,39.0,False,False,0,
109616,2023-02-21,South East,Email,31.0,False,False,1,4.6
109617,2023-11-08,Wales,Social,30.0,True,True,0,2.7
109618,2024-03-06,North West,Organic,26.0,False,False,1,3.3
109619,2024-04-06,WEST MIDLANDS,Organic,46.0,True,False,1,3.9
109620,2023-09-30,East of England,Social,28.0,True,False,0,4.8
109621,2025-01-24,North West,Paid Search,25.0,True,False,2,4.0
109622,2023-04-15,London,Referral,27.0,True,True,3,3.0
109623,2025-01-24,WEST MIDLANDS,Paid Search,44.0,True,False,1,4.5
109624,2025-01-24,East of England,Organic,50.0,False,False,1,2.3
109625,2025-01-24,Scotland,Referral,,True,True,1,3.1
109626,2023-07-20,South West,Social,44.0,True,False,0,4.2
109627,2024-01-24,London,Email,48.0,False,True,0,4.0
109628,2023-04-16,North West,Paid Search,40.0,False,False,3,3.6
109629,2024-12-07,NORTH WEST,Organic,47.0,False,False,0,4.2
109630,2025-01-24,London,Email,47.0,False,True,0,4.4
109631,2022-10-27,East of England,Referral,32.0,False,True,4,2.7
109632,2024-04-12,North West,Social,27.0,False,True,0,5.0
109633,2023-09-24,Scotland,Paid Search,59.0,True,True,0,3.0
109634,2024-04-27,North East,Paid Search,43.0,False,True,0,
109635,2023-02-10,North West,Referral,55.0,False,True,0,4.0
109636,2024-07-24,South East,Social,27.0,True,False,0,4.6
109637,2024-05-27,North East,Paid Search,36.0,True,False,3,3.2
109638,2023-08-02,West Midlands,Organic,23.0,True,True,2,3.9
109639,2023-06-13,North West,Paid Search,49.0,True,True,1,4.9
109640,2024-11-04,SOUTH WEST,Paid Search,33.0,True,True,3,4.0
109641,2024-02-25,South East,Referral,34.0,False,True,0,4.1
109642,2022-03-01,West Midlands,Social,66.0,False,True,1,2.9
109643,2023-11-17,South East,Paid Search,50.0,True,True,0,4.0
109644,2023-02-13,Wales,Referral,50.0,True,True,2,3.2
109645,2024-02-07,North West,Affiliate,25.0,True,False,1,4.4
109646,2024-04-18,Yorkshire,Referral,18.0,False,True,0,2.9
109647,2024-03-04,Yorkshire,Email,54.0,True,False,0,3.9
109648,2024-03-09,Scotland,Affiliate,18.0,False,False,0,4.1
109649,2024-01-21,London,Paid Search,34.0,True,True,2,
109650,2024-10-06,North West,Referral,30.0,False,True,2,4.6
109651,2023-08-09,Wales,Organic,29.0,True,False,2,5.0
109652,2023-05-30,Yorkshire,Paid Search,,False,True,1,
109653,2024-09-01,Wales,Paid Search,27.0,True,False,0,
109654,2023-04-09,Yorkshire,Paid Search,25.0,False,False,1,3.1
109655,2024-01-06,West Midlands,Email,44.0,False,False,1,
109656,2024-09-28,West Midlands,Referral,55.0,False,False,1,2.5
109657,2023-06-24,South West,Paid Search,18.0,False,True,1,3.4
109658,2024-06-29,North West,Referral,44.0,True,False,3,3.4
109659,2023-12-28,Yorkshire,Email,48.0,True,True,2,3.0
109660,2023-11-06,North East,Paid Search,47.0,False,False,0,5.0
109661,2025-01-24,Wales,Email,38.0,False,False,1,4.2
109662,2023-03-25,West Midlands,Paid Search,33.0,True,True,0,5.0
109663,2025-01-24,North West,Paid Search,51.0,True,True,1,5.0
109664,2023-07-23,East of England,Social,45.0,True,False,0,4.9
109665,2024-11-11,East of England,Referral,18.0,True,True,1,3.6
109666,2022-10-08,South West,Paid Search,38.0,True,False,2,
109667,2023-12-23,London,Organic,42.0,False,False,2,2.3
109668,2023-05-30,Yorkshire,Social,27.0,True,True,1,3.3
109669,2023-03-04,London,Email,38.0,True,True,1,2.8
109670,2023-08-28,North East,Referral,47.0,True,True,0,3.1
109671,2023-04-04,Wales,Organic,30.0,True,True,2,3.7
109672,2023-03-06,South West,Referral,44.0,False,True,1,3.7
109673,2024-07-15,North West,Social,28.0,True,False,0,
109674,2023-06-08,South West,Paid Search,25.0,False,False,2,3.5
109675,2023-06-12,Scotland,Social,,True,False,0,2.7
109676,2024-05-20,East of England,Organic,56.0,False,True,1,4.1
109677,2024-04-04,North West,Email,26.0,True,False,1,3.6
109678,2024-07-29,Scotland,Organic,53.0,False,False,0,4.9
109679,2024-02-09,Wales,Paid Search,41.0,False,False,0,4.0
109680,2024-08-15,South East,Affiliate,18.0,True,False,0,3.3
109681,2022-02-23,West Midlands,Referral,22.0,False,False,0,
109682,2022-06-01,North West,Organic,49.0,False,False,0,2.9
109683,2023-12-28,South East,Email,20.0,True,True,0,3.3
109684,2023-09-06,West Midlands,Affiliate,33.0,True,True,0,3.8
109685,2023-05-22,East of England,Paid Search,40.0,True,True,0,2.8
109686,2023-09-22,London,Social,47.0,False,False,0,3.3
109687,2023-06-30,North West,Paid Search,43.0,True,False,1,
109688,2023-05-30,Wales,Email,61.0,False,False,1,4.9
109689,2024-09-07,North West,Paid Search,30.0,False,True,1,4.1
109690,2024-02-19,West Midlands,Email,42.0,False,False,3,3.1
109691,2023-12-16,East of England,Paid Search,47.0,True,True,1,1.2
109692,2024-10-07,South West,Organic,50.0,True,True,1,
109693,2023-06-05,North East,Email,55.0,True,False,0,4.3
109694,2024-06-10,South East,Paid Search,35.0,True,True,1,5.0
109695,2023-11-01,South West,Affiliate,49.0,True,False,0,4.1
109696,2024-01-02,South West,Paid Search,29.0,True,False,0,3.2
109697,2023-07-30,South East,Social,40.0,False,True,3,4.2
109698,2023-09-10,Wales,Email,48.0,False,True,0,1.8
109699,2024-01-13,West Midlands,Paid Search,54.0,True,True,1,4.0
109700,2023-01-31,Scotland,Social,48.0,True,False,1,4.5
109701,2024-05-13,South West,Social,42.0,False,False,0,3.3
109702,2022-07-08,Yorkshire,Social,40.0,True,True,1,
109703,2023-10-20,North West,Social,48.0,True,False,2,5.0
109704,2022-11-10,West Midlands,Organic,69.0,False,True,0,4.5
109705,2023-10-26,South West,Organic,52.0,False,True,1,4.3
109706,2025-01-24,South East,Paid Search,46.0,False,True,2,1.0
109707,2023-05-17,Scotland,Affiliate,23.0,False,True,2,3.5
109708,2024-09-28,South West,Organic,30.0,False,False,3,
109709,2024-02-06,Wales,Organic,37.0,False,False,0,3.9
109710,2024-10-30,Wales,Paid Search,53.0,True,False,1,4.7
109711,2024-07-29,West Midlands,Email,29.0,True,False,0,4.1
109712,2024-04-14,South East,Social,49.0,True,True,0,3.2
109713,2024-10-13,North East,Paid Search,43.0,False,True,1,4.4
109714,2024-01-08,Yorkshire,Referral,46.0,True,False,0,3.8
109715,2024-12-10,Scotland,Affiliate,38.0,False,True,2,3.3
109716,2024-02-15,NORTH EAST,Referral,33.0,True,False,1,3.8
109717,2023-03-06,South West,Social,28.0,False,False,1,3.7
109718,2023-12-11,Scotland,Organic,49.0,True,True,0,4.3
109719,2022-11-27,South East,Paid Search,40.0,True,False,1,
109720,2024-03-20,LONDON,Organic,27.0,True,False,0,5.0
109721,2023-03-26,Yorkshire,Social,44.0,True,True,3,3.5
109722,2024-01-31,SOUTH EAST,Paid Search,85.0,True,False,3,
109723,2023-01-11,West Midlands,Organic,38.0,True,True,1,3.8
109724,2024-12-01,East of England,Social,63.0,False,True,2,2.8
109725,2025-01-24,London,Email,18.0,True,True,1,2.9
109726,2024-02-07,North East,Paid Search,37.0,False,True,0,
109727,2023-07-01,Scotland,Referral,53.0,True,False,0,3.0
109728,2024-09-30,Wales,Organic,41.0,True,False,1,2.6
109729,2023-03-06,South East,Social,33.0,False,True,2,3.4
109730,2023-08-26,Scotland,Affiliate,41.0,False,True,0,4.3
109731,2023-11-12,North East,Paid Search,54.0,True,False,1,3.8
109732,2023-02-28,East of England,Referral,69.0,True,False,1,4.5
109733,2023-03-07,Wales,Email,55.0,True,True,2,
109734,2023-05-31,East of England,Affiliate,34.0,False,False,0,3.7
109735,2024-01-02,South West,Organic,38.0,False,False,1,3.7
109736,2023-10-02,West Midlands,Paid Search,38.0,False,True,0,
109737,2024-05-30,Scotland,Paid Search,30.0,True,False,3,2.8
109738,2023-05-25,London,Email,39.0,True,True,1,2.3
109739,2024-08-31,North West,Paid Search,37.0,True,True,0,4.2
109740,2023-12-13,London,Organic,25.0,False,True,1,4.2
109741,2024-01-02,West Midlands,Affiliate,52.0,False,True,0,4.5
109742,2023-09-08,South West,Organic,46.0,True,False,1,4.0
109743,2025-01-24,North West,Paid Search,33.0,True,False,3,5.0
109744,2024-06-25,Scotland,Email,43.0,False,False,3,4.7
109745,2024-12-13,YORKSHIRE,Paid Search,28.0,True,False,0,
109746,2025-01-24,South East,Social,34.0,False,False,1,2.8
109747,2023-09-05,Wales,Paid Search,50.0,False,False,3,1.5
109748,2024-05-30,South West,Organic,47.0,False,True,1,4.1
109749,2023-01-11,South East,Paid Search,34.0,False,True,1,4.2
109750,2023-08-14,London,Email,45.0,True,True,0,4.7
109751,2024-02-12,London,Organic,40.0,True,False,3,2.5
109752,2024-06-18,North West,Organic,28.0,False,False,2,3.2
109753,2023-01-07,,Affiliate,39.0,True,True,0,4.2
109754,2024-11-22,London,Referral,47.0,True,True,0,3.1
109755,2024-04-28,Scotland,Social,45.0,False,False,2,3.8
109756,2023-08-08,Yorkshire,Affiliate,19.0,True,True,0,4.8
109757,2024-01-15,London,Paid Search,43.0,False,True,0,4.7
109758,2023-01-09,Yorkshire,Social,41.0,False,True,1,5.0
109759,2024-06-16,Scotland,Affiliate,18.0,True,True,1,2.8
109760,2024-02-27,NORTH WEST,Social,30.0,True,True,1,3.7
109761,2022-12-30,South East,Organic,47.0,True,False,2,4.0
109762,2025-01-22,South West,Email,59.0,True,True,1,5.0
109763,2023-05-11,South East,Paid Search,20.0,True,False,1,4.6
109764,2024-03-12,North West,Paid Search,54.0,False,False,2,4.0
109765,2022-07-06,South West,Email,18.0,False,True,2,4.9
109766,2024-03-03,East of England,Paid Search,59.0,True,False,0,
109767,2024-01-27,North East,Paid Search,38.0,False,False,0,
109768,2025-01-24,London,Organic,32.0,True,False,2,4.5
109769,2022-10-31,South East,Organic,46.0,True,True,0,3.7
109770,2023-12-31,East of England,Organic,28.0,False,False,2,3.7
109771,2025-01-24,North West,Email,48.0,True,False,1,
109772,2025-01-11,West Midlands,Social,39.0,False,True,1,3.4
109773,2023-07-17,North West,Email,18.0,True,False,1,4.2
109774,2024-04-03,Wales,Paid Search,,False,False,1,4.5
109775,2024-01-14,South West,Organic,43.0,False,True,2,3.5
109776,2023-07-27,Wales,Affiliate,55.0,False,False,0,
109777,2023-04-27,Yorkshire,Organic,45.0,False,False,0,4.0
109778,2024-12-15,Scotland,Paid Search,55.0,True,False,1,3.7
109779,2024-10-12,Yorkshire,Affiliate,29.0,False,False,0,4.7
109780,2023-05-20,London,Organic,50.0,True,True,2,2.9
109781,2024-11-14,Yorkshire,Organic,51.0,True,False,1,
109782,2025-01-24,North West,Paid Search,20.0,True,False,3,4.1
109783,2024-01-18,North East,Social,55.0,False,True,0,3.0
109784,2023-08-16,South East,Paid Search,45.0,True,True,0,5.0
109785,2023-09-18,London,Social,37.0,True,True,1,3.7
109786,2023-07-14,North East,Email,37.0,False,False,2,2.8
109787,2024-04-14,South East,Social,28.0,True,True,0,3.9
109788,2023-05-01,Yorkshire,Paid Search,49.0,False,True,0,5.0
109789,2023-07-31,West Midlands,Paid Search,45.0,False,False,2,2.4
109790,2023-08-08,North West,Referral,49.0,True,False,1,3.5
109791,2022-11-21,Scotland,Referral,42.0,False,False,0,4.5
109792,2022-07-03,South West,Paid Search,44.0,False,False,0,
109793,2023-05-15,South East,Organic,37.0,False,False,0,3.1
109794,2024-01-25,East of England,Social,55.0,False,False,2,3.3
109795,2023-07-30,Wales,Referral,49.0,True,False,1,2.6
109796,2022-08-31,North West,Referral,43.0,True,False,0,4.0
109797,2024-02-26,East of England,Email,39.0,False,True,1,4.2
109798,2023-11-19,North East,Paid Search,18.0,True,True,0,4.8
109799,2023-08-13,North East,Email,18.0,True,False,1,4.4
109800,2024-02-24,East of England,Referral,36.0,True,False,1,
109801,2025-01-18,North East,Organic,57.0,False,False,1,
109802,2025-01-02,South West,Organic,32.0,False,True,0,4.5
109803,2024-11-14,Yorkshire,Paid Search,32.0,False,False,1,2.9
109804,2024-06-16,South East,Organic,28.0,False,False,0,4.2
109805,2023-06-12,Wales,Referral,24.0,True,False,3,1.7
109806,2024-10-16,North West,Paid Search,29.0,False,False,1,5.0
109807,2023-08-17,South West,Email,45.0,True,False,1,5.0
109808,2023-04-06,East of England,Paid Search,35.0,False,False,1,3.5
109809,2024-09-16,West Midlands,Organic,34.0,False,False,1,4.3
109810,2023-05-19,South West,Social,33.0,False,False,1,4.7
109811,2024-12-25,East of England,Paid Search,44.0,False,True,1,5.0
109812,2024-12-26,SOUTH WEST,Social,46.0,False,False,2,3.9
109813,2023-03-01,North East,Organic,18.0,True,False,1,3.4
109814,2022-08-22,North West,Email,31.0,False,False,2,3.6
109815,2024-06-07,South West,Affiliate,40.0,True,False,1,5.0
109816,2023-04-27,London,Organic,47.0,False,False,1,4.1
109817,2023-12-31,South West,Paid Search,43.0,False,False,0,
109818,2024-08-14,South East,Referral,52.0,True,False,1,4.9
109819,2023-06-17,North West,Paid Search,23.0,True,False,1,3.9
109820,2025-01-24,South East,Paid Search,46.0,True,True,2,4.0
109821,2024-03-12,Wales,Referral,68.0,False,False,0,3.0
109822,2024-12-02,West Midlands,Paid Search,42.0,False,False,0,5.0
109823,2025-01-24,West Midlands,Social,42.0,True,False,0,3.2
109824,2024-01-12,West Midlands,Paid Search,48.0,True,True,0,
109825,2023-02-04,East of England,Email,34.0,True,False,0,4.4
109826,2023-04-06,North East,Social,29.0,True,True,2,3.5
109827,2024-09-17,East of England,Social,42.0,False,True,1,3.0
109828,2023-10-08,South East,Social,19.0,False,True,1,
109829,2023-12-01,Yorkshire,Paid Search,46.0,True,True,2,
109830,2024-12-01,South East,Paid Search,48.0,False,True,3,
109831,2024-01-06,South East,Email,20.0,False,False,2,4.2
109832,2025-01-24,South East,Referral,43.0,False,False,0,5.0
109833,2024-10-29,East of England,Email,38.0,True,False,1,5.0
109834,2024-02-15,Wales,Email,60.0,False,False,1,3.6
109835,2022-10-30,North West,Organic,58.0,True,False,0,5.0
109836,2024-01-24,North East,Social,52.0,True,False,1,3.4
109837,2024-01-01,North West,Email,57.0,True,False,1,5.0
109838,2024-02-05,West Midlands,Paid Search,36.0,True,False,1,
109839,2023-03-12,South East,Organic,44.0,False,True,1,4.5
109840,2024-09-03,London,Paid Search,38.0,False,False,0,3.4
109841,2023-08-06,East of England,Organic,28.0,True,False,0,3.7
109842,2022-06-22,Scotland,Email,42.0,True,True,2,3.8
109843,2024-07-18,South East,Organic,40.0,True,True,2,3.5
109844,2022-06-30,Yorkshire,Email,38.0,False,False,2,
109845,2024-01-09,West Midlands,Affiliate,40.0,True,False,1,2.5
109846,2025-01-24,West Midlands,Affiliate,42.0,True,False,1,4.5
109847,2024-08-28,Wales,Referral,53.0,False,False,1,4.5
109848,2023-02-06,Scotland,Referral,33.0,True,True,0,3.1
109849,2023-02-23,Scotland,Organic,24.0,True,True,2,3.6
109850,2024-03-19,East of England,Email,50.0,False,False,2,3.1
109851,2025-01-08,Wales,Social,52.0,True,True,2,3.7
109852,2024-01-20,South West,Affiliate,46.0,True,False,1,4.8
109853,2023-12-10,Scotland,Social,26.0,True,True,1,3.7
109854,2023-03-21,West Midlands,Organic,39.0,True,True,0,4.3
109855,2022-07-07,South East,Referral,45.0,False,False,1,3.9
109856,2024-10-27,South East,Email,27.0,False,False,0,5.0
109857,2023-12-12,South West,Paid Search,31.0,True,True,1,4.1
109858,2024-04-20,South West,Social,39.0,True,False,5,3.2
109859,2024-07-05,West Midlands,Social,56.0,True,True,2,
109860,2023-05-30,North East,Social,44.0,False,False,1,4.6
109861,2024-12-26,North East,Affiliate,34.0,True,False,0,3.5
109862,2024-07-21,East of England,Social,38.0,True,False,0,5.0
109863,2023-06-11,North West,Referral,32.0,True,False,1,1.7
109864,2023-06-16,Yorkshire,Organic,36.0,False,True,0,
109865,2024-12-06,Wales,Paid Search,50.0,False,False,2,4.0
109866,2024-03-25,Yorkshire,Organic,18.0,True,True,1,4.9
109867,2023-12-21,Scotland,Social,58.0,True,True,0,
109868,2023-09-16,Yorkshire,Referral,69.0,False,True,0,5.0
109869,2023-07-18,Wales,Social,43.0,True,False,1,3.3
109870,2022-04-22,Scotland,Organic,30.0,True,False,0,5.0
109871,2024-06-02,South East,Organic,56.0,True,True,1,4.6
109872,2023-05-24,Yorkshire,Affiliate,45.0,True,False,0,4.1
109873,2024-07-08,East of England,Paid Search,34.0,True,False,0,
109874,2024-07-15,North East,Paid Search,28.0,False,True,0,4.2
109875,2023-08-19,South East,Social,36.0,True,False,0,5.0
109876,2024-09-19,North East,Email,44.0,True,False,0,4.1
109877,2022-12-09,Wales,Organic,53.0,False,False,2,2.9
109878,2024-09-27,South West,Paid Search,,False,False,3,5.0
109879,2023-08-04,North West,Social,47.0,False,False,1,3.6
109880,2023-06-13,North West,Paid Search,37.0,True,True,1,4.5
109881,2022-12-05,Scotland,Paid Search,52.0,True,True,1,4.4
109882,2024-06-19,South East,Organic,38.0,True,False,2,4.8
109883,2023-09-06,East of England,Paid Search,,False,True,1,4.7
109884,2024-04-26,South West,Organic,33.0,True,False,1,4.6
109885,2023-09-12,Scotland,Email,46.0,False,True,1,2.9
109886,2025-01-24,East of England,Paid Search,69.0,False,False,1,
109887,2025-01-24,SOUTH WEST,Organic,55.0,True,False,0,4.3
109888,2023-07-05,North East,Organic,51.0,False,False,0,4.2
109889,2023-10-18,EAST OF ENGLAND,Paid Search,45.0,False,True,1,5.0
109890,2024-08-21,North West,Email,42.0,True,False,2,4.3
109891,2024-11-26,South East,Paid Search,39.0,False,False,1,4.1
109892,2022-06-04,North East,Affiliate,34.0,False,False,0,3.5
109893,2023-10-20,South West,Social,,False,False,3,2.3
109894,2024-02-07,Wales,Organic,49.0,True,True,0,2.6
109895,2025-01-24,SCOTLAND,Affiliate,21.0,False,True,2,3.0
109896,2023-08-06,South East,Organic,49.0,True,False,0,
109897,2024-11-02,Yorkshire,Paid Search,37.0,True,False,1,4.9
109898,2025-01-24,East of England,Organic,29.0,True,False,1,4.4
109899,2023-10-08,NORTH WEST,Social,59.0,False,True,1,
109900,2023-07-05,Scotland,Email,22.0,True,True,3,3.5
109901,2025-01-24,Scotland,Social,32.0,False,False,0,3.9
109902,2025-01-24,North West,Affiliate,34.0,True,False,4,3.7
109903,2024-04-28,Wales,Affiliate,43.0,False,True,0,3.2
109904,2024-04-30,Scotland,Paid Search,33.0,True,False,0,1.8
109905,2023-09-09,North East,Referral,60.0,True,False,2,3.0
109906,2024-06-06,LONDON,Paid Search,23.0,True,False,1,3.1
109907,2024-06-07,North East,Affiliate,85.0,True,True,0,5.0
109908,2023-01-16,East of England,Paid Search,27.0,True,False,0,5.0
109909,2023-03-23,South West,Paid Search,79.0,False,False,1,
109910,2023-09-21,North West,Organic,55.0,False,False,3,4.7
109911,2024-11-24,London,Paid Search,40.0,True,False,1,5.0
109912,2023-03-09,,Referral,44.0,False,False,2,2.5
109913,2023-02-15,Scotland,Paid Search,36.0,True,False,0,2.5
109914,2023-09-01,West Midlands,Organic,46.0,False,False,0,5.0
109915,2023-04-30,South East,Referral,31.0,True,False,0,3.8
109916,2022-12-27,London,Social,50.0,False,True,2,
109917,2023-11-08,East of England,Social,43.0,True,True,2,4.1
109918,2023-12-07,East of England,Affiliate,28.0,False,False,1,
109919,2023-07-12,South East,Paid Search,47.0,True,True,0,3.6
109920,2023-04-06,South West,Organic,46.0,False,False,1,3.7
109921,2024-05-21,,Paid Search,32.0,False,False,2,3.6
109922,2023-07-10,North East,Paid Search,35.0,False,False,0,3.5
109923,2023-06-04,South East,Paid Search,48.0,True,False,0,3.8
109924,2023-03-23,Scotland,Social,,True,False,0,3.9
109925,2023-09-23,London,Paid Search,39.0,True,True,2,3.5
109926,2024-11-04,London,Social,53.0,True,True,0,3.6
109927,2023-04-14,Wales,Email,56.0,True,False,1,5.0
109928,2025-01-24,North East,Organic,58.0,False,False,2,5.0
109929,2024-06-25,North West,Social,46.0,False,False,2,4.3
109930,2023-12-30,Scotland,Paid Search,29.0,True,True,1,5.0
109931,2025-01-24,London,Email,53.0,False,False,1,5.0
109932,2024-08-28,Wales,Organic,39.0,False,False,4,3.7
109933,2023-06-09,Yorkshire,Referral,48.0,False,True,2,4.4
109934,2023-01-18,North West,Social,33.0,False,True,1,3.2
109935,2023-08-30,North East,Email,33.0,False,False,1,5.0
109936,2024-07-24,South East,Organic,,True,False,1,3.2
109937,2023-12-26,North West,Organic,24.0,False,False,1,2.7
109938,2025-01-24,South West,Organic,33.0,True,True,1,4.0
109939,2024-12-29,Scotland,Social,28.0,True,True,0,
109940,2023-03-27,South West,Social,48.0,False,True,1,
109941,2023-06-13,North West,Email,27.0,True,False,0,3.8
109942,2024-09-08,EAST OF ENGLAND,Paid Search,32.0,True,False,1,3.6
109943,2023-08-24,Yorkshire,Referral,41.0,True,False,1,3.7
109944,2023-10-23,London,Affiliate,65.0,True,True,1,3.8
109945,2023-07-04,West Midlands,Paid Search,32.0,True,True,0,4.3
109946,2024-06-28,North West,Paid Search,23.0,True,False,2,
109947,2023-06-28,Yorkshire,Social,24.0,True,True,1,3.5
109948,2024-07-10,Scotland,Paid Search,30.0,False,False,0,4.8
109949,2024-01-29,Scotland,Paid Search,32.0,True,True,0,5.0
109950,2023-07-14,South East,Social,71.0,False,False,1,5.0
109951,2024-07-17,North East,Social,54.0,False,False,1,3.2
109952,2024-09-14,South West,Paid Search,37.0,False,True,2,5.0
109953,2024-11-26,East of England,Affiliate,65.0,True,False,1,
109954,2024-10-04,North West,Paid Search,,False,False,0,4.4
109955,2025-01-08,East of England,Paid Search,36.0,True,False,0,
109956,2025-01-24,North West,Paid Search,35.0,False,True,0,5.0
109957,2023-08-09,Scotland,Affiliate,54.0,True,False,2,3.4
109958,2023-09-03,North West,Referral,40.0,True,True,0,3.3
109959,2024-03-14,West Midlands,Paid Search,61.0,True,False,1,4.0
109960,2024-10-17,East of England,Email,47.0,False,False,0,
109961,2024-02-01,West Midlands,Paid Search,53.0,True,False,2,
109962,2024-01-17,South West,Paid Search,18.0,True,True,2,1.8
109963,2023-03-01,Yorkshire,Paid Search,19.0,True,True,1,2.4
109964,2023-11-21,North East,Referral,19.0,False,False,1,4.0
109965,2023-04-15,South East,Organic,35.0,True,False,0,2.5
109966,2023-01-18,North East,Social,21.0,False,True,3,4.2
109967,2024-05-20,South East,Paid Search,57.0,False,True,0,2.0
109968,2023-11-05,YORKSHIRE,Referral,38.0,False,False,2,3.9
109969,2025-01-24,West Midlands,Affiliate,49.0,True,True,2,4.7
109970,2025-01-24,South West,Paid Search,35.0,False,True,1,5.0
109971,2023-03-01,South East,Social,52.0,True,False,1,
109972,2023-09-19,North West,Social,18.0,True,False,0,2.4
109973,2023-08-20,North West,Affiliate,40.0,False,False,0,
109974,2024-01-21,North East,Organic,48.0,False,True,2,3.4
109975,2024-01-15,Yorkshire,Paid Search,49.0,False,True,0,
109976,2024-06-03,South East,Organic,37.0,False,True,2,4.2
109977,2025-01-24,South West,Social,19.0,True,True,0,4.0
109978,2023-10-07,North West,Organic,54.0,True,True,1,3.9
109979,2023-04-11,North West,Paid Search,36.0,False,True,1,4.5
109980,2023-03-01,Scotland,Email,37.0,True,False,0,
109981,2023-11-19,South West,Referral,70.0,False,False,3,
109982,2023-06-25,Wales,Organic,42.0,True,True,2,3.5
109983,2024-03-09,London,Social,34.0,True,True,2,4.9
109984,2023-12-10,Wales,Organic,33.0,True,True,1,3.7
109985,2022-12-20,North East,Social,49.0,False,True,2,3.2
109986,2025-01-24,West Midlands,Paid Search,30.0,False,False,0,5.0
109987,2024-06-03,Yorkshire,Organic,,False,False,1,3.0
109988,2023-04-13,West Midlands,Organic,55.0,True,True,1,5.0
109989,2023-01-21,Scotland,Affiliate,40.0,True,True,0,3.8
109990,2023-09-09,East of England,Paid Search,54.0,True,True,1,4.7
109991,2023-11-10,East of England,Organic,40.0,True,False,2,4.7
109992,2024-07-01,Scotland,Organic,32.0,True,False,1,3.8
109993,2024-08-27,Scotland,Referral,19.0,False,False,1,4.0
109994,2024-01-28,Scotland,Organic,45.0,True,False,1,2.8
109995,2024-03-17,Scotland,Organic,45.0,True,True,0,2.4
109996,2023-12-28,South East,Social,54.0,False,False,0,4.1
109997,2023-08-23,West Midlands,Organic,53.0,True,False,2,5.0
109998,2024-12-24,South West,Social,68.0,True,True,1,3.8
109999,2024-05-09,North East,Email,33.0,False,True,0,2.1
110000,2023-12-09,Wales,Social,46.0,True,False,0,3.6
110001,2024-06-06,Wales,Social,32.0,False,False,1,3.6
110002,2023-08-20,South West,Paid Search,53.0,False,False,2,3.7
110003,2023-03-13,Yorkshire,Social,29.0,True,True,1,3.1
110004,2024-02-12,East of England,Affiliate,53.0,True,True,2,3.3
110005,2024-10-19,Wales,Organic,31.0,False,False,2,2.7
110006,2024-01-15,North West,Email,51.0,False,True,1,5.0
110007,2024-10-04,South East,Social,57.0,False,True,1,4.7
110008,2024-02-05,NORTH WEST,Email,21.0,False,True,1,3.1
110009,2023-12-09,Yorkshire,Organic,23.0,True,False,2,
110010,2025-01-24,South West,Affiliate,44.0,True,False,0,3.5
110011,2023-03-13,Scotland,Paid Search,43.0,True,False,1,3.9
110012,2022-06-28,North East,Paid Search,37.0,True,True,0,4.4
110013,2023-06-06,West Midlands,Paid Search,35.0,True,False,0,4.2
110014,2024-01-04,Scotland,Social,,True,True,1,4.1
110015,2022-06-11,North East,Social,45.0,False,False,0,3.5
110016,2023-12-17,South East,Social,28.0,False,False,1,4.0
110017,2025-01-24,,Paid Search,46.0,True,True,1,1.8
110018,2023-12-03,South East,Social,34.0,False,False,0,4.1
110019,2024-06-13,North East,Paid Search,36.0,False,False,0,2.1
110020,2024-03-25,West Midlands,Email,57.0,False,False,1,2.9
110021,2023-11-13,East of England,Paid Search,53.0,True,False,0,5.0
110022,2023-10-13,South West,Organic,28.0,True,False,2,5.0
110023,2024-02-05,West Midlands,Organic,30.0,True,True,2,2.3
110024,2024-01-26,Yorkshire,Organic,51.0,True,True,1,5.0
110025,2023-11-23,South West,Email,22.0,False,True,1,4.7
110026,2023-02-15,Wales,Affiliate,60.0,True,False,4,3.6
110027,2024-05-20,South East,Social,43.0,True,False,0,3.0
110028,2023-05-30,Scotland,Organic,33.0,True,False,2,
110029,2024-12-13,Wales,Organic,41.0,False,False,2,4.7
110030,2024-10-28,Yorkshire,Social,59.0,False,True,2,3.3
110031,2025-01-24,London,Organic,18.0,True,False,1,1.9
110032,2025-01-24,South East,Email,54.0,False,False,2,3.0
110033,2023-04-20,Wales,Social,57.0,True,False,2,4.1
110034,2023-05-17,Scotland,Organic,37.0,True,False,1,3.0
110035,2024-06-05,South West,Affiliate,40.0,True,False,1,4.5
110036,2023-08-21,Wales,Paid Search,43.0,True,False,2,2.2
110037,2024-08-20,London,Email,51.0,True,False,1,4.3
110038,2024-01-01,Scotland,Organic,32.0,True,True,2,4.9
110039,2024-05-25,South East,Paid Search,41.0,False,True,1,
110040,2023-06-06,Wales,Paid Search,40.0,False,False,1,4.6
110041,2024-08-19,Scotland,Social,50.0,False,False,1,4.0
110042,2023-06-01,Wales,Paid Search,76.0,True,False,1,3.5
110043,2024-11-24,North West,Referral,,False,False,1,2.0
110044,2024-02-18,South East,Organic,42.0,False,True,1,4.4
110045,2024-03-18,Wales,Organic,31.0,False,False,1,3.4
110046,2024-05-22,East of England,Social,35.0,True,False,0,3.7
110047,2024-08-22,South East,Paid Search,27.0,True,False,3,5.0
110048,2024-06-12,East of England,Paid Search,21.0,False,True,3,3.2
110049,2025-01-24,Scotland,Organic,56.0,True,False,0,
110050,2023-11-11,London,Social,46.0,False,True,2,5.0
110051,2022-07-24,North West,Organic,42.0,True,True,2,4.2
110052,2023-10-22,South West,Organic,30.0,True,False,0,3.3
110053,2024-04-16,South East,Social,40.0,False,True,3,5.0
110054,2025-01-24,West Midlands,Referral,26.0,True,False,0,4.1
110055,2023-07-29,North West,Organic,41.0,True,False,2,3.5
110056,2023-11-15,South West,Email,,False,False,1,3.2
110057,2024-07-14,Wales,Paid Search,34.0,True,False,1,
110058,2025-01-24,South West,Organic,31.0,True,True,2,4.9
110059,2023-10-20,South West,Organic,35.0,True,False,2,
110060,2023-09-23,London,Organic,52.0,True,False,2,3.4
110061,2024-11-29,North East,Paid Search,44.0,True,True,1,
110062,2025-01-24,South East,Paid Search,20.0,True,True,2,5.0
110063,2022-11-20,Scotland,Organic,50.0,True,False,0,2.8
110064,2024-04-13,,Paid Search,48.0,False,False,1,3.1
110065,2023-06-29,North West,Organic,43.0,False,False,1,2.6
110066,2025-01-24,North West,Organic,62.0,False,False,0,2.8
110067,2023-02-01,London,Paid Search,41.0,False,False,1,3.7
110068,2024-04-10,West Midlands,Social,47.0,False,True,1,4.6
110069,2022-11-01,Scotland,Organic,47.0,True,True,0,4.6
110070,2024-03-10,Scotland,Paid Search,52.0,False,False,0,4.6
110071,2023-10-31,London,Paid Search,,False,False,3,1.9
110072,2024-10-06,North West,Social,33.0,False,True,1,4.2
110073,2023-11-07,London,Social,54.0,True,True,1,5.0
110074,2023-07-17,North West,Email,53.0,False,False,1,3.7
110075,2024-06-30,East of England,Paid Search,58.0,True,False,3,5.0
110076,2023-05-15,London,Social,46.0,False,False,0,3.9
110077,2023-10-29,South East,Organic,20.0,False,False,1,3.9
110078,2024-04-03,Yorkshire,Referral,,True,False,2,2.9
110079,2025-01-24,Yorkshire,Email,41.0,True,False,1,3.6
110080,2023-11-26,Wales,Paid Search,57.0,False,False,1,5.0
110081,2024-03-31,Yorkshire,Affiliate,55.0,True,False,0,
110082,2023-08-21,North East,Organic,49.0,False,True,0,5.0
110083,2023-07-04,South West,Affiliate,18.0,True,False,1,3.1
110084,2024-11-21,Yorkshire,Organic,30.0,True,True,1,5.0
110085,2024-10-04,West Midlands,Organic,36.0,False,False,0,
110086,2025-01-24,SOUTH EAST,Social,37.0,False,False,1,1.9
110087,2025-01-24,South West,Paid Search,43.0,True,True,1,3.3
110088,2024-02-29,North East,Email,60.0,False,True,1,3.4
110089,2024-06-08,West Midlands,Paid Search,51.0,True,False,0,3.4
110090,2024-07-02,West Midlands,Paid Search,29.0,True,False,2,2.9
110091,2023-04-01,London,Organic,30.0,False,False,0,3.1
110092,2023-03-23,Yorkshire,Affiliate,29.0,False,False,1,4.5
110093,2024-01-04,West Midlands,Affiliate,39.0,False,False,0,5.0
110094,2023-10-29,London,Organic,51.0,True,False,0,
110095,2024-12-13,London,Social,54.0,True,False,1,3.7
110096,2023-07-24,West Midlands,Paid Search,36.0,True,True,2,1.8
110097,2023-04-25,SCOTLAND,Organic,41.0,True,True,3,5.0
110098,2023-05-12,Scotland,Affiliate,63.0,False,False,2,5.0
110099,2024-03-31,South West,Email,22.0,True,False,0,3.6
110100,2023-07-20,Yorkshire,Email,49.0,False,True,3,3.5
110101,2024-09-10,South West,Paid Search,48.0,True,True,1,
110102,2024-01-19,North West,Email,37.0,True,False,1,2.1
110103,2024-10-06,North West,Affiliate,41.0,True,False,0,3.6
110104,2025-01-16,Yorkshire,Affiliate,46.0,False,True,0,4.8
110105,2023-05-23,South East,Social,37.0,True,True,3,4.3
110106,2023-09-05,South West,Paid Search,33.0,True,False,0,3.8
110107,2022-10-01,South East,Affiliate,32.0,True,True,1,3.8
110108,2024-02-07,NORTH EAST,Social,65.0,True,False,0,2.9
110109,2023-05-18,North East,Paid Search,35.0,True,False,1,5.0
110110,2023-10-21,Yorkshire,Paid Search,44.0,False,False,2,3.1
110111,2024-01-10,West Midlands,Social,51.0,False,False,1,
110112,2024-02-14,West Midlands,Referral,38.0,False,False,0,4.7
110113,2024-02-02,Scotland,Affiliate,41.0,False,False,5,3.8
110114,2024-01-20,Scotland,Affiliate,48.0,True,False,1,3.4
110115,2024-08-20,London,Social,30.0,False,True,1,3.2
110116,2024-03-04,South East,Affiliate,21.0,True,True,3,3.7
110117,2023-06-24,South West,Paid Search,32.0,True,True,2,5.0
110118,2025-01-02,London,Paid Search,63.0,True,False,1,4.8
110119,2023-11-12,Scotland,Paid Search,34.0,False,False,2,2.9
110120,2023-03-05,Wales,Email,43.0,True,True,0,
110121,2023-10-05,London,Referral,24.0,True,True,1,3.0
110122,2023-03-03,NORTH EAST,Referral,58.0,True,False,0,5.0
110123,2022-12-03,Scotland,Affiliate,37.0,True,True,1,3.9
110124,2024-02-27,Scotland,Social,35.0,True,False,3,
110125,2023-11-23,SOUTH WEST,Email,39.0,False,True,2,4.2
110126,2023-07-14,South West,Organic,74.0,False,False,0,4.4
110127,2022-11-29,Scotland,Email,47.0,False,True,1,2.8
110128,2022-05-10,London,Email,39.0,True,False,3,4.3
110129,2024-11-07,NORTH EAST,Organic,18.0,True,True,0,4.1
110130,2024-07-21,London,Paid Search,59.0,False,False,2,
110131,2023-02-09,Wales,Paid Search,32.0,True,False,1,
110132,2023-09-27,Scotland,Referral,30.0,True,False,0,
110133,2023-12-16,Yorkshire,Social,31.0,False,False,0,3.4
110134,2023-11-26,,Organic,60.0,False,False,3,3.4
110135,2023-04-01,,Affiliate,40.0,False,False,0,4.4
110136,2024-02-08,South East,Organic,21.0,True,True,1,3.2
110137,2024-03-14,Wales,Organic,38.0,True,False,1,4.3
110138,2023-10-31,East of England,Email,30.0,False,True,0,3.8
110139,2024-01-08,West Midlands,Organic,46.0,False,False,0,4.6
110140,2023-05-24,,Organic,36.0,True,True,1,2.2
110141,2024-10-09,SOUTH WEST,Email,21.0,False,True,1,5.0
110142,2023-12-26,South East,Organic,40.0,True,False,0,2.5
110143,2023-05-29,YORKSHIRE,Organic,40.0,True,False,2,5.0
110144,2023-06-29,South West,Paid Search,25.0,False,False,2,4.1
110145,2023-12-05,Yorkshire,Referral,18.0,True,False,2,3.7
110146,2022-12-30,Scotland,Social,45.0,True,False,1,4.0
110147,2023-03-27,Yorkshire,Referral,37.0,False,False,1,4.1
110148,2024-09-08,Yorkshire,Social,38.0,False,False,2,
110149,2025-01-24,Wales,Paid Search,51.0,False,False,1,4.6
110150,2025-01-24,WALES,Organic,18.0,True,False,0,4.4
110151,2023-04-25,North East,Organic,42.0,True,False,4,3.6
110152,2023-06-03,London,Email,50.0,True,True,0,5.0
110153,2024-05-05,West Midlands,Social,39.0,True,True,2,2.7
110154,2024-11-10,Wales,Social,23.0,True,False,0,4.1
110155,2023-09-22,East of England,Email,32.0,False,False,0,2.7
110156,2024-05-08,West Midlands,Paid Search,35.0,True,True,1,5.0
110157,2025-01-24,East of England,Referral,20.0,False,False,0,4.7
110158,2024-05-30,SCOTLAND,Organic,46.0,False,False,0,3.8
110159,2025-01-14,Wales,Social,41.0,True,True,0,4.8
110160,2023-09-15,Yorkshire,Paid Search,33.0,True,False,0,
110161,2024-06-05,Scotland,Paid Search,54.0,False,False,1,2.7
110162,2024-11-06,East of England,Email,,True,True,2,
110163,2024-04-17,South East,Organic,60.0,True,False,0,3.2
110164,2022-11-15,South West,Referral,38.0,False,False,0,4.1
110165,2023-07-14,North West,Social,29.0,True,False,2,
110166,2023-07-09,London,Social,29.0,True,False,4,3.2
110167,2025-01-24,London,Organic,42.0,False,False,1,3.9
110168,2023-12-29,London,Referral,27.0,True,False,3,4.5
110169,2024-05-23,South East,Affiliate,43.0,True,False,1,4.2
110170,2025-01-24,London,Paid Search,36.0,True,False,0,3.8
110171,2023-05-10,West Midlands,Social,35.0,False,True,0,2.6
110172,2023-04-29,North East,Referral,40.0,False,False,0,3.2
110173,2023-11-24,South East,Paid Search,54.0,False,True,1,4.6
110174,2023-10-16,East of England,Organic,34.0,False,False,0,5.0
110175,2024-10-02,Wales,Affiliate,43.0,False,False,0,2.6
110176,2023-10-02,Wales,Organic,47.0,False,False,0,
110177,2025-01-24,West Midlands,Affiliate,25.0,True,False,0,4.6
110178,2024-03-03,London,Organic,48.0,True,True,0,3.6
110179,2023-09-07,West Midlands,Social,52.0,False,False,2,5.0
110180,2023-01-19,East of England,Organic,54.0,True,False,1,2.4
110181,2024-03-07,South West,Organic,27.0,False,True,0,5.0
110182,2023-04-07,South East,Referral,27.0,False,True,0,4.1
110183,2022-10-11,West Midlands,Email,40.0,True,False,0,4.7
110184,2024-01-26,East of England,Affiliate,40.0,True,False,2,3.6
110185,2023-07-02,South West,Organic,41.0,True,False,1,2.6
110186,2024-04-09,West Midlands,Affiliate,36.0,False,False,1,3.9
110187,2023-08-20,Wales,Email,,True,False,2,4.6
110188,2024-01-18,Wales,Paid Search,18.0,False,False,2,3.5
110189,2023-12-26,West Midlands,Organic,50.0,True,True,1,3.7
110190,2023-10-13,Yorkshire,Paid Search,60.0,False,False,1,
110191,2022-11-15,Scotland,Paid Search,34.0,True,True,1,2.6
110192,2024-08-24,East of England,Affiliate,44.0,False,True,1,
110193,2024-06-22,West Midlands,Affiliate,63.0,False,False,0,4.2
110194,2024-04-18,West Midlands,Paid Search,41.0,True,False,1,3.5
110195,2024-01-23,Scotland,Paid Search,45.0,False,False,1,4.3
110196,2023-03-26,North West,Paid Search,65.0,True,False,0,4.2
110197,2024-10-03,,Referral,67.0,True,False,0,2.1
110198,2024-06-02,North East,Social,27.0,True,True,1,3.5
110199,2024-05-14,West Midlands,Social,,True,False,1,3.4
110200,2023-08-07,Wales,Social,53.0,True,True,1,3.2
110201,2024-12-15,Scotland,Affiliate,47.0,False,False,0,5.0
110202,2024-02-21,South East,Paid Search,50.0,False,False,1,4.6
110203,2024-06-27,Scotland,Paid Search,18.0,True,False,0,3.7
110204,2024-08-12,Scotland,Social,18.0,False,True,1,3.6
110205,2024-11-07,London,Affiliate,64.0,True,False,3,3.7
110206,2023-05-19,Scotland,Email,51.0,True,False,0,3.5
110207,2023-05-17,South East,Referral,46.0,True,True,3,3.4
110208,2024-07-11,South West,Referral,25.0,False,False,0,4.5
110209,2024-04-29,Yorkshire,Paid Search,36.0,True,True,0,
110210,2023-03-08,West Midlands,Email,48.0,True,True,2,4.5
110211,2024-06-06,London,Referral,23.0,False,True,0,2.6
110212,2023-02-13,Yorkshire,Paid Search,32.0,True,True,0,4.5
110213,2024-06-10,South West,Social,46.0,True,False,1,5.0
110214,2024-03-03,Scotland,Paid Search,49.0,True,True,0,3.1
110215,2024-04-05,North East,Referral,34.0,True,False,1,3.3
110216,2023-09-24,,Paid Search,54.0,True,False,3,
110217,2023-02-03,South West,Organic,53.0,True,True,0,3.7
110218,2024-01-20,Scotland,Social,18.0,False,True,1,3.3
110219,2023-11-23,West Midlands,Social,62.0,False,False,2,3.3
110220,2024-05-19,North West,Paid Search,56.0,True,False,1,5.0
110221,2024-09-25,Scotland,Paid Search,,True,False,0,3.6
110222,2024-08-08,London,Referral,39.0,False,True,0,
110223,2025-01-24,East of England,Affiliate,51.0,False,False,2,4.6
110224,2025-01-24,Scotland,Email,48.0,False,False,2,5.0
110225,2024-12-10,East of England,Paid Search,37.0,False,True,0,5.0
110226,2024-03-29,Yorkshire,Email,62.0,True,False,2,2.3
110227,2023-03-12,North East,Social,18.0,True,False,1,5.0
110228,2022-07-19,London,Organic,32.0,True,True,0,4.1
110229,2023-08-13,Scotland,Paid Search,47.0,True,True,1,3.1
110230,2024-04-03,Yorkshire,Paid Search,40.0,False,True,0,
110231,2024-05-03,North West,Paid Search,50.0,True,True,3,3.2
110232,2023-03-09,East of England,Social,23.0,True,True,2,5.0
110233,2023-12-23,West Midlands,Organic,38.0,False,True,1,3.7
110234,2025-01-10,South West,Social,56.0,False,False,1,5.0
110235,2023-11-13,North East,Social,22.0,True,False,1,4.7
110236,2025-01-24,Wales,Social,38.0,True,False,0,2.9
110237,2023-10-19,East of England,Social,34.0,False,False,0,2.7
110238,2023-08-01,South West,Social,46.0,True,True,0,4.2
110239,2024-03-11,Wales,Paid Search,46.0,False,False,0,3.6
110240,2023-10-07,North East,Paid Search,42.0,True,True,1,4.6
110241,2023-05-30,South West,Social,37.0,True,True,1,
110242,2024-12-02,North East,Organic,42.0,True,False,3,3.2
110243,2023-02-12,North East,Organic,39.0,False,False,2,4.3
110244,2024-02-13,South East,Organic,41.0,False,False,1,2.1
110245,2025-01-24,YORKSHIRE,Paid Search,60.0,False,True,0,2.8
110246,2022-09-20,West Midlands,Paid Search,25.0,True,False,4,3.1
110247,2023-10-13,North East,Social,45.0,False,True,2,1.8
110248,2023-04-03,South West,Social,29.0,True,False,0,4.3
110249,2023-03-05,Wales,Social,66.0,True,False,2,2.4
110250,2025-01-24,West Midlands,Paid Search,42.0,True,False,0,4.2
110251,2023-08-05,Wales,Email,25.0,True,False,2,3.9
110252,2022-11-30,London,Organic,38.0,True,True,0,4.3
110253,2024-04-08,North East,Social,22.0,False,True,2,4.7
110254,2025-01-24,North West,Organic,33.0,True,False,1,2.6
110255,2023-11-24,Yorkshire,Organic,49.0,True,True,0,3.2
110256,2023-07-03,South West,Email,59.0,True,False,3,1.6
110257,2023-12-12,South West,Paid Search,55.0,False,False,0,3.2
110258,2024-12-11,North West,Paid Search,40.0,True,True,1,5.0
110259,2024-10-22,Yorkshire,Paid Search,48.0,True,True,1,
110260,2024-06-20,Yorkshire,Affiliate,52.0,False,False,0,4.9
110261,2024-02-01,South West,Affiliate,70.0,True,True,3,2.0
110262,2023-09-09,West Midlands,Email,33.0,False,False,1,3.8
110263,2025-01-04,South West,Organic,61.0,False,False,4,4.5
110264,2023-06-07,East of England,Paid Search,27.0,True,False,0,3.1
110265,2024-02-03,South West,Referral,56.0,False,True,1,
110266,2024-02-11,Wales,Paid Search,33.0,False,True,0,4.9
110267,2023-10-15,Scotland,Paid Search,32.0,True,True,0,4.9
110268,2025-01-24,Scotland,Referral,37.0,False,False,3,4.5
110269,2024-06-03,South West,Paid Search,31.0,True,False,1,4.0
110270,2025-01-24,South West,Referral,47.0,True,True,0,4.1
110271,2023-12-03,Wales,Email,57.0,True,False,1,2.2
110272,2024-05-25,Yorkshire,Referral,18.0,False,False,2,
110273,2023-10-25,East of England,Social,39.0,False,False,1,
110274,2023-06-10,London,Organic,,True,True,0,
110275,2024-02-13,SCOTLAND,Social,53.0,False,True,1,2.3
110276,2024-12-04,North West,Referral,59.0,True,False,0,3.8
110277,2023-11-30,Wales,Email,39.0,False,False,1,
110278,2023-11-05,South East,Referral,32.0,True,False,1,
110279,2023-08-25,South West,Affiliate,20.0,True,True,0,1.8
110280,2024-09-10,Wales,Email,66.0,False,False,2,3.3
110281,2024-11-30,Scotland,Affiliate,58.0,False,False,2,3.8
110282,2023-12-07,East of England,Paid Search,18.0,True,False,2,4.1
110283,2023-07-04,Yorkshire,Affiliate,50.0,False,True,2,3.1
110284,2024-02-03,East of England,Referral,27.0,False,False,2,4.1
110285,2024-07-07,,Paid Search,34.0,True,True,1,4.3
110286,2023-06-07,North West,Social,25.0,True,False,2,3.8
110287,2023-07-04,East of England,Social,18.0,True,False,3,2.8
110288,2024-10-02,North East,Email,40.0,False,True,1,4.3
110289,2023-02-07,West Midlands,Paid Search,66.0,False,True,0,2.9
110290,2023-04-24,West Midlands,Social,29.0,True,False,2,
110291,2025-01-24,North West,Social,53.0,False,False,1,3.6
110292,2025-01-24,,Organic,55.0,True,False,1,5.0
110293,2024-04-24,Wales,Affiliate,50.0,True,True,0,4.0
110294,2024-03-20,West Midlands,Social,67.0,False,True,1,4.8
110295,2023-12-08,North East,Organic,53.0,True,True,1,5.0
110296,2025-01-24,South West,Referral,64.0,False,True,1,3.7
110297,2024-09-08,Scotland,Paid Search,26.0,False,False,1,5.0
110298,2024-10-26,Wales,Organic,51.0,True,True,0,4.4
110299,2023-09-29,North East,Paid Search,61.0,True,False,1,4.2
110300,2024-04-12,Wales,Affiliate,31.0,True,False,0,4.2
110301,2023-07-23,Scotland,Referral,18.0,True,False,1,4.2
110302,2024-11-17,North West,Social,25.0,False,True,1,5.0
110303,2025-01-08,South East,Organic,32.0,True,False,3,3.6
110304,2023-04-13,Wales,Organic,48.0,True,False,0,3.5
110305,2024-04-26,South West,Social,34.0,False,False,1,4.1
110306,2024-05-17,South West,Social,41.0,False,False,1,4.1
110307,2023-02-11,LONDON,Paid Search,33.0,False,True,0,4.6
110308,2024-11-08,North East,Paid Search,39.0,False,False,0,4.3
110309,2023-05-31,South East,Referral,40.0,False,True,2,3.9
110310,2024-01-31,Yorkshire,Social,33.0,True,True,0,
110311,2025-01-24,North East,Paid Search,52.0,True,False,2,4.4
110312,2024-08-11,North West,Affiliate,59.0,False,True,4,
110313,2024-02-02,Yorkshire,Organic,26.0,False,False,0,3.2
110314,2024-10-15,Wales,Email,44.0,True,False,2,4.0
110315,2025-01-24,North West,Paid Search,22.0,False,False,0,3.5
110316,2024-02-27,South East,Affiliate,18.0,False,True,2,3.6
110317,2024-05-08,Scotland,Paid Search,54.0,True,True,0,3.9
110318,2023-07-29,South West,Affiliate,67.0,False,False,2,
110319,2024-01-26,Yorkshire,Email,,False,False,0,3.0
110320,2025-01-24,Scotland,Paid Search,65.0,False,False,2,4.5
110321,2024-08-05,East of England,Paid Search,33.0,False,False,0,3.8
110322,2023-04-28,London,Referral,38.0,False,False,1,3.0
110323,2024-06-03,West Midlands,Paid Search,63.0,True,False,0,4.5
110324,2023-03-28,Wales,Paid Search,29.0,True,True,0,
110325,2023-07-20,West Midlands,Social,53.0,False,True,0,4.5
110326,2023-12-11,North East,Paid Search,36.0,False,True,0,5.0
110327,2024-01-02,Yorkshire,Social,32.0,False,False,0,5.0
110328,2024-02-25,North East,Social,34.0,True,False,1,4.1
110329,2023-10-05,East of England,Paid Search,18.0,False,False,3,3.0
110330,2024-03-20,Scotland,Organic,57.0,True,False,2,3.9
110331,2024-03-02,North East,Paid Search,44.0,False,True,0,3.7
110332,2023-10-01,North West,Affiliate,39.0,True,False,2,3.5
110333,2022-11-13,West Midlands,Paid Search,32.0,False,True,0,4.0
110334,2024-08-06,South West,Email,45.0,True,False,2,2.6
110335,2024-02-19,Wales,Social,52.0,False,True,0,4.0
110336,2024-02-27,South East,Email,37.0,False,False,0,4.3
110337,2023-03-05,North East,Organic,54.0,True,False,1,4.6
110338,2024-03-11,Scotland,Paid Search,45.0,False,True,0,3.2
110339,2025-01-24,West Midlands,Social,40.0,False,False,0,5.0
110340,2024-03-27,South East,Email,53.0,True,True,1,4.9
110341,2023-03-20,London,Email,34.0,True,False,1,2.4
110342,2022-11-13,Yorkshire,Paid Search,25.0,False,False,1,3.0
110343,2023-10-09,East of England,Email,40.0,True,True,1,3.5
110344,2024-07-09,London,Paid Search,41.0,True,False,0,4.5
110345,2024-06-15,North East,Social,38.0,False,True,0,4.7
110346,2024-05-24,Yorkshire,Social,56.0,True,False,0,3.5
110347,2024-07-25,LONDON,Paid Search,48.0,True,True,0,5.0
110348,2024-05-21,Wales,Affiliate,40.0,True,True,1,3.0
110349,2025-01-24,South East,Social,41.0,True,True,1,5.0
110350,2023-07-04,East of England,Paid Search,42.0,True,False,1,2.5
110351,2025-01-03,East of England,Paid Search,48.0,False,True,1,
110352,2023-12-15,Wales,Email,42.0,True,True,0,
110353,2025-01-24,,Referral,39.0,True,True,1,5.0
110354,2024-05-14,North East,Paid Search,24.0,False,True,0,5.0
110355,2024-12-29,London,Paid Search,,False,True,2,3.9
110356,2024-05-16,West Midlands,Social,45.0,True,False,1,3.0
110357,2024-05-28,WEST MIDLANDS,Organic,43.0,True,False,1,5.0
110358,2025-01-24,West Midlands,Organic,22.0,True,True,2,3.9
110359,2025-01-24,North West,Organic,34.0,True,True,1,5.0
110360,2024-04-09,North West,Social,29.0,True,False,1,5.0
110361,2024-04-02,North East,Paid Search,59.0,False,False,2,4.5
110362,2023-12-31,Wales,Organic,44.0,False,False,1,
110363,2025-01-24,EAST OF ENGLAND,Paid Search,47.0,True,False,1,3.3
110364,2023-08-04,Yorkshire,Paid Search,40.0,True,True,0,4.6
110365,2024-04-02,Scotland,Affiliate,33.0,False,True,1,
110366,2024-07-18,East of England,Paid Search,35.0,True,True,2,5.0
110367,2024-08-20,Wales,Paid Search,47.0,False,True,0,4.6
110368,2025-01-24,Scotland,Referral,,False,True,0,
110369,2023-07-11,Yorkshire,Affiliate,48.0,False,True,2,
110370,2024-01-28,North East,Referral,43.0,False,True,0,3.5
110371,2023-09-05,North East,Paid Search,45.0,True,False,1,4.5
110372,2022-12-09,North West,Social,46.0,False,True,1,
110373,2025-01-24,NORTH WEST,Email,34.0,True,True,0,4.9
110374,2024-02-23,North West,Email,37.0,False,True,1,5.0
110375,2024-05-27,London,Paid Search,53.0,True,False,1,4.2
110376,2024-07-29,East of England,Organic,65.0,False,True,1,2.5
110377,2024-02-28,Scotland,Paid Search,53.0,True,False,2,5.0
110378,2024-01-07,,Social,18.0,True,False,0,5.0
110379,2023-02-16,North West,Organic,31.0,True,False,0,3.4
110380,2025-01-24,Yorkshire,Social,42.0,True,True,1,
110381,2025-01-23,Wales,Social,,True,True,1,4.9
110382,2022-05-07,East of England,Referral,26.0,True,False,0,3.2
110383,2024-06-13,Yorkshire,Affiliate,,False,False,1,3.0
110384,2024-11-04,South East,Email,45.0,False,False,0,3.2
110385,2023-11-07,North West,Paid Search,49.0,False,False,1,3.6
110386,2023-12-17,South West,Referral,36.0,False,False,1,4.7
110387,2023-11-25,South West,Paid Search,35.0,True,True,3,4.2
110388,2024-12-18,Wales,Paid Search,30.0,False,False,1,4.9
110389,2024-02-10,Yorkshire,Organic,48.0,True,True,2,4.6
110390,2025-01-24,North West,Email,47.0,True,True,0,5.0
110391,2023-08-20,YORKSHIRE,Paid Search,53.0,False,True,0,4.2
110392,2023-11-20,Wales,Organic,43.0,False,False,0,3.1
110393,2025-01-24,South East,Paid Search,24.0,True,False,1,3.7
110394,2024-12-05,Wales,Social,36.0,True,True,1,5.0
110395,2024-08-07,North East,Email,52.0,False,False,1,4.4
110396,2023-04-25,Wales,Social,18.0,True,False,0,3.6
110397,2023-11-09,East of England,Organic,40.0,True,False,1,3.7
110398,2022-10-01,Scotland,Referral,45.0,True,True,2,4.0
110399,2025-01-23,Wales,Organic,67.0,True,False,1,3.7
110400,2023-02-22,South East,Organic,33.0,False,False,1,
110401,2023-08-03,,Social,39.0,False,True,1,3.9
110402,2023-12-31,Scotland,Email,63.0,False,True,1,5.0
110403,2024-04-11,Yorkshire,Email,33.0,False,False,2,
110404,2024-02-18,Scotland,Paid Search,55.0,True,False,1,
110405,2024-06-17,London,Referral,46.0,True,True,0,4.7
110406,2025-01-24,North East,Organic,38.0,True,True,1,2.8
110407,2024-10-01,EAST OF ENGLAND,Referral,47.0,True,False,0,4.1
110408,2024-04-16,East of England,Social,39.0,False,False,2,4.0
110409,2024-02-21,South East,Organic,70.0,False,False,1,2.5
110410,2023-12-09,South West,Paid Search,18.0,True,True,0,2.4
110411,2023-06-28,North East,Organic,37.0,False,False,1,5.0
110412,2023-11-03,Wales,Organic,38.0,True,False,1,4.0
110413,2024-05-24,North West,Referral,39.0,True,True,1,4.1
110414,2023-07-14,South East,Referral,55.0,True,True,0,3.7
110415,2024-01-22,West Midlands,Organic,35.0,True,False,0,
110416,2024-02-29,London,Referral,47.0,False,True,2,2.7
110417,2023-06-01,Yorkshire,Referral,44.0,False,True,1,4.8
110418,2023-10-06,Scotland,Affiliate,52.0,False,False,0,5.0
110419,2025-01-24,Yorkshire,Organic,,False,False,0,3.3
110420,2024-09-16,North East,Paid Search,45.0,False,False,1,3.1
110421,2023-11-19,East of England,Affiliate,39.0,True,True,1,4.3
110422,2024-12-08,Scotland,Social,28.0,False,True,0,4.6
110423,2023-05-29,South West,Organic,62.0,True,False,0,2.8
110424,2024-04-23,West Midlands,Organic,31.0,False,True,1,3.7
110425,2024-07-18,South West,Paid Search,35.0,False,False,1,5.0
110426,2022-10-26,North East,Paid Search,30.0,True,False,1,5.0
110427,2025-01-24,North East,Organic,46.0,True,False,2,3.9
110428,2024-08-19,Yorkshire,Social,35.0,True,False,0,4.1
110429,2025-01-24,Scotland,Social,61.0,True,True,0,4.3
110430,2022-09-29,West Midlands,Social,48.0,False,True,1,
110431,2023-05-05,Yorkshire,Paid Search,,False,False,2,3.3
110432,2024-10-05,NORTH EAST,Paid Search,29.0,True,False,0,
110433,2024-08-31,Wales,Organic,40.0,False,True,1,5.0
110434,2023-11-26,East of England,Paid Search,48.0,True,False,1,4.4
110435,2023-10-22,North West,Referral,40.0,False,False,2,4.5
110436,2023-12-14,West Midlands,Organic,39.0,False,True,5,3.8
110437,2023-08-12,North West,Organic,28.0,False,False,1,3.6
110438,2023-05-09,South East,Social,70.0,True,False,1,2.3
110439,2024-09-26,London,Social,38.0,False,False,0,2.7
110440,2023-11-04,South West,Paid Search,23.0,False,False,0,3.0
110441,2024-10-24,South West,Email,27.0,False,False,0,
110442,2023-10-04,South East,Paid Search,37.0,True,True,2,3.1
110443,2025-01-24,East of England,Organic,66.0,False,False,1,3.4
110444,2024-06-18,South East,Organic,,True,True,1,1.9
110445,2023-09-03,North West,Social,36.0,False,False,1,4.6
110446,2024-06-16,North West,Email,52.0,False,False,1,
110447,2023-06-02,South East,Email,53.0,True,False,3,4.0
110448,2023-04-30,South West,Social,50.0,True,True,0,3.3
110449,2023-12-13,London,Paid Search,44.0,False,True,1,4.8
110450,2025-01-24,Scotland,Email,,False,True,0,2.3
110451,2024-07-15,Scotland,Organic,31.0,False,False,1,3.9
110452,2025-01-24,Yorkshire,Social,20.0,False,True,0,3.5
110453,2023-10-19,South East,Organic,38.0,False,True,0,3.6
110454,2024-05-19,Scotland,Organic,35.0,True,True,2,
110455,2025-01-24,South West,Email,34.0,True,False,0,3.8
110456,2024-05-20,West Midlands,Social,45.0,False,True,3,5.0
110457,2024-02-05,North East,Referral,,True,False,1,4.5
110458,2023-11-18,SCOTLAND,Email,37.0,False,True,0,5.0
110459,2023-11-28,South West,Organic,35.0,True,False,1,4.3
110460,2023-10-29,South East,Paid Search,41.0,True,False,0,
110461,2024-12-11,Wales,Paid Search,46.0,False,False,4,3.8
110462,2023-04-03,Scotland,Paid Search,24.0,False,True,3,2.4
110463,2024-09-17,NORTH EAST,Organic,,True,False,1,5.0
110464,2023-02-14,South West,Paid Search,44.0,True,False,1,3.8
110465,2023-07-27,South West,Social,46.0,False,False,0,1.5
110466,2023-09-09,South East,Organic,43.0,False,True,0,2.9
110467,2024-07-04,Yorkshire,Paid Search,46.0,True,True,2,
110468,2024-07-30,South West,Organic,36.0,True,True,1,3.2
110469,2024-12-27,Wales,Email,47.0,False,False,0,4.4
110470,2023-11-11,West Midlands,Organic,56.0,False,False,0,2.0
110471,2023-12-12,Yorkshire,Referral,35.0,False,False,1,5.0
110472,2025-01-24,South East,Referral,35.0,False,False,1,
110473,2024-10-30,Scotland,Referral,49.0,False,False,0,3.7
110474,2023-12-20,Scotland,Social,34.0,False,True,0,3.8
110475,2023-02-13,London,Email,32.0,True,False,1,2.9
110476,2024-11-08,North East,Organic,46.0,False,True,1,4.5
110477,2023-11-19,East of England,Email,35.0,False,False,2,2.6
110478,2023-12-07,South East,Paid Search,57.0,True,False,1,5.0
110479,2023-04-06,Wales,Paid Search,,True,True,1,2.1
110480,2023-08-13,East of England,Affiliate,30.0,True,False,0,3.0
110481,2023-03-15,East of England,Social,41.0,False,False,0,3.3
110482,2024-05-17,North East,Paid Search,47.0,False,False,0,4.9
110483,2024-05-13,Scotland,Paid Search,45.0,True,False,0,2.8
110484,2023-10-18,West Midlands,Organic,48.0,False,True,2,5.0
110485,2023-08-26,East of England,Referral,34.0,False,False,0,5.0
110486,2023-06-15,Wales,Referral,56.0,False,False,0,2.6
110487,2023-12-11,Wales,Paid Search,19.0,False,False,1,2.2
110488,2023-03-22,South West,Paid Search,31.0,False,False,0,2.8
110489,2023-07-23,South West,Paid Search,41.0,True,True,0,4.0
110490,2023-04-21,London,Social,32.0,False,False,1,3.7
110491,2023-11-30,Scotland,Social,37.0,False,True,1,3.6
110492,2024-09-15,West Midlands,Email,28.0,False,True,3,3.7
110493,2024-07-30,West Midlands,Social,38.0,False,False,1,4.2
110494,2023-11-04,Wales,Paid Search,47.0,False,False,0,1.6
110495,2023-07-13,West Midlands,Paid Search,34.0,False,True,4,2.4
110496,2023-02-08,Wales,Organic,30.0,True,True,1,5.0
110497,2025-01-24,North East,Email,35.0,True,True,1,4.0
110498,2023-10-26,Scotland,Social,55.0,True,False,1,3.8
110499,2025-01-24,South East,Affiliate,55.0,True,False,2,2.7
106050,2023-08-20,Yorkshire,Social,42.0,True,False,1,4.9
102221,2023-11-07,Scotland,Social,63.0,False,True,0,3.0
106177,2024-04-22,North East,Social,32.0,True,True,0,4.4
102715,2023-12-15,,Social,39.0,True,True,0,3.2
100903,2024-04-30,Scotland,Paid Search,49.0,True,False,0,3.6
102971,2024-11-23,East of England,Referral,18.0,True,False,2,5.0
108302,2023-02-07,Wales,Paid Search,33.0,True,False,0,3.8
108330,2024-06-08,West Midlands,Referral,35.0,True,False,2,
103108,2023-11-21,South East,Organic,47.0,True,False,2,
106403,2024-02-22,North East,Social,34.0,True,True,1,3.9
107501,2025-01-24,South West,Paid Search,24.0,True,False,0,3.5
107371,2024-07-11,Wales,Organic,58.0,False,False,0,3.2
105232,2024-07-14,West Midlands,Social,55.0,False,True,0,5.0
107622,2023-03-23,East of England,Organic,27.0,True,True,3,3.1
106027,2024-02-08,North West,Social,57.0,False,True,0,2.5
109522,2023-07-15,EAST OF ENGLAND,Social,,False,True,2,
106661,2023-08-23,East of England,Social,,True,True,1,2.6
106882,2024-03-07,Scotland,Paid Search,35.0,True,False,0,5.0
102245,2023-05-26,London,Social,46.0,False,False,2,4.3
101950,2023-08-21,South East,Organic,50.0,False,False,0,2.1
107856,2023-07-29,North West,Paid Search,50.0,False,False,0,5.0
106037,2025-01-24,South East,Paid Search,35.0,True,False,3,4.4
106418,2023-12-30,North West,Email,34.0,True,False,1,
109992,2024-07-01,Scotland,Organic,32.0,True,False,1,3.8
100320,2023-04-18,Wales,Organic,18.0,True,True,2,3.1
103027,2023-08-07,East of England,Email,36.0,True,False,2,2.4
109358,2023-11-16,East of England,Social,44.0,False,False,1,5.0
103921,2023-02-02,North West,Paid Search,49.0,True,True,1,1.0
102424,2023-09-27,Yorkshire,Organic,30.0,True,True,4,1.8
102517,2024-03-08,SOUTH WEST,Organic,32.0,True,True,1,3.9
108065,2023-07-11,South East,Referral,57.0,True,True,0,2.5
100733,2023-12-13,South West,Email,54.0,True,False,3,5.0
